English,assamese,bengali,gujarati,hindi,kannada,malayalam,meitei,marathi,oriya,punjabi,tamil,telugu,urdu
He held the position as the Chief Minister of Tamil Nadu five times.,তেওঁৰ বিয়োগত তামিলনাডুৰ জনসাধাৰণে তেওঁলোকৰ এগৰাকী অতি জনপ্ৰিয় নেতা হেৰুৱালে৷,তিনি পাঁচ বার তামিলনাড়ুর মুখ্যমন্ত্রী পদে দায়িত্ব পালন করেছেন।,તેઓ પાંચ વાર તમિલનાડુનાં મુખ્યમંત્રી બન્યાં હતાં.,वे पांच बार तमिलनाडु के मुख्‍यमंत्री रहे।,ನಂತರ ಐದು ಬಾರಿ ಅವರು ತಮಿಳುನಾಡು ಮುಖ್ಯಮಂತ್ರಿ ಸ್ಥಾನವನ್ನು ನಿರ್ವಹಿಸಿದ್ದರು.,അഞ്ചുതവണ തമിഴ്‌നാട് മുഖ്യമന്ത്രിസ്ഥാനം അദ്ദേഹം വഹിച്ചിട്ടുണ്ട്.,মহাক মঙারক হন্না তমিলনাদুগী মুখ্য মন্ত্রী ওইখি।,त्यांनी पाचवेळा तामिळनाडूचे मुख्यमंत्रीपद भूषवले.,ସେ ପାଞ୍ଚ ଥର ତାମିଲନାଡ଼ୁର ମୁଖ୍ୟମନ୍ତ୍ରୀ ରହିଥିଲେ ।,ਉਹ ਪੰਜ ਵਾਰ ਤਮਿਲਨਾਡੂ ਦੇ ਮੁੱਖ ਮੰਤਰੀ ਰਹੇ।,தமிழ்நாட்டில் முதலமைச்சராக அவர் ஐந்து முறை பதவி வகித்துள்ளார்.,త‌మిళ‌నాడు రాష్ట్ర ముఖ్య‌మంత్రిగా ఆయ‌న ఐదు ప‌ర్యాయాలు ప‌నిచేశారు.,وہ پانچ مرتبہ تامل ناڈو کے وزیراعلی رہے۔
These include: Pradhan Mantri Awas Yojana (Urban); Atal Mission for Rejuvenation of Urban Transfornation (AMRUT); and the Smart Cities Mission.,সেইবোৰ হ’ল-প্ৰধানমন্ত্ৰী আৱাস যোজনা(নগৰ); নগৰ পৰিৱৰ্তনৰ পুনৰু্জ্জীৱিতকৰণ বাবে অটল অভিযান(আমৰুট) আৰু স্মাৰ্ট চিটী মিচন।,"এগুলি হ’ল – প্রধানমন্ত্রী আবাস যোজনা (পুর), পুর অঞ্চলের রূপান্তর ও পুনরুজ্জীবনের জন্য অটল মিশন (অম্রুত) এবং স্মার্ট সিটি মিশন।","શહેરી વિકાસ અંતર્ગત પ્રધાનમંત્રી આવાસ યોજના, અમૃત અને સ્માર્ટ સિટી યોજનાઓ સામેલ છે.","शहरी विकास के तहत प्रधानमंत्री आवास योजना, अमृत और स्‍मार्ट सिटी योजनाएं शामिल हैं।","ಅವುಗಳೆಂದರೆ ಪ್ರಧಾನ ಮಂತ್ರಿ ಆವಾಸ್ ಯೋಜನಾ (ನಗರ) , ಅಟಲ್ ನಗರ ಪರಿವರ್ತನೆ ಪುನರುತ್ಥಾನ ಯೋಜನೆ,(ಅಮೃತ್) ಮತ್ತು ಸ್ಮಾರ್ಟ್ ಸಿಟಿ ಯೋಜನೆಗಳು.","പ്രധാനമന്ത്രി ആവാസ് യോജന (അര്‍ബന്‍), അടല്‍ മിഷന്‍ ഫോര്‍ റീജുവനേഷന്‍ ഓഫ് അര്‍ബന്‍ ട്രാന്‍സ്ഫര്‍മേഷന്‍ (അമൃത്), സ്മാര്‍ട് സിറ്റികള്‍ എന്നിവയാണവ.",স্কিমশিং অদুদি : প্রধান মন্ত্রী অৱাস য়োজনা(অরবান); অতল মিশন ফোর রিজুবেনেসন ওফ অরবান ত্রান্সফোরমেসন (অমরুত); অমসুং স্মার্ত সিতি মিশননি ।,"यात प्रधानमंत्री आवास योजना, अमृत योजना आणि स्मार्ट सिटी मिशनचा समावेश आहे.","ଏଥି ମଧ୍ୟରେ ସହରୀ ବିକାଶ ଅନ୍ତର୍ଗତ ପ୍ରଧାନମନ୍ତ୍ରୀ ଆବାସ ଯୋଜନା (ସହର), ସହରାଂଚଳକୁ ନୂତନ ରୂପାନ୍ତରଣ କରିବା ପାଇଁ ଅଟଳ ମିଶନ (AMRUT) ଏବଂ ସ୍ମାର୍ଟ ସିଟି ମିଶନ ଯୋଜନାକୁ ସାମିଲ କରାଯାଇଛି ।","ਇਹ ਪਹਿਲਾਂ ਹਨ – ਪ੍ਰਧਾਨ ਮੰਤਰੀ ਆਵਾਸ ਯੋਜਨਾ (ਸ਼ਹਿਰੀ), ਸ਼ਹਿਰੀ ਪਰਿਵਰਤਨ ਦੇ ਕਾਇਆਕਲਪ ਲਈ (ਅਮਰੁਤ) ਅਤੇ ਸਮਾਰਟ ਸਿਟੀਜ਼ ਮਿਸ਼ਨ।",பிரதம மந்திரி வீட்டுவசதி திட்டம் (நகர்ப்புறம்); நகர்ப்புற மாற்றியமைப்பு மற்றும் புத்துயிரூட்டலுக்கான அடல் திட்டம் (அம்ருத்); பொலிவுறு நகரங்கள் திட்டம் ஆகியவையே இந்த மூன்று திட்டங்கள்.,"ఫ్లాగ్‌షిప్ కార్య‌క్ర‌మాలైన‌ అట‌ల్ మిష‌న్ ఫ‌ర్ రెజువినేష‌న్ ఆఫ్ అర్బ‌న్ ట్రాన్స్‌ఫ‌ర్మేష‌న్ (అమృత్‌), స్మార్ట్ సిటీస్ మిష‌న్‌,ప్ర‌ధాన‌మంత్రి ఆవాస్‌యోజ‌న (అర్బ‌న్‌) వంటి మూడు న‌గ‌రాభివృద్ధి ప‌థ‌కాల‌ తృతీయ వార్షికోత్స‌వం సంద‌ర్భంగా ఈ కార్య‌క్ర‌మాన్ని ఏర్పాటు చేశారు.",یہ تین اسکیمیں ہیں : پردھان منتری آواس یوجنا (شہری)؛ شہروں کی تصویر بدلنے سے متعلق اٹل مشن کا احیا (اے ایم آر یو ٹی) اور اسمارٹ سٹیز مشن ۔
"Prime Minister, Shri Narendra Modi paid tributes to Mahatma Gandhi and Lal Bahadur Shastri on their birth anniversary.",মহাত্মা গান্ধী আৰু লাল বাহাদুৰ শাস্ত্ৰীৰ জন্ম বাৰ্ষিকী উপলক্ষে প্ৰধানমন্ত্ৰী শ্ৰী নৰেন্দ্ৰ মোদীয়ে শ্ৰদ্ধাঞ্জলি জনায়।,"প্রধানমন্ত্রী শ্রী নরেন্দ্র মোদী মহাত্মা গান্ধী এবং লাল বাহাদুর শাস্তীর জন্মজয়ন্তীতে শ্রদ্ধা অর্পণ করে বলেছেন,",પ્રધાનમંત્રી શ્રી નરેન્દ્ર મોદીએ મહાત્મા ગાંધી અને લાલ બહાદૂર શાસ્ત્રીને અમની જન્મજયંતી પર શ્રદ્ધાંજલિ અર્પણ કરી.,प्रधानमंत्री श्री नरेंद्र मोदी ने महात्मा गांधी और लाल बहादुर शास्त्री को उनकी जयंती के अवसर पर श्रद्धांजलि अर्पित की।,ಮಹತ್ಮಾ ಗಾಂಧಿ ಮತ್ತು ಲಾಲ್ ಬಹಾದುರ್ ಶಾಸ್ತ್ರಿ ಅವರುಗಳ ಜನ್ಮದಿನದಂದು (ಜಯಂತಿ) ಪ್ರಧಾನಮಂತ್ರಿ ಶ್ರೀ ನರೇಂದ್ರ ಮೋದಿ ಅವರಿಗೆ ಗೌರವ ನಮನ ಸಲ್ಲಿಸಿದರು.,ജന്മദിനത്തില്‍ മഹാത്മാ ഗാന്ധിക്കും ലാല്‍ ബഹദൂര്‍ ശാസ്ത്രിക്കും പ്രധാനമന്ത്രി ശ്രീ.,প্রধানমন্ত্রী শ্রী নরেন্দ্র মোদীনা মহাত্মা গান্ধী অমসুং লাল বহাদুর শাস্ত্রিগী মপোক নুমীৎ লাকপদা মফমদা ইকায় খুম্নবা উৎখ্রে ।,पंतप्रधान नरेंद्र मोदी यांनी राष्ट्रपिता महात्मा गांधी आणि पूर्व पंतप्रधान लाल बहादूर शास्त्री यांच्या जयंती निमित्त भावपूर्ण श्रद्धांजली अर्पण केली.,ମହାତ୍ମା ଗାନ୍ଧୀ ଏବଂ ଲାଲ ବାହାଦୁର ଶାସ୍ତ୍ରୀଙ୍କ ଜନ୍ମ ବାର୍ଷିକୀରେ ପ୍ରଧାନମନ୍ତ୍ରୀ ଶ୍ରୀ ନରେନ୍ଦ୍ର ମୋଦୀ ଶ୍ରଦ୍ଧାଞ୍ଜଳି ଜଣାଇଛନ୍ତି ।,"ਪ੍ਰਧਾਨ ਮੰਤਰੀ, ਸ਼੍ਰੀ ਨਰੇਂਦਰ ਮੋਦੀ ਨੇ ਮਹਾਤਮਾ ਗਾਂਧੀ ਅਤੇ ਲਾਲ ਬਹਾਦੁਰ ਸ਼ਾਸਤਰੀ ਦੀ ਜਨਮ ਵਰ੍ਹੇਗੰਢ ‘ਤੇ ਉਨ੍ਹਾਂ ਨੂੰ ਸ਼ਰਧਾਂਜਲੀਆਂ ਦਿੱਤੀਆਂ।",மகாத்மா காந்தி மற்றும் லால் பகதூர் சாஸ்திரியின் பிறந்த நாளை ஒட்டி அவர்களுக்கு பிரதமர் மரியாதை செலுத்தினார்.,"మ‌హాత్మ గాంధీ కి, లాల్ బహాదుర్ శాస్త్రి గారికి వారి జ‌యంతి సంద‌ర్భంగా ప్ర‌ధాన మంత్రి శ్రీ న‌రేంద్ర మోదీ నివాళులు అర్పించారు.",نئی دہلی ،2اکتوبر :وزیراعظم ، جناب نریندرمودی نے مہاتماگاندھی اورلال بہادرشاستری کو ان کی پیدائش کی سالگرہ پرخراج عقیدت پیش کیاہے ۔
"The Prime Minister praised the Vice President for his oratory and his way with words, be it English or Telugu.",প্ৰধানমন্ত্ৰীয়ে ইংৰাজী অথবা তেলেগু ভাষাত ভেংকায়া নাইডু ডাঙৰীয়াই ব্যৱহাৰ কৰা শব্দাৱলীৰ প্ৰশংসা কৰে।,শ্রী মোদী রাষ্ট্রপতির ইংরেজী ও তেলেগু ভাষায় বাঙ্মিতার প্রশংসা করেন।,પ્રધાનમંત્રીએ ઉપરાષ્ટ્રપતિની તેમના વકતૃત્વ માટે પ્રશંસા કરી પછી તે અંગ્રેજી હોય કે તેલુગુ હોય.,"प्रधानमंत्री ने उपराष्ट्रपति की भाषण कला एवं उनके द्वारा प्रयोग किए जाने वाले शब्दों की सराहना की, चाहे वह अंग्रेजी हो या फिर तेलुगू।","ಇಂಗ್ಲೀಷ್ ಆಗಲಿ ಅಥವಾ ತೆಲುಗು ಆಗಿರಲಿ, ಉಪರಾಷ್ಟ್ರಪತಿ ಅವರ ಮಾತುಗಾರಿಕೆಯನ್ನು ಮತ್ತು ಭಾಷೆಯಲ್ಲಿ ಶಬ್ದಗಳನ್ನು ಬಳಸುವ ವಿಧಾನವನ್ನು ಮೆಚ್ಚಲೇಬೇಕು ಎಂದು ಪ್ರಧಾನಮಂತ್ರಿ ಪ್ರಶಂಸಿಸಿದರು.",ഇംഗ്ലീഷിലായാലും തെലുങ്കിലായാലും മികച്ച രീതിയില്‍ പ്രസംഗിക്കാനുള്ള ഉപരാഷ്ട്രപതിയുടെ കഴിവിനെ പ്രധാനമന്ത്രി അഭിനന്ദിച്ചു.,প্রধান মন্ত্রীনা উপরাস্ত্রপতিগী ৱা ঙাংবগী কলা অমসুং ইংলিস্তবু ওইরো নত্রগা তেলুগুদবু ওইরো মহাক্না শিজিন্নবা ৱাহৈ-ৱতাশিং অদুবু থাগৎখি।,"पंतप्रधानांनी उपराष्ट्रपतींच्या भाषण शैलीची आणि कार्यक्रमातील भाषणात ते करत असलेल्या शब्द फेकीची प्रशंसा केली, मग ती इंग्रजी असो किंवा तेलगू असो.","ପ୍ରଧାନମନ୍ତ୍ରୀ, ଉପରାଷ୍ଟ୍ରପତିଙ୍କ ଭାଷଣ କଳା ତାହା ଇଂରାଜୀରେ ହେଉ ଅବା ତେଲୁଗୁରେ, ତାଙ୍କ ଦ୍ୱାରା ପ୍ରୟୋଗ କରାଯାଉଥିବା ଶବ୍ଦଗୁଡିକର ପ୍ରଶଂସା କରିଥିଲେ ।","ਪ੍ਰਧਾਨ ਮੰਤਰੀ ਨੇ ਉਪ ਰਾਸ਼ਟਰਪਤੀ ਦੀ ਭਾਸ਼ਣ ਕਲਾ ਅਤੇ ਉਨ੍ਹਾਂ ਵੱਲੋਂ ਵਰਤੇ ਜਾਣ ਵਾਲੇ ਸ਼ਬਦਾਂ ਦੀ ਸ਼ਲਾਘਾ ਕੀਤੀ, ਭਾਵੇਂ ਉਹ ਅੰਗਰੇਜ਼ੀ ਹੋਵੇ ਜਾਂ ਫਿਰ ਤੇਲੁਗੂ।",குடியரசு துணைத் தலைவரின் பேச்சாற்றல் குறித்தும் ஆங்கிலம் அல்லது தெலுங்கு ஆகிய மொழிகளில் அவரது வார்த்தை விளையாட்டை பிரதமர் புகழ்ந்தார்.,"ఉప రాష్ట్రప‌తి మౌఖిక ప్రావీణ్యాన్ని గురించి, తెలుగు లో గాని, ఇంగ్లిషు లో గాని ప‌దాల‌ తో ఆయన చేసే చ‌మ‌క్కులను గురించి ప్ర‌ధాన మంత్రి ప్ర‌శంసలు కురిపించారు.",وزیراعظم نے نائب صدر جمہوریہ کے خطاب کے ہنر اور ان کے ذریعے استعمال کیے جانے والے جملوں کی ستائش کی، چاہے وہ انگریزی ہو یا پھر تلگو۔
"The Prime Minister, Shri Narendra Modi, will visit Manipur on 16 March, 2018.",প্ৰধানমন্ত্ৰী শ্ৰী নৰেন্দ্ৰ মোদীয়ে ১৬ মাৰ্চত মণিপুৰ ভ্ৰমণ কৰিব৷,"আগামীকাল, অর্থাৎ ১৬ মার্চ মণিপুর সফরে যাচ্ছেন প্রধানমন্ত্রী শ্রীনরেন্দ্র মোদী।","પ્રધાનમંત્રી શ્રી નરેન્દ્ર મોદી 16 માર્ચ, 2018ના રોજ મણિપુરની મુલાકાતે જશે","प्रधानमंत्री श्री नरेन्‍द्र मोदी 16 मार्च, 2018 को मणिपुर का दौरा करेंगे।",ಪ್ರಧಾನಮಂತ್ರಿ ಶ್ರೀ ನರೇಂದ್ರ ಮೋದಿ ಅವರು 2018ರ ಮಾರ್ಚ್ 16ರಂದು ಮಣಿಪುರಕ್ಕೆ ಭೇಟಿ ನೀಡಲಿದ್ದಾರೆ.,നരേന്ദ്ര മോദി നാളെ (2018 മാര്‍ച്ച് 16) മണിപ്പൂര്‍ സന്ദര്‍ശിക്കും.,২০১৮গী মার্চ ১৬তা প্রধান মন্ত্রী নরেন্দ্র মোদী মণিপুরদা চৎকনি ২০১৮গী মার্চ ১৬তা প্রধান মন্ত্রী শ্রী নরেন্দ্র মোদী মণিপুরদা চৎকনি।,पंतप्रधान नरेंद्र मोदी 16 मार्च 2018 रोजी मणिपूरला भेट देणार आहेत.,ପ୍ରଧାନମନ୍ତ୍ରୀ ଶ୍ରୀ ନରେନ୍ଦ୍ର ମୋଦୀ 16 ମାର୍ଚ୍ଚ 2018ରେ ମଣିପୁର ଗସ୍ତ କରିବେ ।,"ਪ੍ਰਧਾਨ ਮੰਤਰੀ ਸ਼੍ਰੀ ਨਰੇਂਦਰ ਮੋਦੀ 16 ਮਾਰਚ, 2018 ਨੂੰ ਮਣੀਪੁਰ ਜਾਣਗੇ।","மார்ச் 16, 2018 அன்று பிரதமர் நரேந்திர மோடி மணிப்பூர் பயணம் மேற்கொள்ள உள்ளார்.","ప్ర‌ధాన మంత్రి శ్రీ న‌రేంద్ర మోదీ 2018, మార్చి 16వ తేదీ నాడు మ‌ణిపుర్ లో ప‌ర్య‌టించ‌నున్నారు.",نئی دہلی،15مارچ / وزیراعظم جناب نریندر مودی 16 مارچ 2018 کو منی پور کا دورہ کریں گے۔
The Prime Minister spoke of Mahatma Gandhi’s commitment to Swachhta.,প্ৰধানমন্ত্ৰীয়ে মহাত্মা গান্ধীৰ স্বচ্ছতাৰ প্ৰতি থকা প্ৰতিজ্ঞাবদ্ধতাৰ বিষয়েও উল্লেখ কৰে।,"প্রধানমন্ত্রী, মহাত্মা গান্ধীর স্বচ্ছতার প্রতি দায়বদ্ধতা সম্বন্ধে বলেন।",પ્રધાનમંત્રીએ મહાત્મા ગાંધીના સ્વચ્છતા પ્રત્યેના આગ્રહ વિષે પણ વાત કરી હતી.,प्रधानमंत्री ने स्वच्छता के प्रति महात्मा गांधी के संकल्प की चर्चा की।,ಪ್ರಧಾನಮಂತ್ರಿಗಳು ಸ್ವಚ್ಛತೆಯ ಬಗ್ಗೆ ಮಹಾತ್ಮಾ ಗಾಂಧೀಜಿಯವರಿಗೆ ಇದ್ದ ಬದ್ಧತೆಯ ಕುರಿತು ಮಾತನಾಡಿದರು.,ശുചിത്വത്തിനോടുള്ള മഹാത്മാ ഗാന്ധിയുടെ പ്രതിബദ്ധതയെക്കുറിച്ച് പ്രധാനമന്ത്രി സംസാരിച്ചു.,লু-নানবগী মতাংদা মহাত্মা গান্ধীনা লৌবীরম্বা ৱারেপ অদু প্রধান মন্ত্রীনা ফোংদোকখি।,महात्मा गांधीजींची स्वच्छतेसाठीची कटिबद्धता पंतप्रधानांनी विषद केली.,ପ୍ରଧାନମନ୍ତ୍ରୀ ସ୍ୱଚ୍ଛତା ପ୍ରତି ମହାତ୍ମା ଗାନ୍ଧୀଙ୍କ ସଂକଳ୍ପ ବିଷୟରେ ଆଲୋଚନା କରିଥିଲେ ।,ਪ੍ਰਧਾਨ ਮੰਤਰੀ ਨੇ ਸਵੱਛਤਾ ਦੇ ਪ੍ਰਤੀ ਮਹਾਤਮਾ ਗਾਂਧੀ ਦੇ ਸੰਕਲਪ ਦੀ ਚਰਚਾ ਕੀਤੀ।,தூய்மைக்கான மகாத்மா காந்தியின் அர்ப்பணிப்பு குறித்தும் பிரதமர் குறிப்பிட்டார்.,స్వ‌చ్ఛ‌త ప‌ట్ల మ‌హాత్మ గాంధీ యొక్క సంకల్పాన్ని గురించి ప్ర‌ధాన మంత్రి వివ‌రించారు.,وزیراعظم نے سووچھتا کےتئیں مہاتما گاندھی کی عہد بستگی کی بات بھی کی ۔
There are three auditoriums and an extensive library with a rich digital repository.,ইয়াত তিনিটা অডিটৰিয়ামৰ লগতে বিস্তৃত তথা ডিজিটেল সুবিধাযুক্ত গ্ৰন্থাগাৰো আছে।,"এছাড়াও,এখানে থাকবে তিনটি প্রেক্ষাগৃহ এবং ডিজিটাল সংরক্ষণ সমৃদ্ধ একটি বড় গ্রন্থাগার।",તેમાં ત્રણ ઓડિટોરિયમ અને ડિજિટલ પુસ્તકોનાં ખજાના સાથે વિસ્તૃત પુસ્તકાલય છે.,इसमें तीन ऑडिटोरियम और एक समृद्ध डिजिटल रिपॉजिटरी यानि डिजिटल संग्रह के साथ विशाल पुस्‍तकालय है।,ಮೂರು ಸಭಾಂಗಣ ಹಾಗೂ ಶ್ರೀಮಂತ ಡಿಜಿಟಲ್ ಭಂಡಾರದ ವಿಸ್ತೃತ ಗ್ರಂಥಾಲಯವಿದೆ.,മൂന്ന് ഓഡിറ്റോറിയങ്ങളും ഡിജിറ്റല്‍ രൂപത്തിലുള്ള സമ്പന്നമായ വിജ്ഞാനശേഖരത്തോടുകൂടിയ വിശാലമായ ലൈബ്രറിയും ഉണ്ട്.,মসিগী মনুংদা ওদিতোরিয়ম অহুম অমসুং রিছ দিজিতেল রিপোজিতরি অমাগা লোয়ননা এক্সতেন্সিব লাইব্রেরি অমা য়াওরি ।,यात चर्चा सत्रासाठी विशेष दालन याशिवाय तीन सभागृह आणि एक समृध्द वाचनालयही आहे.,"ଏଠାରେ ତିନୋଟି ପ୍ରେକ୍ଷାଳୟ, ଏକ ବୃହତ୍ ପାଠାଗାର ଏବଂ ଏକ ସମୃଦ୍ଧ ଡିଜିଟାଲ ସଂଗ୍ରହାଳୟ ରହିଛି ।",ਇਸ ਵਿੱਚ ਤਿੰਨ ਆਡੀਟੋਰੀਅਮ ਅਤੇ ਭਰਪੂਰ ਡਿਜੀਟਲ ਭੰਡਾਰ ਵਾਲੀ ਇੱਕ ਵਿਆਪਕ ਲਾਇਬ੍ਰੇਰੀ ਹੈ।,"இதில், மூன்று அரங்கங்கள் மற்றும் கணினி களஞ்சியத்துடனான பெரிய நூலகம் அமைந்து உள்ளது.","సమృద్ధమైనటువంటి డిజిటల్ భండారాన్ని కలిగిన విస్తృత గ్రంథాలయం, ఇంకా మూడు సభాభవనాలు ఇందులో ఉన్నాయి.",اس میں تین آڈیٹوریم ایک وسیع کتب خانہ بھی دستیاب ہے ،جس میں مالامال ڈیجیٹل ذخائرہیں ۔
"PM summed up his address, saying these efforts of the foundation showcase the importance of transition of ‘I’ to ‘We’, when we rise above ourselves and think about society.",মই বাদ দি আমি- এই চিন্তাভাৱনাৰে এই পৰিবর্তনৰ গুৰুত্বৰ বিষয়টো তুলি ধৰিবলৈ অক্ষয় পাত্র ফাউণ্ডেশ্যনে কৰা প্রয়াস তথা এই ধৰণৰ মহৎ চিন্তাভাৱনাই আমাকস্বাৰ্থ পৰিহাৰ কৰি সমাজৰ বিষয়ে চিন্তা কৰাত সহায় কৰে বুলি মন্তব্য কৰি ভাষণৰ সামৰণি মাৰে প্ৰধানমন্ত্ৰী নৰেন্দ্ৰ মোদীয়ে।,আমি থেকে আমরা- চিন্তাভাবনায় এই পরিবর্তনের গুরুত্বের বিষয়টি তুলে ধরতে অক্ষয় পাত্র ফাউন্ডেশনের প্রয়াস এই ধরণের মহৎ চিন্তাভাবনায় আমাদেরকে নিজেদের উর্ধে উঠে সমাজের বিষয়ে ভাবতে সাহায্য করে বলে মন্তব্য করে প্রধানমন্ত্রী তাঁর ভাষণ শেষ করেন।,"પ્રધાનમંત્રીએ પોતાનાં સંબોધનના સમાપનમાં જણાવ્યું હતું કે આ ફાઉન્ડેશન દ્વારા જે પ્રયાસો કરવામાં આવી રહ્યા છે તે ‘હું’ થી ‘અમે’ તરફનું પરિવર્તન દર્શાવે છે, જેમાં આપણે પોતાની જાતથી આગળ વધીને સમાજ અંગે વિચારવાનું શરૂ કરતા હોઈએ છીએ.","प्रधानमंत्री ने कहा कि फाउंडेशन के ये प्रयास ’मैं’ से ‘हम ’की ओर परिवर्तन के महत्व को दर्शाते हैं, जब हम खुद से ऊपर उठकर समाज के बारे में सोचते हैं।","ಈ ಪ್ರತಿಷ್ಠಾನದ ಪ್ರಯತ್ನಗಳು ನಾನು ಎಂಬುದರಿಂದ ನಾವು ಎಂಬುದರೆಡೆಗೆ ಪರಿವರ್ತನೆಗೊಳ್ಳುವುದರ ಪ್ರಾಮುಖ್ಯತೆಯನ್ನು ತೋರ್ಪಡಿಸುತ್ತದೆ, ನಾವು ನಮ್ಮತನದಿಂದ ಮೇಲೆದ್ದು ಸಮಾಜದ ಬಗ್ಗೆ ಚಿಂತಿಸಿದಾಗ ಇದು ಸಾಧ್ಯ ಎಂದು ಹೇಳಿ ತಮ್ಮ ಭಾಷಣಕ್ಕೆ ವಿರಾಮ ನೀಡಿದರು.",നാം സമൂഹത്തെക്കുറിച്ചു ചിന്തിച്ചുതുടങ്ങുന്നതോടെ ഞാന്‍ എന്നതില്‍നിന്നു നാം എന്നതിലേക്കു മാറേണ്ടതിന്റെ പ്രാധാന്യം ഉയര്‍ത്തിക്കാട്ടുന്നതാണു ഫൗണ്ടേഷന്റെ പ്രവര്‍ത്തനമെന്നു പ്രധാനമന്ത്രി പറഞ്ഞു.,"অক্ষয় পত্র ফাউন্দেসন্না মিনিস্ত্রী ওফ হ্যুমেন রিসোর্স দিবেলপমেন্ত অমসুং রাজ্য সরকারশিংগা পুল্লগা অঙাং মিল্লিয়ন কয়াবু মিদ দে মিল প্রোগ্রামগী মখাদা অফবা, হাইজিনিক ওইবা অমসুং মচী ওইবা চিঞ্জাক পীজনবা থবক তৌরি।","पंतप्रधानांनी आपले भाषण आटोपते घेत सांगितले कि, ‘मी’ ते ‘आम्ही’ या संकल्पनेवर आधारित बदल घडवून आणण्याचे महत्त्व आम्ही दर्शवितो, जेव्हा आपण स्वतःहून प्रयत्न करतो आणि समाजाबद्दल विचार करतो.",ପ୍ରଧାନମନ୍ତ୍ରୀ ନିଜର ବକ୍ତବ୍ୟ ଶେଷ କରି କହିଲେ ଯେ ଅକ୍ଷୟ ପାତ୍ର ଫାଉଣ୍ଡେସନର ଏଭଳି ପ୍ରୟାସ ‘ମୁଁ’ ଠାରୁ ‘ଆମେ’କୁ ପରିବର୍ତ୍ତିତ ହେବାର ଗୁରୁତ୍ୱକୁ ସୂଚାଉଛି ।,"ਪ੍ਰਧਾਨ ਮੰਤਰੀ ਨੇ ਆਪਣਾ ਸੰਬੋਧਨ ਸਮੇਟਦਿਆਂ ਕਿਹਾ ਕਿ ਫਾਊਂਡੇਸ਼ਨ ਦੇ ਇਹ ਪ੍ਰਯਤਨ ‘ਮੈਂ’ ਤੋਂ ‘ਅਸੀਂ’ ਵੱਲ ਪਰਿਵਰਤਨ ਦੇ ਮਹੱਤਵ ਨੂੰ ਦਰਸਾਉਂਦੇ ਹਨ, ਜਦੋਂ ਅਸੀਂ ਖ਼ੁਦ ਤੋਂ ਉੱਪਰ ਉੱਠਕੇ ਸਮਾਜ ਬਾਰੇ ਸੋਚਦੇ ਹਾਂ।","பிரதமர் தமது உரையின் முடிவில், தமது சொந்தத் தேவைகளைவிட சமுதாயத்தின் தேவைகளை நிறைவு செய்வதில் நாம் உயர்ந்திருக்க வேண்டும் என்று கேட்டுக் கொண்டார்.","ఫౌండేశన్ యొక్క ఈ విధమైనటువంటి ప్ర‌య‌త్నాలు ‘నేను’ నుండి ‘మ‌నం’ దిశ గా మార్పు చెంద‌వ‌ల‌సిన ప్రాముఖ్యాన్ని ప్ర‌ద‌ర్శిస్తున్నాయని ప్ర‌ధాన మంత్రి చెప్తూ, మనం మన స్థాయి నుండి ఎదిగి సమాజాన్ని గురించి ఆలోచించాలంటూ తన ప్ర‌సంగాన్ని ముగించారు.",اپنی تقریرختم کرتے ہوئے وزیراعظم ن ےکہاکہ اس فاونڈیشن کی کوششوں سے میں سے ہم کی رونماہونے والے تغیرکی جھلک ملتی ہیں یعنی ہمیں اپنے نجی دائرہ سے اوپراٹھ کر معاشرے کے بارے میں فکرکرنی چاہیئے ۔
The Prime Minister also visited the Mahaveer Phillipine Foundation in Manila.,প্রধানমন্ত্রীয়ে আতৰ পাছত মেনিলাৰ মহাবীৰ ফিলিপাইনছ ফাউণ্ডেছনো পৰিদর্শন কৰে।,ম্যানিলারমহাবীর ফিলিপিন ফাউন্ডেশনও এদিন পরিদর্শন করেন প্রধানমন্ত্রী।,પ્રધાનમંત્રીએ મનીલામાં મહાવીર ફિલિપાઇન ફાઉન્ડેશનની મુલાકાત પણ લીધી હતી.,प्रधानमंत्री ने मनीला स्थित महावीर फिलीपीन फाउंडेशन का भी दौरा किया।,ಪ್ರಧಾನಮಂತ್ರಿಯವರು ಮನಿಲಾದಲ್ಲಿ ಮಹಾವೀರ್ ಪಿಲಿಪ್ಪೀನ್ ಪ್ರತಿಷ್ಠಾನಕ್ಕೂ ಭೇಟಿ ನೀಡಿದರು.,മനിലയിലെ മഹാവീര്‍ ഫിലിപ്പൈന്‍ ഫൗണ്ടേഷനും പ്രധാനമന്ത്രി സന്ദര്‍ശിച്ചു.,প্রধানমন্ত্রীনা মনিলাদা মহাভীর ফিলিপ্পিন ফাউন্দেসনদশু চৎখি ।,पंतप्रधानांनी मनिला येथे महावीर फिलिपाईन फाऊंडेशनला देखील भेट दिली.,ପ୍ରଧାନମନ୍ତ୍ରୀ ମଧ୍ୟ ମାନିଲାସ୍ଥିତ ମହାବୀର ଫିଲିପାଇନ ପ୍ରତିଷ୍ଠାନ ପରିଦର୍ଶନ କରିଥିଲେ ।,ਪ੍ਰਧਾਨ ਮੰਤਰੀ ਮਨੀਲਾ ਵਿਖੇ ਮਹਾਵੀਰ ਫਿਲੀਪੀਨ ਫਾਊਂਡੇਸ਼ਨ ਵੀ ਗਏ।,"மேலும் பிரதமர், மணிலாவில் உள்ள மகாவீர் பிலிப்பைன் அறக்கட்டளைக்கு சென்றார்.",మ‌నీలా లో మ‌హావీర్ ఫిలిప్పీన్ ఫౌండేష‌న్ ను కూడా ప్ర‌ధాన మంత్రి సంద‌ర్శించారు.,وزیراعظم نے منیلا میں وا قع مہاویر فلپائن فاؤنڈیشن کا بھی دور ہ کیا۔
"I wish Prime Minister Netanyahu, Mrs. Netanyahu and the delegation a memorable stay in India.","প্রধানমন্ত্রী নেতান্যাহু, শ্রীমতী নেতান্যাহু আৰু প্রতিনিধি দলৰ বাবে ভাৰতত থকাৰ পৰৱৰ্তী দিনবোৰ স্মৰণীয় হওঁক–তাকে কামনা কৰিছো।","প্রধানমন্ত্রী নেতানিয়াহু, শ্রীমতী নেতানিয়াহু এবং আগতপ্রতিনিধিদলের ভারতে অবস্থানকাল স্মরণীয় হয়ে থাকুক – এই প্রার্থনা জানাই।","હું પ્રધાનમંત્રી નેતન્યાહૂ, શ્રીમતી નેતન્યાહૂ અને સમગ્ર પ્રતિનિધિ મંડળને ભારતની મુલાકાત યાદગાર રહે એવી શુભેચ્છા પાઠવું છું.","मुझे आशा है कि प्रधानमंत्री नेतन्याहू, श्रीमती नेतन्याहू तथा शिष्टमंडल भारत में आपका ठहराव एक यादगार होगा।",ನಾನು ಪ್ರಧಾನಮಂತ್ರಿ ನೆತನ್ಯಾಹು ಮತ್ತು ಶ್ರೀಮತಿ ನೆತನ್ಯಾಹು ಅವರಿಗೆ ಭಾರತದಲ್ಲಿ ಹರ್ಷದಾಯಕ ಮತ್ತು ನೆನಪಿನಲ್ಲಿ ಉಳಿಯುವಂತ ವಾಸ್ತವ್ಯದ ಆಶಯ ವ್ಯಕ್ತಪಡಿಸುತ್ತೇನೆ.,"പ്രധാനമന്ത്രി നെതന്യാഹുവിനും, ശ്രീമതി സാറ നെതന്യാഹുവിനും അവരോടൊപ്പമുള്ള പ്രതിനിധിസംഘത്തിനും ഇന്ത്യയിലെ താമസം അവിസ്മരണീയമാകട്ടെയെന്ന് ആശംസിക്കുന്നു.","প্রধানমন্ত্রী নেতন্যাহু, মিসেজ নেতন্যাহু অমসুং মীহুৎ কাংবুবু ভারত্তা নিংশিংনিঙাই ওইবা খোংচৎ অমা ওইনবা ঐহাক্না য়াইফ পাওজেল পিজরি ।","पंतप्रधान नेतन्याहू, श्रीमती नेतन्याहू आणि त्यांच्यासोबत आलेले प्रतिनिधीमंडळ, यांचे भारतातले वास्तव्य अविस्मरणीय ठरेल असा विश्वास व्यक्त करत मी पुन्हा एकदा सगळ्यांचे आभार मानतो.","ମୁଁ ପ୍ରଧାନମନ୍ତ୍ରୀ ନେତାନ୍ୟାହୁ, ଶ୍ରୀମତୀ ନେତାନ୍ୟାହୁ ଓ ପ୍ରତିନିଧିମଣ୍ଡଳୀକୁ ଭାରତରେ ଏକ ସ୍ମରଣୀୟ ପ୍ରବାସର କାମନା କରୁଛି ।","ਮੈਂ ਪ੍ਰਧਾਨ ਮੰਤਰੀ ਨੇਤਨਯਾਹੂ, ਸ਼੍ਰੀਮਤੀ ਨੇਤਨਯਾਹੂ ਅਤੇ ਉਨ੍ਹਾਂ ਦੇ ਵਫਦ ਦੇ ਭਾਰਤ ਵਿੱਚ ਯਾਦਗਾਰੀ ਠਹਿਰਾਅ ਦੀ ਕਾਮਨਾ ਕਰਦਾ ਹਾਂ।","பிரதமர் திரு. நேதன்யாஹூ, திருமதி நேதன்யாஹூ, மற்றும் இஸ்ரேல் குழுவினர் இந்தியாவில் நினைவில் நிற்கக் கூடிய இனிய அனுபவத்தைக் காணவேண்டும் என்று வாழ்த்துகிறேன்.","ప్ర‌ధాని శ్రీ నెత‌న్యాహూ, శ్రీ‌మ‌తి నెత‌న్యాహూ తో పాటు వారి బృందానికి బార‌తదేశంలో ప‌ర్య‌ట‌న మ‌ర‌పురాని స్మృతిగా మిగిలిపోవాల‌ని ఆకాంక్షిస్తున్నాను.",میں دعا کرتا ہوں کے وزیراعظم نیتن یاہو، محترمہ نیتن یاہو اور ان کے ہمراہ آیئے ہوئے وفد کا بھارت میں قیام ایک یادگار رہے۔
"The Union Cabinet, chaired by the Prime Minister Narendra Modi, has approved Measures to promote Hydro Power Sector.",প্ৰধানমন্ত্রী নৰেন্দ্ৰ মোদীৰ অধ্যক্ষতাত অনুষ্ঠিত কেন্দ্রীয় কেবিনেট বৈঠকত জলবিদ্যুৎ খণ্ডত উৎসাহ যোগোৱাৰ ক্ষেত্ৰত বিশেষ অনুমোদন জনায়৷ ইয়াৰ ভিতৰত সৌৰশক্তি বর্হিভূত নবীকৰণযোগ্য শক্তি ক্ৰয় সম্পৰ্কীয় বিধি (আৰপিঅ’)ৰ অংশ হিচাপে বৃহৎ জলবিদ্যুৎ প্ৰকল্পক ধৰা হৈছে৷,প্রধানমন্ত্রী শ্রী নরেন্দ্র মোদীর পৌরহিত্যে কেন্দ্রীয় মন্ত্রিসভা জলবিদ্যুৎ ক্ষেত্রে উৎসাহদানে বিশেষ অনুমোদন দিল।,પ્રધાનમંત્રી શ્રી નરેન્દ્ર મોદીની અધ્યક્ષતામાં કેન્દ્રીય મંત્રીમંડળે હાઇડ્રોપાવર સેક્ટરને પ્રોત્સાહન આપવાનાં ઉપાયોને મંજૂરી આપી દીધી છે.,प्रधानमंत्री श्री नरेन्द्र मोदी की अध्‍यक्षता में केंद्रीय मंत्रिमंडल ने पनबिजली क्षेत्र को बढ़ावा देने के उपायों को मंजूरी दे दी है।,"ಪ್ರಧಾನಮಂತ್ರಿ ಶ್ರೀ ನರೇಂದ್ರ ಮೋದಿ ಅವರ ಅಧ್ಯಕ್ಷತೆಯಲ್ಲಿಂದು ನಡೆದ ಕೇಂದ್ರ ಸಚಿವ ಸಂಪುಟ ಸಭೆ, ಜಲ ವಿದ್ಯುತ್ ಕ್ಷೇತ್ರದ ಉತ್ತೇಜನ ಕ್ರಮಗಳಿಗೆ ತನ್ನ ಅನುಮೋದನೆ ನೀಡಿದೆ.",ജലവൈദ്യുത മേഖലയെ പ്രോത്സാഹിപ്പിക്കുന്നതിനുള്ള നടപടികള്‍ക്ക് പ്രധാനമന്ത്രി ശ്രീ നരേന്ദ്രമോദിയുടെ അദ്ധ്യക്ഷതയില്‍ ചേര്‍ന്ന കേന്ദ്ര മന്ത്രിസഭായോഗം അംഗീകാരം നല്‍കി.,প্রধান মন্ত্রী নরেন্দ্র মোদীনা লুচিংবা কেন্দ্রগী মন্ত্রীমন্দলনা হায়দ্রো পাৱর সেক্তর য়োকখৎনবা থবকশিংদা অয়াবা পীরে।,पंतप्रधान नरेंद्र मोदी यांच्या अध्यक्षतेखाली आज झालेल्या केंद्रीय मंत्रिमंडळाच्या बैठकीत जलविद्युत क्षेत्राला प्रोत्साहन देण्यासाठीच्या उपाययोजनांना मंजुरी देण्यात आली.,ପ୍ରଧାନମନ୍ତ୍ରୀ ଶ୍ରୀ ନରେନ୍ଦ୍ର ମୋଦୀଙ୍କ ଅଧ୍ୟକ୍ଷତାରେ କେନ୍ଦ୍ର କ୍ୟାବିନେଟ ଜଳ ବିଦ୍ୟୁତ କ୍ଷେତ୍ରକୁ ପ୍ରୋତ୍ସାହିତ କରିବାର ଯୋଜନାକୁ ମଞ୍ଜୁରି ପ୍ରଦାନ କରିଛନ୍ତି ।,"ਪ੍ਰਧਾਨਮੰਤਰੀ, ਨਰੇਂਦਰ ਮੋਦੀ ਦੀ ਪ੍ਰਧਾਨਗੀ ਹੇਠ ਕੇਂਦਰੀ ਮੰਤਰੀਮੰਡਲ ਨੇ ਪਣਬਿਜਲੀ ਖੇਤਰ ਨੂੰ ਹੁਲਾਰਾ ਦੇਣ ਦੇ ਕਦਮਾਂ ਨੂੰ ਪ੍ਰਵਾਨਗੀ ਦੇ ਦਿੱਤੀ ਹੈ।",புனல் மின்துறையை முன்னெடுத்துச் செல்லும் வழிமுறைகளுக்கு பிரதமர் திரு.நரேந்திர மோடி தலைமையிலான மத்திய அமைச்சரவை ஒப்புதல் அளித்துள்ளது.,ప్రధానమంత్రి శ్రీ నరేంద్ర మోడీ అధ్యక్షతన జరిగిన కేంద్ర మంత్రిమండలి సమావేశం జలవిద్యుత్ రంగాన్ని ప్రోత్సహించేందుకు తీసుకోవలసిన చర్యలకు ఆమోదం తెలిపింది.,نئی دہلی، 7 مارچ / وزیراعظم جناب نریندر مودی کی صدارت میں مرکزی کابینہ نے پن بجلی شعبے کو فروغ دینے سے متعلق اقدامات کو اپنی منظوری دے دی ہے۔
MOU between the Foreign Service Institute of the Ministry of External Affairs of the Republic of India and the Department of Foreign Affairs of the Republic of Seychelles,ভাৰত গণৰাজ্যৰ বহিঃ পৰিক্ৰমা মন্ত্ৰালয়ৰ ফ’ৰেইন ছাৰ্ভিচ ইন্সটিটিউট আৰু ছেইছেলছ গণৰাজ্যৰ বহিঃ পৰিক্ৰমা মন্ত্ৰালয়ৰ মাজত বুজাবুজি পত্ৰ,ভারতের বিদেশ মন্ত্রকের বিদেশ সেবা প্রতিষ্ঠান এবং সেশেলস্‌-এর বিদেশ দপ্তরের মধ্যে স্বাক্ষরিত মউ।,"વિદેશ મંત્રાલય, ભારત સરકારના ફોરેન સર્વિસ ઇન્સ્ટીટયુટ અને પ્રજાસત્તાક સેશેલ્સના વિદેશી બાબતોના મંત્રાલય વચ્ચે સમજુતી કરારો",भारत के विदेश मंत्रालय के फॉरेन सर्विस इंस्‍टीट्यूट और सेशल्‍स के विदेश मामले विभाग के बीच एमओयू,ಭಾರತ ಗಣರಾಜ್ಯದ ವಿದೇಶೀ ವ್ಯವಹಾರಗಳ ಮಂತ್ರಾಲಯದ ವಿದೇಶೀ ಸೇವಾ ಸಂಸ್ಥೆ ಮತ್ತು ಸೆಶೆಲ್ಸ್ ಗಣರಾಜ್ಯದ ವಿದೇಶೀ ವ್ಯವಹಾರಗಳ ಇಲಾಖೆ ನಡುವೆ ತಿಳುವಳಿಕಾ ಒಡಂಬಡಿಕೆ.,"ഇന്ത്യയുടെ വിദേശകാര്യ വകുപ്പിന്റെ കീഴിലുള്ള ഫോറിന്‍ സര്‍വ്വീസ് ഇന്‍സ്റ്റിറ്റ്യൂട്ടും, സെയ്ഷല്‍സ് വിദേശകാര്യ വകുപ്പും തമ്മിലുള്ള ധാരണാപത്രം",রিপব্লিক ওফ ইন্দিয়াগী মিনিস্ত্রী ওফ এক্সতর্নেল এফিয়র্স মন্ত্রালয়গী ফোরেন সর্বিস ইন্সতিত্যুৎ অমসুং রিপব্লিক ওফ সিচেল্লীসকী দিপার্তমেন্ত ওফ ফোরেন এফিয়র্সকী মরক্তা য়ানা ৱারোল,"परराष्ट्र सेवा संस्था, परराष्ट्र व्यवहार मंत्रालय, भारत सरकार आणि सेशेल्स प्रजासत्ताकातील परराष्ट्र व्यवहार विभाग यांच्यात सामंजस्य करार",ଭାରତର ବୈଦେଶିକ ବ୍ୟାପାର ମନ୍ତ୍ରଣାଳୟ ଅଧିନସ୍ଥ ବୈଦେଶିକ ସେବା ସଂସ୍ଥାନ ଏବଂ ସିସିଲିର ବୈଦେଶିକ ବ୍ୟାପାର ବିଭାଗ ମଧ୍ୟରେ ବୁଝାମଣା,ਭਾਰਤ ਗਣਰਾਜ ਦੇ ਵਿਦੇਸ਼ ਮਾਮਲਿਆਂ ਸਬੰਧੀ ਮੰਤਰਾਲਾ ਅਤੇ ਸੇਸ਼ਲਸ ਗਣਰਾਜ ਦੇ ਵਿਦੇਸ਼ ਮਾਮਲਿਆਂ ਦੇ ਵਿਭਾਗ ਦੇ ਵਿਦੇਸ਼ ਸੇਵਾ ਸੰਸਥਾਨ ਦਰਮਿਆਨ ਸਮਝੌਤਾ,"இந்திய குடியரசின் வெளியுறவு அமைச்சகத்தின், வெளியுறவு பயிற்சி நிறுவனத்திற்கும், செஷல்ஸ் குடியரசின் வெளியுறவுத் துறை இடையிலான புரிந்துணர்வு ஒப்பந்தம்.",భారత గణతంత్ర విదేశీ వ్యవహారాల మంత్రిత్వ శాఖ లోని విదేశీ సేవా సంస్థ కు మరియు సెశల్స్ గణతంత్రం లో విదేశీ వ్యవహారాల విభాగానికి మధ్య కుదిరిన ఎమ్ఒయు,جمہوریہ ہند کی امور داخلہ کی وزارت کے فورین سروس انسٹی ٹیوٹ اور جمہوریہ سیشلس کے محکمہ خارجی امور کے درمیان مفاہمت نامہ۔
The Swachh Bharat Abhiyan is an initiative in this direction.,এই লক্ষ্যপূৰণৰ বাবেই স্বচ্ছ ভাৰত অভিযান ৰূপায়িত হৈছে।,এই লক্ষ্যপূরণেই স্বচ্ছ ভারত অভিযান রূপায়িত হচ্ছে।,સ્વચ્છ ભારત અભિયાન આ દિશામાં એક મહત્વપૂર્ણ પગલું છે.,स्वच्छ भारत अभियान इसी दिशा में एक पहल है।,ಸ್ವಚ್ಛ ಭಾರತ ಅಭಿಯಾನ ಈ ನಿಟ್ಟಿನಲ್ಲಿ ಕೈಗೊಳ್ಳಲಾದ ಪ್ರಮುಖ ಉಪಕ್ರಮವಾಗಿದೆ ಎಂದರು.,ഈ ദിശയിലുള്ള ഒരു മുന്നേറ്റമാണ് സ്വച്ഛ് ഭാരത് അഭിയാന്‍.,মায়কৈ অসিদা স্বচ্ছ ভারত অভিয়ান অসি ইনিসিয়েতিব অমনি।,स्वच्छ भारत अभियान हे एक या दिशेने टाकलेले पुढचे पाऊल आहे.,ସ୍ୱଚ୍ଛ ଭାରତ ଅଭିଯାନ ଏହି ଦିଗରେ ଏକ ସଫଳ ପ୍ରୟାସ ବୋଲି ସେ କହିଥିଲେ ।,ਸਵੱਛ ਭਾਰਤ ਅਭਿਯਾਨ ਇਸੇ ਦਿਸ਼ਾ ਵਿੱਚ ਇੱਕ ਪਹਿਲ ਹੈ।,தூய்மை இந்தியா இயக்கம் இந்த முயற்சியின் இலக்கை நோக்கி செயல்படுவதாகவும் பிரதமர் தெரிவித்தார்.,ఈ దిశ లో చేప‌ట్టిన‌టువంటి ఒక కార్యక్ర‌మ‌మే స్వ‌చ్ఛ్ భార‌త్ అభియాన్ అని ఆయ‌న పేర్కొన్నారు.,سووچھ بھارت اس سمت میں ایک قدم ہے ۔
"In the last two years,we have moved towards a low tax regimeon the corporate side.",মেধাসত্ত্ব অধিকাৰ ৰক্ষাৰ ক্ষেত্রতো আমি এক নতুন মানদণ্ড উদ্ভাৱন কৰিছো।,বিগত দুই বছরে আমরা কর্পোরেট ক্ষেত্রগুলির জন্য কর হার কমিয়েছি।,છેલ્લાં બે વર્ષ દરમિયાન અમે કોર્પોરેટ દ્રષ્ટિએ ઓછો કરવેરો ધરાવતી વ્યવસ્થા તરફ આગળ વધી રહ્યાં છીએ.,पिछले दो वर्षों के दौरान हम कॉरपोरेट दृष्टि से कम टैक्‍स दर वाली व्‍यवस्‍था की ओर उन्‍मुख हुये हैं।,ಕಳೆದ ಎರಡು ವರ್ಷಗಳಿಂದೀಚೆಗೆ ನಾವು ಕಾರ್ಪೊರೇಟ್ ಕಡೆಯಿಂದ ಅತಿ ಕಡಿಮೆ ತೆರಿಗೆ ವ್ಯವಸ್ಥೆಯತ್ತ ಸಾಗಿದ್ದೇವೆ.,കഴിഞ്ഞ രണ്ടുവര്‍ഷം കൊണ്ട് കോര്‍പ്പറേറ്റ് രംഗത്ത് കുറഞ്ഞ നികുതി സംവിധാനത്തിലേക്ക് നമ്മള്‍ നീങ്ങി.,হৌখিবা চহী অনিদা ঐখোয়না কোর্পোরেতকী মায়কৈদা লো তেক্স রিজিম অমগী মায়কৈদা চংশিল্লি।,गेल्या दोन वर्षात आम्ही कॉर्पोरेट क्षेत्रात कमी कर आकारणीच्या दिशेने वाटचाल केली आहे.,ଗତ ଦୁଇ ବର୍ଷରେ ଆମେ କର୍ପୋରେଟ ଦୃଷ୍ଟିରୁ କମ ଟିକସ ଦର ବିଶିଷ୍ଟ ଅର୍ଥବ୍ୟବସ୍ଥା ଦିଗରେ ଆହୁରି ଉନ୍ମୁଖ ହୋଇଛୁ ।,ਪਿਛਲੇ ਦੋ ਸਾਲਾਂ ਦੌਰਾਨ ਅਸੀਂ ਕਾਰਪੋਰੇਟ ਦ੍ਰਿਸ਼ਟੀ ਤੋਂ ਘੱਟ ਟੈਕਸਾਂ ਦਰ ਵਾਲੀ ਵਿਵਸਥਾ ਵੱਲ ਵਧੇ ਹਾਂ ।,"கடந்த 2 ஆண்டுகளில் தொழில் நிறுவனங்கள் பிரிவில், குறைந்த வரிவிதிப்பு கொண்டுள்ள நாடு என்ற நிலைக்கு முன்னேறியுள்ளோம்.",గ‌డ‌చిన రెండు సంవ‌త్స‌రాల‌ లో కార్పొరేట్ రంగం లో మేం త‌క్కువ ప‌న్నుల వ్య‌వ‌స్థ దిశ‌ గా ముందుకు పోతున్నాం.,پچھلے دو برسوں میں ہم نے کارپوریٹ کے لئے کم ٹیکس کے نظام کی جا نب پیش رفت کی ہے۔
PM in Assam,অসমত প্ৰধানমন্ত্ৰী,অসমে প্রধানমন্ত্রী,આસામમાં પ્રધાનમંત્રી,असम में प्रधानमंत्री,ಅಸ್ಸಾಂನಲ್ಲಿ ಪ್ರಧಾನಮಂತ್ರಿ,പ്രധാനമന്ത്രി അസമില്‍,অসামদা প্রধান মন্ত্রী,आसाममध्ये पंतप्रधान,ଆସାମରେ ପ୍ରଧାନମନ୍ତ୍ରୀ,ਅਸਾਮ ਵਿੱਚ ਪ੍ਰਧਾਨ ਮੰਤਰੀ,அஸ்ஸாமில் பிரதமர்,అస‌మ్ లో ప్ర‌ధాన మంత్రి,وزیراعظم آسام میں
"He mentioned the Jan Dhan Yojana, and said that the poor have now got access to banking facilities.",তেওঁ দৰিদ্ৰসকলে বেংকিঙৰ সুবিধা লাভ কৰা জন ধন যোজনাৰ কথাও উল্লেখ কৰে।,"প্রধানমন্ত্রী জন ধন যোজনার উল্লেখ করে বলেন, এর ফলেদরিদ্র মানুষেরা ব্যাঙ্কের সুবিধা পেয়েছেন।",પ્રધાનમંત્રીએ ‘જન ધન યોજના’નો ઉલ્લેખ કર્યો અને કહ્યું કે ગરીબોની પહોંચ હવે બેન્કિંગ સેવાઓ સુધી વિસ્તૃત થઇ ગઈ છે.,प्रधानमंत्री ने ‘जन धन योजना’ का उल्‍लेख किया और कहा कि गरीबों की पहुंच अब बैंकिंग सेवाओं तक सुनिश्चि‍त हो गई है।,"ಜನ್ ಧನ್ ಯೋಜನೆಯನ್ನು ಪ್ರಸ್ತಾಪಿಸಿದ ಪ್ರಧಾನಿ, ಈಗ ಬಡವರೂ ಬ್ಯಾಂಕಿಂಗ್ ಸೌಲಭ್ಯವನ್ನು ಪಡೆಯುತ್ತಿದ್ದಾರೆ ಎಂದರು.","ജന്‍ധന്‍ യോജനയെക്കുറിച്ചു പരാമര്‍ശിക്കവേ, ദരിദ്രര്‍ക്കും ബാങ്ക് പ്രാപ്യമാകുന്ന സ്ഥിതി സംജാതമായെന്നു പ്രധാനമന്ത്രി പറഞ്ഞു.",প্রধানমন্ত্রীনা জন ধন য়োজনাগী মতাংদা পনখি অমসুং হায়খি মদুদি হৌজিক লাইরবশিংনা বেঙ্কিংগী খুদোংচাবশিং ফাওবা য়ৌশিনবা ঙম্লে।,आपल्या भाषणात पंतप्रधानांनी जन धन योजनेचा उल्लेख करून गरीबांपर्यंत बँकिंग सेवा पोहोचणे आता सुनिश्चित झाल्याचे सांगितले.,ବର୍ତ୍ତମାନ ସୁଦ୍ଧା ଉଜ୍ଜ୍ୱଳା ଯୋଜନା ଅଧିନରେ ବିପିଏଲ ପରିବାରର ମହିଳାମାନଙ୍କୁ ମାଗଣାରେ ରନ୍ଧନ ଗ୍ୟାସ ସଂଯୋଗ ଦିଆଯାଉଛି ।,ਉਨ੍ਹਾਂ ਨੇ ਜਨ-ਧਨ ਯੋਜਨਾ ਦਾ ਜ਼ਿਕਰ ਕੀਤਾ ਅਤੇ ਕਿਹਾ ਕਿ ਗ਼ਰੀਬਾਂ ਦੀ ਹੁਣ ਬੈਂਕਿੰਗ ਸਹੂਲਤਾਂ ਤੱਕ ਪਹੁੰਚ ਹੋ ਗਈ ਹੈ।,"மக்கள் நிதித் திட்டம் பற்றிக் குறிப்பிட்ட அவர், ஏழைகள் தற்போது வங்கிச் சேவைகளை அணுக முடிந்திருப்பதாக அவர் தெரிவித்தார்.","జన్ ధన్ యోజన ను గురించి ప్రధాన మంత్రి ప్రస్తావించి, బ్యాంకింగ్ సదుపాయాలను పేద ప్రజలు ఇప్పుడు అందుకోగలిగారని చెప్పారు.",انہوں نے جن دھن یوجنا کا ذکر کرتے ہوئے کہا کہ اب غریبوں کی رسائی بینکنگ سہولتوں تک ہو گئی ہے۔
"The Prime Minister, Shri Narendra Modi, today addressed the Centenary Celebrations of Patna University.",প্ৰধানমন্ত্ৰী শ্ৰী নৰেন্দ্ৰ মোদীয়ে আজি পাটনা বিশ্ববিদ্যালয়ৰ শতবৰ্ষ উদযাপন অনুষ্ঠানত ভাষণ আগবঢ়ায়।,শনিবার পাটনাবিশ্ববিদ্যালয়ের শতবর্ষ উদযাপন অনুষ্ঠানে ভাষণ দিলেন প্রধানমন্ত্রী শ্রী নরেন্দ্রমোদী।,પ્રધાનમંત્રી શ્રી નરેન્દ્ર મોદીએ આજે પટણા યુનિવર્સિટીના શતાબ્દી મહોત્સવમાં સંબોધન કર્યું હતું.,प्रधानमंत्री श्री नरेन्‍द्र मोदी ने आज पटना विश्‍वविद्यालय के शताब्दी समारोह को संबोधित किया।,ಪ್ರಧಾನಮಂತ್ರಿ ಶ್ರೀ ನರೇಂದ್ರ ಮೋದಿ ಅವರಿಂದು ಪಾಟ್ನಾ ವಿಶ್ವವಿದ್ಯಾಲಯದ ಶತಮಾನೋತ್ಸವ ಸಮಾರಂಭ ಉದ್ದೇಶಿಸಿ ಭಾಷಣ ಮಾಡಿದರು.,പാട്‌നാ സര്‍വകലാശാലയുടെ ശതാബ്ദി ആഘോഷത്തെ പ്രധാനമന്ത്രി ശ്രീ നരേന്ദ്ര മോദി അഭിസംബോധനചെയ്തു.,প্রধানমন্ত্রী শ্রী নরেন্দ্র মোদীনা ঙসি পত্না য়ুনিবর্সিতীগী চহি চাম্মা শুরকপগী থৌরমদা ৱা ঙাংখ্রে ।,"पाटणा विद्यापीठाच्या शतकमहोत्सवी कार्यक्रमात, पंतप्रधान नरेंद्र मोदी यांनी आज संबोधित केले.",ଷ୍ଟାର୍ଟ–ଅପ୍ ସେକ୍ଟର ଜରିଆରେ ଛାତ୍ରଛାତ୍ରୀ ବିଭିନ୍ନ ସାମାଜିକ ସମସ୍ୟାର ସୃଜନଶୀଳ ସମାଧାନ ଖୋଜିବାକୁ ପ୍ରଧାନମନ୍ତ୍ରୀଙ୍କ ଆହ୍ୱାନ,"ਪ੍ਰਧਾਨ ਮੰਤਰੀ, ਸ਼੍ਰੀ ਨਰੇਂਦਰ ਮੋਦੀ ਨੇ ਅੱਜ ਪਟਨਾ ਯੂਨੀਵਰਸਿਟੀ ਦੇ ਸ਼ਤਾਬਦੀ ਸਮਾਰੋਹਾਂ ਨੂੰ ਸੰਬੋਧਨ ਕੀਤਾ।",பிரதமர் திரு. நரேந்திர மோடி இன்று பாட்னா பல்கலைக்கழகத்தின் நூற்றாண்டு விழாவில் பங்கேற்று உரையாற்றினார்.,ప్ర‌ధాన మంత్రి శ్రీ న‌రేంద్ర మోదీ ఈ రోజు పట్నా విశ్వవిద్యాలయం శతాబ్ది ఉత్సవాలలో పాల్గొని ప్రసంగించారు.,نئی دہلی۔14 اکتوبر 2017؛ وزیراعظم جناب نریندر مودی نے آج پٹنہ یونیورسٹی کی صد سالہ تقریبات سے خطاب کیا۔
Prime Minister congratulated the people of Indore for taking the mission of Swacchh Bharat forward.,“স্বচ্ছ ভাৰত অভিযান”ক আগুৱাই নিয়াৰ বাবে প্রধানমন্ত্রীয়ে ইন্দোৰৰ লোকসকলক অভিনন্দন জনায়।,‘স্বচ্ছ ভারত অভিযান’কে এগিয়ে নিয়ে যাওয়ার জন্য প্রধানমন্ত্রী ইন্দোরের মানুষকে অভিনন্দন জানান।,પ્રધાનમંત્રીએ સ્વચ્છ ભારત મિશનને આગળ વધારવા બદલ ઇન્દોરના લોકોને અભિનંદન પાઠવ્યા હતા.,प्रधानमंत्री ने इंदौर के लोगों को स्वच्छ भारत अभियान को आगे ले जाने के लिये बधाई दी।,ಸ್ವಚ್ಛ ಭಾರತ ಅಭಿಯಾನವನ್ನು ಮುಂದುವರಿಸುತ್ತಿರುವ ಇಂದೋರ್ ಜನತೆಯನ್ನು ಪ್ರಧಾನಮಂತ್ರಿ ಅಭಿನಂದಿಸಿದರು.,ശുചിത്വ ഭാരത ദൗത്യം മുന്നോട്ട് കൊണ്ടുപോയതിന് ഇന്‍ഡോറിലെ ജനങ്ങളെ പ്രധാനമന്ത്രി അഭിനന്ദിച്ചു.,প্রধান মন্ত্রীনা ইন্দৌরগী মীয়ামদা স্বচ্ছ ভারত অভিয়ানবু শৌগৎপগীদমক্তা নুংঙাইবা ফোংদোকখি।,पंतप्रधानांनी इंदोर मधील लोकांचे स्वच्छ भारत अभियानाच्या प्रगतीसाठी पुढाकार घेतल्याबद्दल अभिनंदन केले.,ସ୍ୱଚ୍ଛ ଭାରତ ମିଶନକୁ ଆଗକୁ ବଢାଇ ଥିବାରୁ ପ୍ରଧାନମନ୍ତ୍ରୀ ଇନ୍ଦୋରର ଜନସାଧାରଣଙ୍କୁ ଶୁଭେଚ୍ଛା ଜଣାଇଥିଲେ ।,ਪ੍ਰਧਾਨ ਮੰਤਰੀ ਨੇ ਸਵੱਛ ਭਾਰਤ ਮਿਸ਼ਨ ਨੂੰ ਅੱਗੇ ਵਧਾਉਣ ਲਈ ਇੰਦੌਰ ਦੇ ਲੋਕਾਂ ਨੂੰ ਵਧਾਈ ਦਿੱਤੀ।,ஸ்வச் பாரத் இயக்கத்தை முன்னெடுத்துச் செல்வதற்காக இந்தூர் மக்களுக்குப் பிரதமர் பாராட்டு தெரிவித்தார்.,‘స్వ‌చ్ఛ్ భార‌త్ అభియాన్’ ను ముందుకు తీసుకుపోతున్నందుకు ఇందౌర్ ప్ర‌జ‌ల‌ ను ప్ర‌ధాన మంత్రి అభినందించారు.,وزیر اعظم نے اندور کے لوگوں کو سوؤچھ سبھارت کو مشن کے طور پر اپنانے کے لئے مبارک باد پیش کی ۔
"Prime Minister Shri Narendra Modi will attend the Annual Conference of DGPs and IGPs on 7th and 8th January at the BSF Academy at Tekanpur, Madhya Pradesh.",প্ৰধানমন্ত্ৰী শ্ৰী নৰেন্দ্ৰ মোদীয়ে মধ্যপ্ৰদেশৰ টেকানপুৰস্থিত বিএছএফ একাডেমী ৭ আৰু ৮ জানুৱাৰীত অনুষ্ঠিত হ’বলগীয়া ডিজিপি আৰু আইজিপিসকলৰ বাৰ্ষিক সন্মিলনত ভাগ ল’ব।,মধ্যপ্রদেশেরতেকানপুরের বিএসএফ অ্যাকাডেমিতে পুলিশের ডিজি এবং আইজিদের এক বার্ষিক সম্মেলনে যোগদেবেন প্রধানমন্ত্রী।,"પ્રધાનમંત્રી નરેન્દ્ર મોદી ટેકનપુર, મધ્યપ્રદેશમાં બીએસએફ અકાદમી ખાતે આગામી 7મી અને 8મી જાન્યુઆરીએ ડીજીપી અને આઈજીપીની વાર્ષિક પરિષદમાં ભાગ લેશે.","प्रधानमंत्री श्री नरेन्द्र मोदी 7 व 8 जनवरी को बीएसएफ अकादमी, टेकनपुर, मध्य प्रदेश में पुलिस महानिदेशकों के वार्षिक सम्मेलन में भाग लेंगे।",ಅಕಾಡಮಿಯಲ್ಲಿ ಜನವರಿ 7 ಮತ್ತು 8ರಂದು ನಡೆಯಲಿರುವ ಡಿಜಿಪಿಗಳು ಮತ್ತು ಐಜಿಪಿಗಳ ವಾರ್ಷಿಕ ಸಮಾವೇಶದಲ್ಲಿ ಭಾಗಿಯಾಗಲಿದ್ದಾರೆ.,"മദ്ധ്യപ്രദേശിലെ തേക്കാൻപൂരിലെ ബി.എസ്.എഫ് അക്കാദമിയില്‍ ജനുവരി 7, 8 തീയതികളില്‍ നടക്കുന്ന ഡി.ജി.പിമാരുടെയും ഐ.ജി.പിമാരുടെയും വാര്‍ഷികയോഗത്തില്‍ പ്രധാനമന്ത്രി ശ്രീ നരേന്ദ്രമോദി സംബന്ധിക്കും.",জনুৱারিগী তাং ৭ অমসুং ৮ দা মধ্য প্রদেশকী তেকানপুর বিএসএফ একাদেমিদা পাংথোক্কদৌরিবা চহিগী দিজিপিশিং অমসুং আইজিপিশিংগী কনফরেন্স অদুদা প্রধানমন্ত্রী শ্রী নরেন্দ্র মোদী শরুক য়ারগনি ।,पंतप्रधान नरेंद्र मोदी ७ आणि ८ जानेवारीला मध्य प्रदेशातील तेकानपूर येथील बीएसएफ अकादमीत पोलीस महासंचालक आणि पोलीस महानिरीक्षकांच्या वार्षिक परिषदेला उपस्थित राहणार आहेत.,ରାଜ୍ୟଗୁଡିକର ପୁଲିସ ମହାନିର୍ଦ୍ଦେଶକ ଏବଂ ମହାନିରୀକ୍ଷକମାନଙ୍କ ସମ୍ମିଳନୀ ଜାନୁୟାରୀ 7 ଓ 8 ତାରିଖ ଦୁଇଦିନ ଧରି ମଧ୍ୟପ୍ରଦେଶର ତେକାନପୁରର ବିଏସଏଫ ଏକାଡେମୀଠାରେ ଅନୁଷ୍ଠିତ ହେବ ।,ਪ੍ਰਧਾਨ ਮੰਤਰੀ ਸ੍ਰੀ ਨਰੇਂਦਰ ਮੋਦੀ ਮੱਧ ਪ੍ਰਦੇਸ਼ ਦੇ ਟੇਕਨਪੁਰ ਦੀ ਬੀਐੱਸਐੱਫ ਅਕਾਦਮੀ ਵਿਖੇ 7 ਅਤੇ 8 ਜਨਵਰੀ ਨੂੰ ਹੋਣ ਵਾਲੀ ਡੀਜੀਪੀਜ਼ ਅਤੇ ਆਈਜੀਪੀਜ਼ ਦੀ ਸਲਾਨਾ ਕਾਨਫਰੰਸ ਵਿੱਚ ਹਿੱਸਾ ਲੈਣਗੇ।,மத்தியப்பிரதேச மாநிலத்தின் தேகன்பூரில் உள்ள எல்லைப் பாதுகாப்புப் படை அகாடெமியில் ஜனவரி 7 மற்றும் 8-ம் தேதிகளில் நடைபெறும் டிஜிபி-க்கள் மற்றும் ஐஜி-க்களின் வருடாந்திர மாநாட்டில் பிரதமர் திரு. நரேந்திர மோடி கலந்துகொள்ள உள்ளார்.,మ‌ధ్య‌ ప్ర‌దేశ్ లోని టేక‌న్‌పుర్ బిఎస్ఎఫ్ అకాడ‌మీ లో జ‌న‌వ‌రి 7వ మ‌రియు 8వ తేదీల‌లో డిజిపి లు మ‌రియు ఐజిపి ల వార్షిక స‌మావేశానికి ప్ర‌ధాన మంత్రి శ్రీ న‌రేంద్ర మోదీ హాజ‌రు కానున్నారు.,نئی دہلی۔06 جنوری، 2018؛ وزیراعظم جناب نریندر مودی مدھیہ پردیش کے ٹیکن پور میں واقع بی ایس ایف اکیڈمی میں منعقد ہونے والی ڈی جی پی اور آئی جی پی کی سالانہ کانفرنس میں شرکت کریں گے۔
"Speaking on the occasion, the Prime Minister congratulated all those who have been conferred the prestigious Gandhi Peace Prize.",এই বঁটা প্ৰদান অনুষ্ঠানত উপস্থিত থাকি প্ৰধানমন্ত্ৰীয়ে এই সন্মানীয় গান্ধী শান্তি বঁটা লাভ কৰা সকলোকে অভিনন্দন জ্ঞাপন কৰে।,"অনুষ্ঠানে প্রধানমন্ত্রী, গৌরবময় গান্ধী শান্তি পুরস্কারপ্রাপকদের অভিনন্দন জানান।",આ પ્રસંગે બોલતા પ્રધાનમંત્રીએ ગૌરવશાળી ગાંધી શાંતિ પુરસ્કાર મેળવનારા તમામ લોકોને અભિનંદન પાઠવ્યા હતા.,इस अवसर पर प्रधानमंत्री ने प्रतिष्ठित गांधी शांति पुरस्कार पाने वालों को बधाई दी।,"ಈ ಸಂದರ್ಭದಲ್ಲಿ ಮಾತನಾಡಿದ ಪ್ರಧಾನಮಂತ್ರಿ ಅವರು, ಪ್ರತಿಷ್ಠಿತ ಗಾಂಧಿ ಶಾಂತಿ ಪ್ರಶಸ್ತಿಗೆ ಭಾಜನರಾದ ಎಲ್ಲರನ್ನೂ ಅಭಿನಂದಿಸಿದರು.","തദവസരത്തില്‍ സംസാരിക്കവെ, അത്യധികം ആദരണീയമായ ഗാന്ധി സമാധാന പുരസ്‌കാരത്തിന് അര്‍ഹരായ എല്ലാവരെയും പ്രധാനമന്ത്രി അഭിനന്ദിച്ചു.",থৌরম অদুদা ৱা ঙাংলদুনা প্রধান মন্ত্রীনা লেমজনীংঙাই ওইরবা গান্ধী পীস প্রাইজ লান্থোকখ্রবশিংগী মফমদা নুংঙাইবা ফোংদোকখি।,"यावेळी बोलतांना, प्रतिष्ठेच्या गांधी शांतता पुरस्कार प्राप्त मान्यवरांचे पंतप्रधानांनी अभिनदंन केले.",ଏହି ଅବସରରେ ପ୍ରଧାନମନ୍ତ୍ରୀ ପ୍ରତିଷ୍ଠିତ ଗାନ୍ଧୀ ଶାନ୍ତି ପୁରସ୍କାର ପ୍ରାପ୍ତ କରିଥିବା ବ୍ୟକ୍ତି ବିଶେଷଙ୍କୁ ଅଭିନନ୍ଦନ ଜଣାଇଥିଲେ ।,ਇਸ ਅਵਸਰ ‘ਤੇ ਪ੍ਰਧਾਨ ਮੰਤਰੀ ਨੇ ਪ੍ਰਤਿਸ਼ਠਿਤ ਗਾਂਧੀ ਸ਼ਾਂਤੀ ਪੁਰਸਕਾਰ ਪ੍ਰਾਪਤ ਕਰਨ ਵਾਲਿਆਂ ਨੂੰ ਵਧਾਈ ਦਿੱਤੀ।,"இந்த நிகழ்ச்சியில் பங்கேற்ற பிரதமர், காந்தி அமைதி விருதை பெற்ற அனைவருக்கும் தனது வாழ்த்துகளைத் தெரிவித்துக் கொண்டார்.","ఈ సంద‌ర్భం గా ప్ర‌ధాన మంత్రి మాట్లాడుతూ, ప్ర‌తిష్టాకరమైన గాంధీ శాంతి బ‌హుమ‌తి ని అందుకొన్న వారికి అభినందనలు తెలిపారు.",اس موقع پر اظہار خیال کرتے ہوئے وزیراعظم نے با وقار گاندھی امن انعام سے سرفراز کئےگئے لوگوں اور تنظیموں کو مبارکباد دی۔
"They welcomed the growing partnership between the two governments, private sector and at the people’s level.",দুয়ো দেশৰ চৰকাৰ আৰু জনসাধাৰণ পর্যায়ত আৰু বেচৰকাৰী খণ্ডসমূহৰ ক্রমবৰ্ধমান সহযোগিতা আৰু অংশীদাৰিত্বৰ সম্পর্কক তেওঁলোকে উভয়ে আন্তৰিকতাৰে স্বাগতম জনায়।,দু’দেশের সরকার ও জনসাধারণ পর্যায়েএবং বেসরকারি ক্ষেত্রগুলির ক্রমপ্রসারমান সহযোগিতা ও অংশীদারিত্বের সম্পর্ককেতাঁরা উভয়েই আন্তরিকভাবে স্বাগত জানান।,"તેમણે બંને દેશોની સરકાર, ખાનગી ક્ષેત્ર અને બંને દેશોનાં નાગરિક સ્તરે ગાઢ થતાં સંબંધોને આવકાર આપ્યો હતો.","उन्होंने दोनों सरकारों, निजी क्षेत्र और लोगों के बीच बढ़ती साझेदारी का स्वागत किया।","ಎರಡು ಸರಕಾರಗಳ ನಡುವೆ ಹೆಚ್ಚುತ್ತಿರುವ ಸಹಭಾಗಿತ್ವ, ಖಾಸಗಿ ವಲಯದಲ್ಲೂ ಅದರ ವಿಸ್ತರಣೆ, ಜನರ ಮಟ್ಟದಲ್ಲಿಯ ಸಹಭಾಗಿತ್ವ ಹೆಚ್ಚಳವನ್ನು ಅವರು ಸ್ವಾಗತಿಸಿದರು.",ഗവണ്‍മെന്റ് തലത്തിലും സ്വകാര്യതലത്തിലും ജനങ്ങളുടെ തലത്തിലും രണ്ടു രാജ്യങ്ങളും തമ്മിലുള്ള ബന്ധം വളരുന്നതിനെ അവര്‍ സ്വാഗതം ചെയ്തു.,"মখোয়না লৈবাক অনিগী সরকার, প্রাইবেৎ সেক্তর অমসুং মীয়ামগী মরক্তা শরুক য়াবা হেঙ্গৎলক্লিবা অদু তরাম্না ওকখি।","दोन्ही देशातील सरकार, खासगी क्षेत्र आणि जनतेमधील वाढत्या भागीदारीचे त्यांनी स्वागत केले.","ଦୁଇ ସରକାର, ଘରୋଇ କ୍ଷେତ୍ର ଏବଂ ନାଗରିକ ସ୍ତରରେ ବୃଦ୍ଧି ପାଉଥିବା ଭାଗିଦାରୀକୁ ସେମାନେ ସ୍ୱାଗତ କରିଥିଲେ ।","ਉਨ੍ਹਾਂ ਨੇ ਦੋਹਾਂ ਸਰਕਾਰਾਂ, ਨਿਜੀ ਖੇਤਰ ਅਤੇ ਲੋਕਾਂ ਦਰਮਿਆਨ ਵਧਦੀ ਸਾਂਝੇਦਾਰੀ ਦਾ ਸਵਾਗਤ ਕੀਤਾ।","இரண்டு அரசுகள், தனியார் துறையினர் மக்கள் நெறிகளில் இரு நாடுகளுக்குமிடையே வளர்ந்துவரும் ஒத்துழைப்பை அவர்கள் வரவேற்றனர்.","ఇరు దేశాల ప్ర‌భుత్వాల మ‌ధ్య, ప్రైవేటు రంగం మ‌ధ్య, ఇంకా ప్ర‌జ‌ల‌కు- ప్ర‌జ‌ల‌కు మ‌ధ్య నెల‌కొన్న భాగ‌స్వామ్యాలు వ‌ర్ధిల్లుతుండ‌టాన్ని వారు స్వాగ‌తించారు.",انہوں نے دونوں حکومتوں ، نجی شعبوں کے مابین اور عوامی سطح پر بڑھتی شراکت داری کا استقبال کیا ۔
"The Union Cabinet, chaired by the Prime Minister Shri Narendra Modi has approved Memorandum of Cooperation between India and Finland on Environmental Cooperation.",প্ৰধানমন্ত্ৰী শ্ৰী নৰেন্দ্ৰ মোদীৰ অধ্যক্ষতাত অনুষ্ঠিত কেবিনেট বৈঠকত পাৰিপাৰ্শ্বিক সহযোগিতা বৃদ্ধিৰ ক্ষেত্ৰত ভাৰত আৰু ফিনলেণ্ডৰ মাজত প্ৰস্তাৱিত সহযোগিতা চুক্তিত অনুমোদন জনায়।,প্রধানমন্ত্রী শ্রী নরেন্দ্র মোদীর পৌরোহিত্যে বুধবার (১০ই অক্টোবর) কেন্দ্রীয় মন্ত্রিসভার বৈঠকে পরিবেশগত ক্ষেত্রে ভারত ও ফিনল্যান্ডের মধ্যে সহযোগিতা গড়ে তোলার লক্ষ্যে সমঝোতাপত্র স্বাক্ষরের প্রস্তাব অনুমোদন করা হয়েছে।,પ્રધાનમંત્રી શ્રી નરેન્દ્ર મોદીની અધ્યક્ષતામાં મંત્રીમંડળે ભારત અને ફિનલેન્ડ વચ્ચે પર્યાવરણ ક્ષેત્રે થયેલા સહયોગના કરારને મંત્રીમંડળે મંજૂરી આપી છે.,प्रधानमंत्री श्री नरेन्द्र मोदी की अध्यक्षता में मंत्रिमंडल ने पर्यावरण योगदान के लिए भारत और फिनलैंड के बीच समझौता-ज्ञापन को मंजूरी दे दी है।,ಪ್ರಧಾನಮಂತ್ರಿ ಶ್ರೀ ನರೇಂದ್ರ ಮೋದಿ ಅವರ ಅಧ್ಯಕ್ಷತೆಯಲ್ಲಿ ನಡೆದ ಸಚಿವ ಸಂಪುಟ ಸಭೆ ಭಾರತ ಮತ್ತು ಫಿನ್ ಲ್ಯಾಂಡ್ ನಡುವೆ ಪರಿಸರ ಸಹಕಾರಕ್ಕೆ ಸಂಬಂಧಿಸಿದ ಒಡಂಬಡಿಕೆಗೆ ಅನುಮೋದನೆ ನೀಡಿತು.,പരിസ്ഥിതിസഹകരണം സംബന്ധിച്ച് ഇന്ത്യയും ഫിന്‍ലന്‍ഡും തമ്മിലുള്ള സഹകരണ ധാരണാപത്രം പ്രധാനമന്ത്രി ശ്രീ നരേന്ദ്ര മോദിയുടെ അധ്യക്ഷതയില്‍ ചേര്‍ന്ന കേന്ദ്ര മന്ത്രിസഭാ യോഗം അംഗീകരിച്ചു.,প্রধান মন্ত্রী নরেন্দ্র মোদীনা লুচিংবা কেন্দ্রগী মন্ত্রীমন্দলনা ইনভাইরনমেন্তকী মতেং পীননবা ভারত অমসুং ফিনলেন্দগী মরক্তা মেমোরেন্দম ওফ কোওপরেসন থম্নবদা অয়াবা পীরে।,पंतप्रधान नरेंद्र मोदी यांच्या अध्यक्षतेखालील केंद्रीय मंत्रिमंडळाने भारत आणि फिनलँड यांच्यात पर्यावरणीय सहकार्यावरील सामंजस्य सहकार्याला मंजूर दिली आहे.,ପରିବେଶ କ୍ଷେତ୍ରରେ ସହଯୋଗ ଲାଗି ଭାରତ ଏବଂ ଫିନଲାଣ୍ଡ ମଧ୍ୟରେ ବୁଝାମଣା (ଏମଓୟୁ)କୁ ପ୍ରଧାନମନ୍ତ୍ରୀ ଶ୍ରୀ ନରେନ୍ଦ୍ର ମୋଦୀଙ୍କ ଅଧ୍ୟକ୍ଷତାରେ ଅନୁଷ୍ଠିତ କେନ୍ଦ୍ର କ୍ୟାବିନେଟ ମଞ୍ଜୁର କରିଛନ୍ତି ।,"ਪ੍ਰਧਾਨ ਮੰਤਰੀ, ਸ਼੍ਰੀ ਨਰੇਂਦਰ ਮੋਦੀ ਦੀ ਅਗਵਾਈ ਹੇਠ ਮੰਤਰੀ ਮੰਡਲ ਨੇ ਵਾਤਾਵਰਣ ਸਬੰਧੀ ਸਹਿਯੋਗ ਲਈ ਭਾਰਤ ਅਤੇ ਫਿਨਲੈਂਡ ਦਰਮਿਆਨ ਸਹਿਯੋਗ ਪੱਤਰ ਨੂੰ ਪ੍ਰਵਾਨਗੀ ਦੇ ਦਿੱਤੀ ਹੈ।",சுற்றுசூழல் ஒத்துழைப்பு துறையில் இந்தியா – பின்லாந்து இடையேயான ஒத்துழைப்பு ஒப்பந்தத்திற்கு பிரதமர் திரு. நரேந்திர மோடி தலைமையிலான மத்திய அமைச்சரவை ஒப்புதல் அளித்துள்ளது.,"ప్ర‌ధాన మంత్రి శ్రీ న‌రేంద్ర మోదీ అధ్య‌క్ష‌త వ‌హించిన కేంద్ర మంత్రివ‌ర్గ స‌మావేశం ప‌ర్యావ‌ర‌ణ సంబంధిత స‌హ‌కారం అంశం పై భార‌త‌దేశాని కి, ఫిన్‌లాండ్ కు మ‌ధ్య మెమొరాండ‌మ్ ఆఫ్ కోఆప‌రేశ‌న్ కు ఆమోదం తెలిపింది.",نئی دہلی،10 اکتوبر / مرکزی کابینہ نے جس کی صدارت وزیراعظم جناب نریندر مودی نے کی ماحولیاتی تعاون کے بارے میں ہندوستان اور فن لینڈ کے درمیان تعاون کے مفاہمت نامے کی منظوری دے دی ہے ۔
He laid the Foundation Stone for three National Highway projects.,তেওঁ তিনিটা ৰাষ্ট্ৰীয় ঘাইপথৰ প্ৰকল্পৰো আধাৰশিলা স্থাপন কৰে৷,শ্রী মোদী জাতীয় স্তরে গুরুত্বপূর্ণ তিনটি মহাসড়ক প্রকল্পেরও শিলান্যাস করেন।,તેમણે રાષ્ટ્રીય રાજમાર્ગનાં ત્રણ પ્રોજેક્ટનો શિલાન્યાસ કર્યો હતો.,प्रधानमंत्री ने तीन राष्ट्रीय राजमार्ग परियोजनाओं की भी आधारशिला रखी।,ಮೂರು ರಾಷ್ಟ್ರೀಯ ಹೆದ್ದಾರಿ ಯೋಜನೆಗಳಿಗೆ ಅವರು ಶಂಕುಸ್ಥಾಪನೆ ಮಾಡಿದರು.,മൂന്നു ദേശീയ പാതാ പദ്ധതികളുടെ ശിലാസ്ഥാപനവും പ്രധാനമന്ത്രി നിര്‍വഹിച്ചു.,নেস্নেল হাইৱে প্রোজেক্ত অহুমগীদমক মহাক্না উরেপ উয়ুং তমখি।,तीन राष्ट्रीय महामार्ग प्रकल्पांचे भूमीपूजनही पंतप्रधानांनी केले.,ତିନୋଟି ଜାତୀୟ ରାଜପଥ ପ୍ରକଳ୍ପ ଲାଗି ମଧ୍ୟ ପ୍ରଧାନମନ୍ତ୍ରୀ ଏହି ଅବସରରେ ଆଧାରଶିଳା ରଖିଥିଲେ ।,ਪ੍ਰਧਾਨ ਮੰਤਰੀ ਨੇ ਤਿੰਨ ਰਾਸ਼ਟਰੀ ਰਾਜਮਾਰਗ ਪ੍ਰੋਜੈਕਟਾਂ ਦਾ ਵੀ ਨੀਂਹ ਪੱਥਰ ਰੱਖਿਆ।,மூன்று தேசிய நெடுஞ்சாலை திட்டங்களுக்கு அவர் அடிக்கல் நாட்டினார்.,ఈసంద‌ర్భంగావారుమూడుజాతీయర‌హ‌దారులప్రాజెక్టుల‌కుశంకుస్థాప‌నచేశారు.,انہوں نےتین قومی شاہراہوں کے منصوبوں کا سنگ بنیاد رکھا ۔
"Cleanest cities, and best performing States will receive awards from the Prime Minister.",আটাইতকৈ পৰিষ্কাৰ চহৰ আৰু ভাল কাম-কাজ প্ৰদৰ্শন কৰা ৰাজ্যসমূহক প্ৰধানমন্ত্ৰীয়ে বঁটা প্ৰদান কৰিব।,সর্বাপেক্ষা বেশি পরিচ্ছন্ন শহর এবং উন্নততর কাজকর্মের নিরিখে নির্বাচিত শ্রেষ্ঠ শহরগুলিকে পুরস্কৃত করবেন তিনি।,સ્વચ્છ શહેરો અને શ્રેષ્ઠ દેખાવ કરતા રાજ્યોને પ્રધાનમંત્રી તરફથી પુરસ્કાર પ્રાપ્ત થશે.,सबसे स्वच्छ शहरों एवं सर्वोत्कृष्ट प्रदर्शन करने वाले राज्यों को प्रधानमंत्री सम्मानित करेंगे।,"ಸ್ಚಚ್ಚ ನಗರಗಳು, ಮತ್ತು ಅತ್ಯುತ್ತಮ ಸಾಧಕ ರಾಜ್ಯಗಳು ಪ್ರಧಾನ ಮಂತ್ರಿ ಅವರಿಂದ ಪ್ರಶಸ್ತಿ ಪಡೆಯಲಿವೆ.","വൃത്തിയുള്ള നഗരങ്ങള്‍, മികച്ച പ്രകടനം കാഴ്ച വച്ച സംസ്ഥാനങ്ങള്‍ മുതലായവ പ്രധാനമന്ത്രിയില്‍ നിന്ന് പുരസ്‌ക്കാരങ്ങള്‍ സ്വീകരിക്കും.","খ্বাইদগী লু–নানবা শহরশিং, খ্বাইদগী ফজনা শরুক য়াবা রাজ্যশিংনা প্রধান মন্ত্রীদগী মনাশিং লৌগনি।",सर्वात स्वच्छ शहरे आणि उत्तम कामगिरी करणाऱ्या राज्यांना पंतप्रधानांच्या हस्ते पुरस्कार देण्यात येतील.,ସବୁଠାରୁ ସ୍ଵଚ୍ଛ ସହର ଏବଂ ଉତ୍ତମ ପ୍ରଦର୍ଶନ କରିଥିବା ରାଜ୍ୟମାନେ ପ୍ରଧାନମନ୍ତ୍ରୀଙ୍କଠାରୁ ପୁରସ୍କାର ଗ୍ରହଣ କରିବେ ।,ਸਭ ਤੋਂ ਸਾਫ ਸ਼ਹਿਰਾਂ ਅਤੇ ਸਭ ਤੋਂ ਬਿਹਤਰੀਨ ਕਾਰਗੁਜ਼ਾਰੀ ਦਿਖਾਉਣ ਵਾਲੇ ਰਾਜ ਨੂੰ ਪ੍ਰਧਾਨ ਮੰਤਰੀ ਪੁਰਸਕਾਰ ਦੇਣਗੇ।,"மிகவும் தூய்மையாக பராமரிக்கப்பட்ட நகரங்கள், சிறப்பாக செயல்பட்ட மாநிலங்கள் ஆகியன பிரதமரிடமிருந்து விருதுகளைப் பெறவுள்ளன.",అత్యంత శుభ్ర‌మైన న‌గ‌రాలు మ‌రియు అత్యంత ఉత్త‌మ‌మైన ప‌నితీరును క‌న‌బ‌ర‌చిన రాష్ట్రాలు ప్ర‌ధాన మంత్రి వ‌ద్ద నుండి పుర‌స్కారాల‌ను స్వీక‌రించ‌నున్నాయి.,انتہائی کی صاف ستھرے شہروں اور بہترین کارکردگی والی ریاستوں کو وزیراعظم کے ہاتھوں ایوارڈز حاصل ہوں گے۔
He said the health assurance scheme – Ayushman Bharat would be rolled out soon.,স্বাস্থ্য বীমা আঁচনি –আয়ুষ্মান ভাৰতৰ জৰিয়তে শীঘ্ৰে সকলোকে সামৰি ল’ব বুলি কয় প্ৰধানমন্ত্ৰী।,স্বাস্থ্য নিশ্চয়তা প্রকল্প – আয়ুষ্মান ভারত শীঘ্রই শুরু হবে বলেও তিনি জানান।,"તેમણે કહ્યું હતું કે, સ્વાસ્થ્ય વીમા યોજના – આયુષ્માન ભારત ટૂંક સમયમાં શરૂ થશે.",उन्होंने कहा कि स्वास्थ्य बीमा योजना-आयुष्मान भारत शीध्र ही कार्यान्वित की जाएगी।,ಆರೋಗ್ಯ ಖಾತ್ರಿ ಯೋಜನೆ – ಆಯುಷ್ಮಾನ್ ಭಾರತ ಶೀಘ್ರವೇ ಜಾರಿಯಾಗಲಿದೆ ಎಂದೂ ತಿಳಿಸಿದರು.,ആരോഗ്യസംരക്ഷണ പദ്ധതിയായ ആയുഷ്മാന്‍ ഭാരതിന് ഉടന്‍ തുടക്കമിടുമെന്നു പ്രധാനമന്ത്രി വ്യക്തമാക്കി.,হেল্থ এসুরেন্স স্কিম – আয়ুশ্মান ভারত অথুবা মতমদা হৌরগনি হায়না মহাক্না ফোংদোকখি।,त्यांनी सांगितले की आरोग्य आश्वासन योजना – आयुष्यमान भारत लवकरच सुरु होईल.,ସେ କହିଲେ ଯେ ଖୁବ ଶୀଘ୍ର ସ୍ୱାସ୍ଥ୍ୟ ସୁରକ୍ଷା ଯୋଜନା – ଆୟୁଷ୍ମାନ ଭାରତ କାର୍ଯ୍ୟକାରୀ କରାଯିବ ।,ਉਨ੍ਹਾਂ ਕਿਹਾ ਕਿ ਸਿਹਤ ਬੀਮਾ ਯੋਜਨਾ-ਆਯੁਸ਼ਮਾਨ ਭਾਰਤ ਵੀ ਛੇਤੀ ਹੀ ਲਾਗੂ ਕੀਤੀ ਜਾਵੇਗੀ।,மருத்துவ சிகிச்சை உறுதி அளிப்பு திட்டமான ஆயுஷ்மான் பாரத் விரைவில் செயல்படத் தொடங்கும் என்றார்.,ఆరోగ్య హామీ ప‌థ‌కమైన ‘ఆయుష్మాన్ భార‌త్’ ను త్వ‌రలో ప్రారంభించ‌నున్న‌ట్లు ఆయ‌న వెల్ల‌డించారు.,انہوں نے کہا کہ صحت بیمہ یوجنا – آیوشمان بھارت جلد ہی نافذ کی جائے گی۔
"The Union Cabinet chaired by Prime Minister Shri Narendra Modi has approved the extension of the term of the Commission to examine the issue of Sub-categorization of Other Backward Classes in the Central List till November, 2018.",প্ৰধানমন্ত্ৰী নৰেন্দ্ৰ মোদীৰ অধ্যক্ষতাত বহা কেন্দ্ৰীয় কেবিনেটে কেন্দ্ৰীয় তালিকাত অন্যান্য পিছপৰা জাতিসমূহৰ উপ-শ্ৰেণীবদ্ধকৰণৰ বিষয়টো পৰীক্ষা কৰাৰ বাবে গঠন কৰি দিয়া আয়োগৰ কাৰ্যকাল ২০১৮ চনৰ নৱেম্বৰ মাহলৈ বৃদ্ধি কৰা বিষয়টোত অনুমোদন জনাইছে৷,কেন্দ্রীয় তালিকায় অন্যান্য অনগ্রসর শ্রেণীগুলির ক্রমপর্যায় ও বিন্যাসের বিষয়টি খতিয়ে দেখতে সংশ্লিষ্ট কমিশনের কার্যকালের মেয়াদ এ বছরের নভেম্বর মাস পর্যন্ত সম্প্রসারণের একটি প্রস্তাব আজ অনুমোদিত হল প্রধানমন্ত্রী শ্রী নরেন্দ্র মোদীর নেতৃত্বে অনুষ্ঠিত কেন্দ্রীয় মন্ত্রিসভার বৈঠকে।,"તેમાં મંત્રીમંડળે કેન્દ્રીય યાદીમાં અન્ય પછાત વર્ગો (ઓબીસી)નાં પેટા-વર્ગીકરણ નક્કી કરવાનાં વિષયની ચકાસણી કરવા માટેનાં પંચનો સમયગાળો નવેમ્બર, 2018 સુધી લંબાવવાની મંજૂરી આપી હતી.","प्रधानमंत्री श्री नरेन्‍द्र मोदी की अध्‍यक्षता में मंत्रिमंडल ने केंद्रीय सूची में अन्‍य पिछड़ा वर्गों के उप-वर्ग निर्धारण के विषय की पड़ताल करने के लिए आयोग की अवधि को नवंबर, 2018 तक विस्‍तार देने की मंजूरी दे दी है।","ಪ್ರಧಾನಮಂತ್ರಿ ಶ್ರೀ ನರೇಂದ್ರ ಮೋದಿ ಅವರ ಅಧ್ಯಕ್ಷತೆಯಲ್ಲಿ ನಡೆದ ಕೇಂದ್ರ ಸಂಪುಟ ಸಭೆ, ಕೇಂದ್ರದ ಪಟ್ಟಿಯಲ್ಲಿರುವ ಇತರೆ ಹಿಂದುಳಿದ ವರ್ಗಗಳ ಮರು ವರ್ಗೀಕರಣ ವಿಷಯ ಕುರಿತಂತೆ ರಚಿಸಲಾಗಿರುವ ಆಯೋಗದ ಅವಧಿಯನ್ನು 2018ರ ನವೆಂಬರ್ ವರೆಗೆ ವಿಸ್ತರಿಸಲು ಅನುಮೋದನೆ ನೀಡಿತು.",കേന്ദ്ര പട്ടികയിലെ മറ്റു പിന്നോക്ക വിഭാഗങ്ങളുടെ ഉപപട്ടിക രൂപീകരിക്കുന്നതു പരിശോധിക്കുന്നതിനുള്ള കമ്മീഷന്റെ കാലാവധി 2018 നവംബര്‍ വരെ നീട്ടുന്നതിനു പ്രധാനമന്ത്രി ശ്രീ.,"প্রধান মন্ত্রী শ্রী নরেন্দ্র মোদীনা লুচীংবা কেন্দ্রগী মন্ত্রীমন্দলনা কেন্দ্রগী লিস্তা অদর বেকৱর্দ ক্লাসকী সব-কেতগোরাইজেসন তৌবগী মতাংদা য়েংশিন্নবগীদমক কমিসনগী মতম নবেম্বর, ২০১৮ ফাওবা শাংদোকহন্নবগী অয়াবা পীখ্রে।","पंतप्रधान नरेंद्र मोदी यांच्या अध्यक्षतेखाली झालेल्या केंद्रीय मंत्रीमंडळाच्या बैठकीत, केंद्रीय सूचीमध्ये इतर मागासवर्गांच्या उपवर्गीकरणाच्या मुद्याच्या पडताळणीसाठीच्या आयोगाला नोव्हेंबर 2018 पर्यंत मुदतवाढ द्यायला मंजुरी देण्यात आली.","ପ୍ରଧାନମନ୍ତ୍ରୀ ଶ୍ରୀ ନରେନ୍ଦ୍ର ମୋଦୀଙ୍କ ଅଧ୍ୟକ୍ଷତାରେ ଅନୁଷ୍ଠିତ କେନ୍ଦ୍ର କ୍ୟାବିନେଟ ଆଜି କେନ୍ଦ୍ରୀୟ ତାଲିକାରେ ଅନ୍ୟାନ୍ୟ ପଛୁଆ ବର୍ଗ (ଓବିସି)ମାନଙ୍କ ଉପବର୍ଗୀକରଣ ପ୍ରସଙ୍ଗର ଅନୁଧ୍ୟାନ ଲାଗି ଗଠିତ ଆୟୋଗଙ୍କ କାର୍ଯ୍ୟକାଳକୁ ନଭେମ୍ବର, 2018 ପର୍ଯ୍ୟନ୍ତ ବୃଦ୍ଧି କରିଛନ୍ତି ।","ਪ੍ਰਧਾਨ ਮੰਤਰੀ, ਸ਼੍ਰੀ ਨਰੇਂਦਰ ਮੋਦੀ ਦੀ ਅਗਵਾਈ ਵਿੱਚ ਮੰਤਰੀ ਮੰਡਲ ਨੇ ਕੇਂਦਰੀ ਸੂਚੀ ਵਿੱਚ ਹੋਰ ਪਿਛੜੇ ਵਰਗ ਦੇ ਉਪ-ਵਰਗ ਨਿਰਧਾਰਨ ਦੇ ਵਿਸ਼ੇ ਦੀ ਪੜਤਾਲ ਕਰਨ ਲਈ ਆਯੋਗ ਦੀ ਮਿਆਦ ਨੂੰ ਨਵੰਬਰ, 2018 ਤੱਕ ਵਧਾਉਣ ਦੀ ਪ੍ਰਵਾਨਗੀ ਦੇ ਦਿੱਤੀ ਹੈ।",மத்திய பட்டியலில் பிற பிற்படுத்தப்பட்ட வகுப்பினரை துணை பிரிவுப்படுத்தும் பிரச்சனை தொடர்பாக ஆய்வு செய்ய அமைக்கப்பட்ட ஆணையத்தின் பதவிக் காலத்தை இந்த ஆண்டு நவம்பர் மாதம் வரை நீடிக்க இன்று புதுதில்லியில் பிரதமர் திரு. நரேந்திர மோடி தலைமையில் நடைபெற்ற மத்திய அமைச்சரவை ஒப்புதல் அளித்தது.,కేంద్ర జాబితా లో ఇత‌ర వెనుక‌బ‌డిన కులాల‌ ఉప వ‌ర్గీక‌ర‌ణ అంశాన్ని ప‌రిశీలించేందుకు క‌మిషన్ ప‌ద‌వీకాలాన్ని 2018 న‌వంబ‌ర్ వ‌ర‌కు పొడిగించడానికి ప్ర‌ధాన మంత్రి శ్రీ న‌రేంద్ర మోదీ అధ్య‌క్ష‌త‌న జ‌రిగిన కేంద్ర మంత్రివ‌ర్గ స‌మావేశం ఆమోదం తెలిపింది.,نئی دہلی، 9 اگست 2018/مرکزی کابینہ کی میٹنگ نے جس کی صدارت وزیراعظم جناب نریندرمودی نے کی ، مرکزی فہرست میں دیگر پسماندہ پسماندہ طبقات کے ذیلی زمرے قائم کرنے کے مسئلہ کا جائزہ لینے کے لئے کمیشن کی مدت کار میں نومبر 2018 تک توسیع کردی ہے۔
"PM unveiled the state of art, super-speciality public hospital – Sardar Vallabhbhai Patel Institute of Medical Sciences and Research in Ahmedabad.","প্ৰধানমন্ত্ৰীয়ে আমেদাবাদত অত্যাধুনিক, অতি বিশিষ্ট সেৱাৰে সমৃদ্ধ চর্দাৰ বল্লবভাই পেটেল চিকিৎসা বিজ্ঞান আৰু গৱেষণা প্ৰতিষ্ঠানৰ আধাৰশিলা স্থাপন কৰে।","শ্রী মোদী আমেদাবাদে অত্যাধুনিক, সুপার-স্পেশালিটি সরকারি হাসপাতাল – সর্দার বল্লবভাই প্যাটেল ইনস্টিটিউট অফ মেডিকেল সায়েন্সেস অ্যান্ড রিসার্চ-এর শিলান্যাস করেন।",પ્રધાનમંત્રીએ અમદાવાદમાં અદ્યતન સુપર-સ્પેશ્યાલિટી જાહેર હૉસ્પિટલ- સરદાર વલ્લભભાઈ પટેલ ઈન્સ્ટિટ્યુટ ઑફ મેડિકલ સાયન્સીસ અને રિસર્ચનો શુભારંભ કર્યો હતો.,प्रधानमंत्री ने अत्याधुनिक सुपर-स्पेशियलिटी सार्वजनिक अस्पताल-अहमदाबाद में सरदार वल्लभ भाई पटेल आयुर्विज्ञान एवं अनुसंधान का अनावरण किया।,ಪ್ರಧಾನಮಂತ್ರಿಯವರು– ಸರ್ಧಾರ್ ವಲ್ಲಭಬಾಯ್ ಪಟೇಲ್ ವೈದ್ಯಕೀಯ ವಿಜ್ಞಾನ ಮತ್ತು ಸಂಶೋಧನಾ ಸಂಸ್ಥೆಯ ಸುಸಜ್ಜಿತ ಸೂಪರ್ ಸ್ಪೆಷಾಲಿಟಿ ಸಾರ್ವಜನಿಕ ಆಸ್ಪತ್ರೆಯನ್ನು ಅಹಮದಾಬಾದ್ ನಲ್ಲಿ ಅನಾವರಣ ಮಾಡಿದರು.,അഹമ്മദാബാദില്‍ മികച്ച ആതുരാലയമായ സര്‍ദാര്‍ വല്ലഭായ് പട്ടേല്‍ ഇന്‍സ്റ്റിറ്റ്യൂട്ട് ഓഫ് മെഡിക്കല്‍ സയന്‍സസ് ആന്‍ഡ് റിസര്‍ച്ചിന്റെ ഉദ്ഘാടനവും പ്രധാനമന്ത്രി നിര്‍വഹിച്ചു.,প্রধান মন্ত্রীগী গুজরাত খোংচৎকী অহানবা নুমীৎতা বাইবরেন্ত গুজরাত সম্মিতকী থৌরাংগাদমক একজিবিসন সেন্তরদা ফ্লেগশিপ গ্লোবেল ত্রেদ শো হৌদোক্তুনা মার্ক তৌখি।,तसेच पंतप्रधानांनी राज्य कला केंद्राचे अनावरण आणि अहमदाबाद येथे सरदार वल्लभभाई पटेल वैद्यकीय विज्ञान आणि संशोधन संस्था या सुपर स्पेशालिटी पब्लिक हॉस्पिटलचे सुध्दा उद्‌घाटन केले.,ଅହମ୍ମଦାବାଦଠାରେ ଅତ୍ୟାଧୁନିକ ସୁପର ସ୍ପେଶାଲିଟି ସରକାରୀ ହସପିଟାଲ-ସର୍ଦ୍ଦାର ବଲ୍ଲଭ ଭାଇ ପଟେଲ ଇନଷ୍ଟିଟ୍ୟୁଟ ଅଫ ମେଡ଼ିକାଲ ସାଇନ୍ସେସ ଏଣ୍ଡ ରିସର୍ଚ୍ଚର ଉନ୍ମୋଚନ କରିଥିଲେ ।,ਪ੍ਰਧਾਨ ਮੰਤਰੀ ਨੇ ਅਹਿਮਦਾਬਾਦ ਵਿੱਚ ਸੁਪਰ ਸਪੈਸ਼ਲਿਟੀ ਜਨਤਕ ਹਸਪਤਾਲ ਸਰਦਾਰ ਵੱਲਭ ਭਾਈ ਪਟੇਲ ਮੈਡੀਕਲ ਵਿਗਿਆਨ ਅਤੇ ਖੋਜ ਦਾ ਉਦਘਾਟਨ ਕੀਤਾ।,அகமதாபாதில் அதிநவீன உயர்சிறப்பு பொது மருத்துவமனையான சர்தார் வல்லபாய் பட்டேல் மருத்துவ அறிவியல் மற்றும் ஆராய்ச்சி மையத்தையும் பிரதமர் திறந்து வைத்தார்.,అహమ్మ‌దాబాద్‌లో నిర్మించిన సూప‌ర్ స్పెషాలిటీ ప‌బ్లిక్ హాస్పిటల్‌ స‌ర్దార్ వ‌ల్ల‌భాయ్ ప‌టేల్ ఇనిస్టిట్యూట్ ఆఫ్ మెడిక‌ల్ సైన్సెస్ అండ్ రీసెర్చ్ ను ప్ర‌ధాని ప్రారంభించారు.,وزیر اعظم نے احمد آباد میں جدید ترین سہولیات والے اسپتال سردار ولبھ بھائی پٹیل انسٹی ٹیوٹ آف میڈیکل سائنسز اینڈ ریسرچ کا افتتاح کیا ۔
Prime Minister Shri Narendra Modi has wished people on World Health Day.,প্ৰধানমন্ত্ৰী শ্ৰী নৰেন্দ্ৰ মোদীয়ে বিশ্ব স্বাস্থ্য দিৱস উপলক্ষে জনসাধাৰণলৈ শুভেচ্ছা জ্ঞাপন কৰিছে।,প্রধানমন্ত্রী শ্রী নরেন্দ্র মোদী বিশ্ব স্বাস্থ্য দিবসে দেশবাসীকেশুভেচ্ছা জানিয়েছেন।,પ્રધાનમંત્રી શ્રી નરેન્દ્ર મોદીએ વિશ્વ આરોગ્ય દિવસ પર લોકોને શુભેચ્છા પાઠવી છે.,प्रधानमंत्री श्री नरेंद्र मोदी ने लोगों को विश्व स्वास्थ्य दिवस पर शुभकामनायें दी हैं।,ಪ್ರಧಾನ ಮಂತ್ರಿ ಶ್ರೀ ನರೇಂದ್ರ ಮೋದಿ ಅವರು ಜನತೆಗೆ ವಿಶ್ವ ಆರೋಗ್ಯ ದಿನದ ಶುಭಾಶಯ ಕೋರಿದ್ದಾರೆ.,നരേന്ദ്ര മോദി ജനങ്ങള്‍ക്കു ലോകാരോഗ്യദിന സന്ദേശം നേര്‍ന്നു.,মালেমগী হকশেলগী নুমিৎনা লাকপদা প্রধান মন্ত্রী শ্রী নরেন্দ্র মোদীনা মীয়ামদা য়াইফ-পাউজেল পীখ্রে,पंतप्रधान नरेंद्र मोदी यांनी जागतिक आरोग्य दिनानिमित्त जनतेला शुभेच्छा दिल्या आहेत.,ପ୍ରଧାନମନ୍ତ୍ରୀ ଶ୍ରୀ ନରେନ୍ଦ୍ର ମୋଦୀ ବିଶ୍ଵ ସ୍ୱାସ୍ଥ୍ୟ ଦିବସ ପାଳନ ଅବସରରେ ଜନସାଧାରଣଙ୍କୁ ଶୁଭେଚ୍ଛା ଜଣାଇଛନ୍ତି ।,"ਪ੍ਰਧਾਨ ਮੰਤਰੀ, ਸ਼੍ਰੀ ਨਰੇਂਦਰ ਮੋਦੀ ਨੇ ਲੋਕਾਂ ਨੂੰ ਵਿਸ਼ਵ ਸਿਹਤ ਦਿਵਸ ਉੱਤੇ ਸ਼ੁਭਕਾਮਨਾਵਾਂ ਦਿੱਤੀਆਂ ਹਨ।",உலகச் சுகாதார தினத்தையொட்டி பிரதம மந்திரி திரு. நரேந்திர மோடி நாட்டு மக்களுக்குத் தமது வாழ்த்துகளைத் தெரிவித்துள்ளார்.,"ప్ర‌ధాన‌మంత్రి శ్రీ న‌రేంద్ర మోదీ, ప్ర‌పంచ ఆరోగ్య దినోత్స‌వం సంద‌ర్భంగా ప్ర‌జ‌ల‌కు శుభాకాంక్ష‌లు తెలియ‌జేశారు.",نئیدہلی۔ 07 اپریل 2018؛ وزیر اعظم جناب نریندر مودی نے لوگوں کو عالمی یوم صحت کے موقع پر مبارکباد دی ہے۔
"As fellow market economies, our needs and strengths are complementary.","কোৰিয়াই ভাৰতৰ ‘মেক ইন ইণ্ডিয়া’, ‘ষ্টার্ট-আপ ইণ্ডিয়া’ আৰু ‘ক্লীন ইণ্ডিয়া’ প্ৰকল্পৰো গুৰুত্বপূর্ণ অংশীদাৰ দেশ।",দুটি দেশই অর্থনৈতিক এবং অন্যান্য ক্ষেত্রে একে অপরের সঙ্গে সহযোগিতা বজায় রেখেছে।,સાથી બજાર અર્થતંત્રો તરીકે આપણી જરૂરિયાતો અને ક્ષમતાઓ એકબીજાની પૂરક છે.,बाजार अर्थव्यवस्था होने के कारण हमारी आवश्यकता और शक्ति एक दूसरे के अनुपूरक हैं।,ಸಹದ್ಯೋಗಿ ಮಾರುಕಟ್ಟೆ ಆರ್ಥಿಕತೆಯಾಗಿರುವ ನಮ್ಮ ಆವಶ್ಯಕತೆಗಳು ಮತ್ತು ಬಲಗಳು ಪೂರಕವಾಗಿವೆ.,"സഹ കമ്പോള സമ്പദ്‌വ്യവസ്ഥകളെന്ന നിലയില്‍, നമ്മുടെ ആവശ്യങ്ങളും ശക്തികളും പരസ്പര പൂരകമാണ്.",মার্কেৎ ইকোনোমীগী মপাং ওইনা ঐখোয়গী দরকার ওইবশিং অমসুং পাঙ্গল শক্তিশিং থাগৎনীংঙাইনি।,मित्र अर्थव्यवस्था म्हणून आमच्या गरजा आणि जमेच्या बाजू एकमेकांना पूरक आहेत.,"ସହଭାଗୀ ବଜାର ଅର୍ଥବ୍ୟବସ୍ଥା ଭାବେ, ଆମର ଆବଶ୍ୟକତା ଏବଂ ଶକ୍ତି ପରସ୍ପରର ଅନୁପୂରକ ।",ਬਜ਼ਾਰ ਅਰਥਵਿਵਸਥਾ ਹੋਣ ਦੇ ਕਾਰਨ ਸਾਡੀਆਂ ਜ਼ਰੂਰਤਾਂ ਅਤੇ ਸ਼ਕਤੀਆਂ ਇੱਕ ਦੂਜੇ ਦੀਆਂ ਪੂਰਕ ਹਨ ।,"சக சந்தைப் பொருளாதாரங்கள் என்பதால் நமது தேவைகளும், வலிமையும் ஒன்றுக்கொன்று சார்புடையதாகவே இருக்கின்றன.","స‌హ మార్కెట్ ఆర్థిక వ్య‌వ‌స్థ‌లుగా మా అవ‌స‌రాలు, మా బ‌లాలు ప‌ర‌స్ప‌ర పూర‌కాలు.",ہماری مارکیٹ اقتصادیات ، ہماری ضروریات اور قوت یکساں ہے ۔
“India remembers Dr. Zakir Hussain on his birth anniversary.,“ড০ জাকিৰ হুছেইনৰ জন্মজয়ন্তীত ভাৰতে তেখেতক স্মৰণ কৰিছে।,“ডঃ জাকির হোসেনের জন্মবার্ষিকীতে ভারত তাঁকে স্মরণ করছে।,"પ્રધાનમંત્રીએ કહ્યું કે, “ભારત ડૉ. ઝાકિર હુસૈનને તેમની જન્મ જયંતિ પર યાદ કરે છે.","प्रधानमंत्री ने कहा, ‘भारत डॉ. जाकिर हुसैन को उनकी जयंती पर याद कर रहा है।",“ಡಾ. ಜಾಕೀರ್ ಹುಸೇನ್ ಅವರನ್ನು ಅವರ ಜಯಂತಿಯಂದು ಭಾರತ ಸ್ಮರಿಸುತ್ತಿದೆ.,‘ഡോ. സക്കീര്‍ ഹുസൈനെ അദ്ദേഹത്തിന്റെ ജന്മവാര്‍ഷിക ദിനത്തില്‍ രാജ്യം അനുസ്മരിക്കുന്നു.,প্রধানমন্ত্রীনা হায়খি “ ভারতনা দা. জাকির হুসেনবু মহাক্কী মপোক থৌরমদা নিংশিংজরি ।,"पंतप्रधान म्हणाले, “डॉ. झाकीर हुसैन यांच्या जयंतीदिनी देश त्यांचे स्मरण करत आहे.",“ଡଃ ଜାକିର ହୁସେନଙ୍କୁ ତାଙ୍କ ଜନ୍ମ ତିଥିରେ ଆଜି ଭାରତ ସ୍ମରଣ କରୁଛି ।,"ਪ੍ਰਧਾਨ ਮੰਤਰੀ ਨੇ ਕਿਹਾ,”ਭਾਰਤ ਡਾ.ਜ਼ਾਕਿਰ ਹੁਸੈਨ ਨੂੰ ਉਨ੍ਹਾਂ ਦੀ ਜਨਮ ਵਰ੍ਹੇਗੰਢ ‘ਤੇ ਯਾਦ ਕਰਦਾ ਹੈ।",”டாக்டர் ஜாகீர் உசைன் பிறந்த நாளான இன்று நாடே அவரை நினைவுகூர்கிறது.,“డాక్ట‌ర్ జాకిర్ హుసేన్ జ‌యంతి సంద‌ర్భంగా భార‌త‌దేశం ఆయనను స్మ‌రించుకొంటోంది.,وزیر اعظم نے کہا کہ ہندوستان ڈاکٹر ذاکر حسین کو ان کی سالگرہ پر یاد کرتا ہے۔
"Under the Comprehensive Primary Health Care aspect of Ayushman Bharat, we will provide preventive and curative services at primary care level to people near their homes.",আয়ুস্মান ভাৰতৰ সহজলভ্য প্ৰাথমিক স্বাস্থ্য সেৱাৰ অধীনত আমি জনসাধাৰণক তেওঁলোকৰ ঘৰৰ ওচৰতে প্ৰতিৰোধী আৰু নিৰাময় সেৱা আগবঢ়াম৷,‘আয়ুষ্মানভারত’-এর সুসংহত প্রাথমিক স্বাস্থ্য পরিচর্যা ব্যবস্থার আওতায় সাধারণ মানুষেরবসবাসের নিকটবর্তী এলাকাতেই আমরা প্রতিরোধমূলক এবং নিরাময় সম্পর্কিত সুযোগ-সুবিধারপ্রসার ঘটাব।,આયુષ્માન ભારતનાં વિસ્તૃત મુખ્ય સ્વાસ્થ્ય સુનિધાનાં વિચાર હેઠળ લોકોને તેમનાં ઘરની નજીક પ્રાથમિક સારસંભાળનાં સ્તરે નિવારણાત્મક અને ઉપચારાત્મક સેવાઓ પ્રદાન કરવામાં આવશે.,आयुष्मान भारत के व्यापक प्राथमिक स्वास्थ्य सेवा के अंतर्गत हम लोगों के घरों के निकट बीमारियों की रोकथाम और इलाज की सेवा प्राथमिक स्तर पर प्रदान करेंगे।,"ಸಮಗ್ರ ಪ್ರಾಥಮಿಕ ಆರೋಗ್ಯ ಆರೈಕೆ ಅಂಶಗಳ ಆಯುಷ್ಮಾನ್ ಭಾರತದ ಅಡಿಯಲ್ಲಿ, ನಾವು ಪ್ರಾಥಮಿಕ ರಕ್ಷಣೆ ಮಟ್ಟದಲ್ಲಿ ಜನರಿಗೆ ಅವರ ಮನೆಗಳ ಸಮೀಪವೇ ರೋಗ ತಡೆ ಮತ್ತು ಚಿಕಿತ್ಸಕ ಸೇವೆಗಳನ್ನು ಒದಗಿಸಲಿದ್ದೇವೆ.",സമഗ്ര പ്രാഥമിക ആരോഗ്യ സുരക്ഷാ സംവിധാനമായ ആയുഷ്മാന്‍ ഭാരതിന്റെ കീഴില്‍ പ്രതിരോധവും ഒപ്പം ചികിത്സക്കുമായി മെഡിക്കല്‍ സേവനം പ്രാഥമികതലത്തില്‍ ആളുകള്‍ക്ക് അവരുടെ വീടുകളുടെ സമീപത്ത് തന്നെ ഞങ്ങള്‍ ലഭ്യമാക്കും.,আয়ুশ্মান ভারতকী কমপ্রেহেন্সিব প্রাইমারী হেল্থ কেয়রগী মখাদা মীয়ামগী ময়ুম মনাক্তা ঐখোয়না প্রাইমারী কেয়রগী থাক্তা প্রিভেন্তিব এন্দ ক্যুরেতিব সর্বিসশিং ফংহল্লগনি।,"‘आयुष्मान भारत’ योजनेच्या एकात्मिक प्राथमिक आरोग्य सेवेंतर्गत, आम्ही नागरिकांना त्यांच्या घरापासून जवळ, प्रतिबंधात्मक उपाय आणि उपचारांची सुविधा प्रदान करणार आहोत.",ଆୟୁଷ୍ମାନ ଭାରତର ପ୍ରାଥମିକ ସ୍ୱାସ୍ଥ୍ୟ ସେବା ପ୍ରସଙ୍ଗର ବିସ୍ତୃତ ଦିଗ ଅଧୀନରେ ଆମେ ଲୋକମାନଙ୍କୁ ସେମାନଙ୍କ ଘର ପାଖରେ ପ୍ରତିଷେଧମୂଳକ ଏବଂ ରୋଗନାଶକ ସେବା ଯୋଗାଇଦେବୁ ।,ਆਯੁਸ਼ਮਾਨ ਭਾਰਤ ਅਧੀਨ ਵਿਆਪਕ ਮੁੱਢਲੀ ਸਿਹਤ ਸੰਭਾਲ ਦੇ ਪਹਿਲੂਆਂ ਤਹਿਤ ਲੋਕਾਂ ਨੂੰ ਮੁੱਢਲੇ ਸੰਭਾਲ ਪੱਧਰ ’ਤੇ ਉਨ੍ਹਾਂ ਦੇ ਘਰਾਂ ਦੇ ਨਜ਼ਦੀਕ ਨਿਰੋਧਕ ਅਤੇ ਉਪਚਾਰਤਾਮਕ ਸੇਵਾਵਾਂ ਪ੍ਰਦਾਨ ਕਰਨਗੇ।,"ஆயுஷ்மான் பாரத் திட்டத்தின் ஒருங்கிணைந்த ஆரம்ப சுகாதாரத் திட்டத்தின் கீழ், மக்களின் வீடுகளுக்கு அருகே உள்ள ஆரம்பச் சுகாதார நிலையங்கள் அளவிலேயே நோய்த் தடுப்பு மற்றும் சிகிச்சைச் சேவைகளை நாம் வழங்கவிருக்கிறோம்.",ఆయుష్మాన్ భార‌త్ లో నిర్దేశించుకొన్న స‌మ‌గ్ర ప్రాథ‌మిక ఆరోగ్య సంర‌క్ష‌ణ లో భాగంగా మేము ప్ర‌జ‌ల‌కు వారి ఇళ్ళ స‌మీపంలోనే నివార‌క మ‌రియు రోగ నాశ‌క సేవ‌ల‌ను అందిస్తాము.,آیوشمان بھارت اسکیم کے جامع پرائمری صحت نگہداشت کے تحت ہم لوگوں کو ان کے گھروں کے قریب پرائمری سطح کی ایسی صحت خدمات دستیاب کرائیں گے جن کی بدولت وہاں بیماریوں کی روک تھام ہوسکے اور اگر بیماری ہوہی جائے تو اس کا علاج کیا جاسکے۔
He inspected a tri-services guard of honour on arrival at the Air Force Station in Jodhpur.,যোধপুৰ বায়ুসেনা ঘাটিত তিনি বাহিনীয়ে প্ৰধানমন্ত্ৰীক অভিবাদন জনায়।,যোধপুর বায়ুসেনা ঘাঁটিতে তিন বাহিনীর পক্ষ থেকে তাঁকে গার্ড অফ অনার দেওয়া হয়।,તેઓ જોધપુરમાં એર ફોર્સ સ્ટેશનમાં આવતાં તેમને સેનાની ત્રણેય પાંખ દ્વારા ગાર્ડ ઓફ ઑનર આપવામાં આવ્યું હતું.,उन्‍होंने इस अवसर पर लगाई गई प्रदर्शनी का अवलोकन भी किया।,ಜೋಧಪುರದ ವಾಯುಸೇನಾ ಕೇಂದ್ರಕ್ಕೆ ಆಗಮಿಸಿದ ಅವರು ಮೂರೂ ಸೇನೆಗಳ ರಕ್ಷಾ ಗೌರವವನ್ನು ವೀಕ್ಷಿಸಿದರು.,ജോധ്പൂര്‍ എയര്‍ഫോഴ്‌സ് സ്റ്റേഷനില്‍ അദ്ദേഹം മൂന്ന് സേനകളുടെയും ഗാര്‍ഡ് ഓഫ് ഹോണര്‍ പരിശോധിച്ചു.,মহাক্না জোধপুরগী এয়র ফোর্স স্তেসন্দা থুংলবদা সর্বিস অহুমগী গার্দ ওফ ওনর য়েংখি।,जोधपूर हवाई दलाच्या ठाण्यावर आगमन झाल्यानंतर पंतप्रधानांनी तीनही सेवा दलांच्या गार्ड ऑफ ऑनरची पाहणी केली.,ଯୋଧପୁର ବାୟୁ ସେନା ଘାଟିରେ ପହଞ୍ଚିବା ପରେ ସେ ତିନି ବାହିନୀ ପକ୍ଷରୁ ଗାର୍ଡ ଅଫ ଅନର ଗ୍ରହଣ କରିଥିଲେ ।,ਜੋਧਪੁਰ ਵਿੱਚ ਏਅਰਫੋਰਸ ਸਟੇਸ਼ਨ ਪਹੁੰਚਣ ‘ਤੇ ਉਨ੍ਹਾਂ ਨੇ ਤਿੰਨੋਂ ਸੇਨਾਵਾਂ ਦੀ ਸੈਨਿਕ ਸਲਾਮੀ ਦਾ ਨਿਰੀਖਣ ਕੀਤਾ।,ஜோத்பூர் விமானநிலையத்தில் அளிக்கப்பட்ட முப்படைகள் அணிவகுப்பை பிரதமர் பார்வையிட்டார்.,జోధ్ పుర్ లో గ‌ల వైమానిక ద‌ళ స్థావ‌రాన్ని చేరుకొని అక్క‌డ త్రివిధ ద‌ళాల గౌర‌వ వంద‌నాన్ని ఆయ‌న స్వీక‌రించారు.,انہوں نے جودھپور میں ایئرفورس اسٹیشن پر تینوں افواج کے گارڈ آف آنر کا معائنہ کیا۔
"In 2016, Akshaya Patra commemorated the serving of 2 billion cumulative meals in the presence of the then President of India, Pranab Mukherjee.",উল্লেখনীয় বিষয় যে এই সংগঠনটোৱে দেশৰ ১২খনৰাজ্যৰ ১৪ হাজাৰ ৭০২ খন বিদ্যালয়ত ১৭ লাখ ৬০ হাজাৰ শিশুক মধ্যাহ্ন ভোজন দি আহিছে।,এই সংগঠন ১২টি রাজ্যের ১৪ হাজার ৭০২টি বিদ্যালয়ে ১৭ লক্ষ ৬০ হাজার শিশুকে মধ্যাহ্নকালীন আহার দিয়ে থাকে।,વર્ષ 2016માં અક્ષયપાત્ર ફાઉન્ડેશને તે સમયના ભારતના રાષ્ટ્રપતિ પ્રણવ મુખર્જીના હસ્તે બે અબજમું ભોજન પીરસ્યું હતું.,"2016 में, अक्षय पात्र फाउंडेशन ने भारत के तत्कालीन राष्ट्रपति प्रणब मुखर्जी की उपस्थिति में 2 अरबवीं भोजन की थाली परोसी थी।",2016 ರಲ್ಲಿ ಭಾರತದ ಅಂದಿನ ರಾಷ್ಟ್ರಪತಿಗಳಾದ ಪ್ರಣಬ್ ಮುಖರ್ಜಿ ಅವರ ಉಪಸ್ಥಿತಿಯಲ್ಲಿ ಒಟ್ಟಾರೆ 2 ಶತಕೋಟಿ ಮಕ್ಕಳಿಗೆ ಉಣಬಡಿಸಿತ್ತು.,രണ്ടു ബില്ല്യന്‍ ഭക്ഷണം വിതരണം ചെയ്തത് 2016ല്‍ അന്നത്തെ രാഷ്ട്രപതി പ്രണാബ് മുഖര്‍ജിയുടെ സാന്നിധ്യത്തില്‍ അക്ഷയപാത്ര ആഘോഷിച്ചിരുന്നു.,২০১৬তা অক্ষয় পত্রনা ভারতকী রাস্ত্রপতি প্রনব মুখর্জীনা শরুক য়াদুনা অপুনবা চাক্লেন বিল্লিয়ন ২গী নীংশিংনীংঙাই ওইবা থৌরম পাংথোকখি।,वर्ष 2016 मध्ये भारताचे तत्कालीन राष्ट्रपती प्रणव मुखर्जी यांच्या उपस्थितीत अक्षय पात्रने 2 अब्ज संचयी जेवणाची सेवा केली.,2016 ମସିହାରେ ଅକ୍ଷୟ ପାତ୍ର କାର୍ଯ୍ୟକ୍ରମ ଜରିଆରେ 200କୋଟିତମ ଖାଦ୍ୟଥାଳି ପରଷା ଯାଇଥିଲା ଯାହାକୁ ତତ୍କାଳୀନ ରାଷ୍ଟ୍ରପତି ପ୍ରଣବ ମୁଖାର୍ଜୀଙ୍କ ଉପସ୍ଥିତିରେ ପ୍ରଦାନ କରାଯାଇଥିଲା ।,"ਸੰਨ 2016 ਵਿੱਚ, ਅਕਸ਼ੈ ਪਾਤ੍ਰ ਫਾਊਂਡੇਸ਼ਨ ਨੇ ਭਾਰਤ ਦੇ ਤਤਕਾਲੀਨ ਰਾਸ਼ਟਰਪਤੀ ਪ੍ਰਣਬ ਮੁਖਰਜੀ ਦੀ ਹਾਜ਼ਰੀ ਵਿੱਚ ਭੋਜਨ ਦੀ 2 ਅਰਬਵੀਂ ਥਾਲ਼ੀ ਪਰੋਸੀ ਸੀ।",2016-ல் அப்போதைய குடியரசுத் தலைவர் திரு. பிரணாப் முகர்ஜி முன்னிலையில் அட்சயப் பாத்திரம் அமைப்பு தனது 200-வது கோடி அன்னதானத்தை வழங்கியது.,2016వ సంవ‌త్స‌రం లో అక్ష‌య పాత్ర అప్ప‌టి భార‌త రాష్ట్రప‌తి శ్రీ ప్ర‌ణ‌బ్ ముఖ‌ర్జీ స‌మ‌క్షం లో 2 వంద‌ల కోట్ల‌వ సంచిత భోజ‌నాల‌ కు గుర్తు గా ఒక కార్య‌క్ర‌మాన్ని నిర్వ‌హించింది.,اکشے پاتر نے ہندوستان کے سابق صدر جمہوریہ پرنب مکھرجی کی موجودگی میں مجموعی طور پر دو ارب کھانا پیش کرنے کی تکمیل کے لیے پروگرام کا انعقاد کیا تھا۔
"At Anand, the Prime Minister will inaugurate modern food processing facilities, including Amul’s ultra-modern Chocolate Plant.",এই উপলক্ষে আনন্দত প্ৰধানমন্ত্ৰীয়ে আমূলৰ আল্ট্ৰা মডাৰ্ণ চকলেট প্লাণ্টকে ধৰি আধূনিক খাদ্য প্ৰস্তুতকৰণ ব্যৱস্থাৰ শুভাৰম্ভ কৰিব।,গুজরাটের আনন্দে প্রধানমন্ত্রী একটি আধুনিক খাদ্য প্রক্রিয়াকরণকেন্দ্র সহ আমুলের একটি অত্যাধুনিক চকোলেট কারখানার উদ্বোধন করবেন।,"પ્રધાનમંત્રી આણંદમાં આધુનિક ફૂડ પ્રોસેસિંગ સુવિધાઓનું ઉદઘાટન કરશે, જેમાં અમૂલનો અત્યાધુનિક ચોકલેટ પ્લાન્ટ સામેલ છે.","आणंद में, प्रधानमंत्री अमूल के अत्याधुनिक चॉकलेट संयंत्र सहित मॉडर्न फूड प्रोसेसिंग सुविधा केंद्रों का उद्घाटन करेंगे।",ಆನಂದ್ ನಲ್ಲಿ ಅಮುಲ್ ನ ಅತ್ಯಾಧುನಿಕ ಚಾಕೊಲೇಟ್ ಘಟಕವೂ ಸೇರಿದಂತೆ ಅಧುನಿಕ ಆಹಾರ ಸಂಸ್ಕರಣಾ ವ್ಯವಸ್ಥೆಗಳನ್ನು ಪ್ರಧಾನಮಂತ್ರಿ ಅವರು ಉದ್ಘಾಟಿಸಲಿದ್ದಾರೆ.,ആനന്ദില്‍ അമുലിന്റെ അതിനൂതന ചോക്കലേറ്റ് പ്ലാന്റ് ഉള്‍പ്പെടെയുള്ള ആധുനിക ഭക്ഷ്യസംസ്‌കരണ കേന്ദ്രങ്ങളുടെ ഉദ്ഘാടനം അദ്ദേഹം നിര്‍വഹിക്കും.,প্রধান মন্ত্রীনা অনন্দা অমুলগী খ্বাইদগী নৌবা চোকোলেত প্লান্ত য়াওনা অনৌবা ফুদ প্রোসেসিংগী খুদোংচাবশিং শঙ্গাগনি।,यात अमूलच्या अत्याधुनिक चॉकलेटनिर्मिती प्रकल्पाचेही उद्‌घाटन होणार आहे.,ପ୍ରଧାନମନ୍ତ୍ରୀ ଆନନ୍ଦଠାରେ ଖାଦ୍ୟ ପ୍ରକ୍ରିୟାକରଣ ସୁବିଧା ସମେତ ଅମୂଲର ଆଧୁନିକ ଚକଲେଟ ପ୍ଳାଣ୍ଟକୁ ଉଦଘାଟନ କରିବେ ।,"ਆਣੰਦ ਵਿਖੇ, ਅਮੁਲ ਦੇ ਅਤਿ-ਆਧੁਨਿਕ ਚੌਕਲਟ ਪਲਾਂਟ ਸਮੇਤ ਪ੍ਰਧਾਨ ਮੰਤਰੀ ਆਧੁਨਿਕ ਫੂਡ ਪ੍ਰੋਸੈੱਸਿੰਗ ਸਹੂਲਤਾਂ, ਦਾ ਉਦਘਾਟਨ ਕਰਨਗੇ।","குஜராத்தில் ஆனந்தில் அமுல் நிறுவனத்தின் அதிநவீன சாக்லேட் ஆலையையும், நவீன உணவுப் பதப்படுத்தும் வசதிகளையும், திரு. மோடி திறந்து வைக்கிறார்.",ప్ర‌ధాన మంత్రి అమూల్ కు చెందిన అత్యాధునిక చాక్‌లెట్ ప్లాంటు ను మ‌రియు అత్యాధునిక‌మైన‌ ఫూడ్ ప్రాసెంసింగ్ స‌దుపాయాల‌ను ఆణంద్ లో ప్రారంభించ‌నున్నారు.,وزیر اعظم آنند میں جدید ترین چاکلیٹ پلانٹ سمیت جدید فوڈ پروسسنگ سہولیات کا افتتاح کریں گے ۔
Prime Minister said that the culture of taking everyone along makes India different from all other countries.,প্রধানমন্ত্রীয়ে কয় যে সকলোকে একলগে লৈ আগবঢ়াৰ সংস্কৃতি আৰু কৃষ্টিয়ে ভাৰতক অন্যান্য দেশৰ পৰা পৃথক কৰিছে।,"প্রধানমন্ত্রী বলেন, সকলকে একসঙ্গে নিয়ে চলার সংস্কৃতি ও কৃষ্টিই ভারতকে অন্যান্য দেশের থেকে পৃথক করেছে।",પ્રધાનમંત્રીએ કહ્યું કે સૌને સાથે રાખીને ચાલવાની સંસ્કૃતિ ભારતને અન્ય દેશો કરતાં જુદો પાડે છે.”આપણને આપણા ભૂતકાળનુ ગૌરવ છે.,प्रधानमंत्री ने कहा कि हर किसी को साथ लेकर चलने की संस्कृति भारत को अन्य सभी देशों से अलग बनाती है।,ಪ್ರತಿಯೊಬ್ಬರನ್ನೂ ಜೊತೆಯಲ್ಲಿ ತೆಗೆದುಕೊಂಡು ಹೋಗುವ ಭಾರತದ ಸಂಸ್ಕೃತಿಯು ಭಾರತವನ್ನು ಇತರ ರಾಷ್ಟ್ರಗಳಿಗಿಂತ ಭಿನ್ನವಾಗಿ ರೂಪಿಸಿದೆ ಎಂದರು.,എല്ലാവരേയും ഒപ്പം കൂട്ടുക എന്ന സംസ്‌കാരമാണ് മറ്റെല്ലാ രാജ്യങ്ങളില്‍ നിന്നും ഇന്ത്യയെ വ്യത്യസ്തമാക്കുന്നതെന്ന് പ്രധാനമന്ത്രി പറഞ്ഞു.,প্রধান মন্ত্রীনা হায়খি মদুদি পুম্নমক্কা লোইননা চৎমিন্নবগী ভারতকী চৎনবী অসি অতৈ লৈবাক্তগী তোঙাল্লি।,अनेकांच्या संस्कृतीसह वाटचाल हे भारताचे इतर देशांपेक्षा असलेले वेगळेपण आहे. ”,ପ୍ରଧାନମନ୍ତ୍ରୀ କହିଥିଲେ ଯେ ସମସ୍ତଙ୍କୁ ନେଇ ଚଳିବାର ସଂସ୍କୃତି ଯୋଗୁ ଭାରତ ଅନ୍ୟ ଦେଶଠାରୁ ଭିନ୍ନ ।,ਪ੍ਰਧਾਨ ਮੰਤਰੀ ਨੇ ਕਿਹਾ ਕਿ ਸਾਰਿਆਂ ਨੂੰ ਨਾਲ ਲੈ ਕੇ ਚਲਣ ਦਾ ਸੱਭਿਆਚਾਰ ਭਾਰਤ ਨੂੰ ਹੋਰ ਸਾਰੇ ਦੇਸ਼ਾਂ ਨਾਲੋਂ ਵਿੱਲਖਣ ਬਣਾਉਂਦਾ ਹੈ।,அனைவரையும் அரவணைத்துச் செல்லும் பண்பு பிற நாடுகள் அனைத்திலிருந்தும் இந்தியாவை வேறுபடுத்தும் என்று பிரதமர் கூறினார்.,ప్ర‌తి ఒక్క‌రినీ క‌లుపుకుపోయే సంస్కృతి భార‌త‌దేశాన్ని ఇత‌ర అన్ని దేశాల క‌న్నా భిన్నంగా తీర్చి దిద్దుతోంద‌ని ప్ర‌ధాన మంత్రి అన్నారు.,وزیر اعظم نے کہا کہ سب کو ساتھ لے کرچلنے کی تہذیب بھارت کو دوسرے ملکوں سے منفرد حیثیت عطا کرتی ہے ۔
The platform for the Grand Challenge is the Startup India Portal.,ষ্টার্ট-আপ ইণ্ডিয়া পোর্টেলক এই বৃহৎ প্ৰত্যাহ্বানৰ মঞ্চ হিচাপে ব্যৱহাৰ কৰা হ’ব।,স্টার্ট-আপ ইন্ডিয়া পোর্টালকেই এই মহা চ্যালেঞ্জের মঞ্চ হিসাবে ব্যবহার করা হবে।,ગ્રાન્ડ ચેલેન્જ માટેનું પ્લેટફોર્મ સ્ટાર્ટઅપ ઇન્ડિયા પોર્ટલ છે.,इस महा चुनौती के लिए स्टार्टअप इंडिया पोर्टल मंच का काम करेगा।,ಈ ಬೃಹತ್ ಸವಾಲಿಗೆ ವೇದಿಕೆಯಾಗಿರುವುದು ಸ್ಟಾರ್ಟಪ್ ಇಂಡಿಯಾ ಪೋರ್ಟಲ್.,ഗ്രാന്റ് ചാലഞ്ചിനുള്ള വേദി സ്റ്റാര്‍ട്ടപ്പ് ഇന്ത്യ പോര്‍ട്ടലാണ്.,গ্রান্দ চেলেঞ্জ অসিগী প্লেতফোর্মদি স্তার্তঅপ ইন্দিয়া পোর্তেলনি।,ग्रँड चॅलेंजसाठी स्टार्टअप इंडिया पोर्टल आहे.,ଷ୍ଟାର୍ଟଅପ୍ ଇଣ୍ଡିଆ ପୋର୍ଟାଲ ଏହି ଗ୍ରାଣ୍ଡ ଚାଲେଞ୍ଜ ପାଇଁ ମଂଚ ପ୍ରଦାନ କରୁଛି ।,ਇਸ ਗਰੈਂਡ ਚੈਲੰਜ ਲਈ ਪਲੇਟਫਾਰਮ ਸਟਾਰਟ ਅੱਪ ਇੰਡੀਆ ਪੋਰਟਲ ਹੈ।,இந்த அழைப்பு குறித்த தளமாக “இந்தியாவில் தொடங்குக” திட்டத்தின் இணையவாசல் (Startup India Portal) அமைந்துள்ளது.,స్టార్ట్‌-అప్ ఇండియా పోర్ట‌ల్‌ అనేది ఈ గ్రాండ్ చాలెంజ్ కు వేదిక‌ గా ఉంది.,واضح ہوکہ گرینڈ چیلنج کے لئے یہ پلیٹ فارم اسٹارٹ اپ انڈیا کا ایک پورٹل ہے ۔
• Each new AIIMS will add around 750 hospital beds.,প্ৰত্যেক নতুন এইমছত প্ৰায় ৭৫০ হস্পিটাল বিছনা উপলব্ধ হ’ব৷,এই চিকিৎসা প্রতিষ্ঠানগুলিতে রোগী-শয্যা সংখ্যা হবে প্রায় ৭৫০।,દરેક નવી એઈમ્સમાં લગભગ 750 પથારીઓ સામેલ કરવામાં આવશે.,• प्रत्‍येक नए एम्‍स लगभग 750 बिस्‍तर जोडेंगे।,ಸುಮಾರು 750 ಹಾಸಿಗೆಗಳ ಆಸ್ಪತ್ರೆಯನ್ನು ಹೊಂದಲಿದೆ.,ഓരോ പുതിയ എയിംസിലും 750 ആശുപത്രിക്കിടക്കകളും കൂട്ടിച്ചേര്‍ക്കും.,• অনৌবা এ আই আই এম এস অমমমদা চাউরাক্না ফম্মুং ৭৫০ রোম লৈগনি,प्रत्‍येक नवीन एम्समध्ये सुमारे 750 खाटा असतील.,ପ୍ରତ୍ୟେକ ନୂଆ ଏମ୍ସରେ ପାଖାପାଖି 750 ଶଯ୍ୟା ଯୋଡ଼ି ହେବ ।,ਹਰੇਕ ਨਵੇਂ ਏਮਸ ਲਗਭਗ 750 ਬਿਸਤਰ ਜੋੜਨਗੇ।,• ஒவ்வொரு புதிய எய்ம்ஸ் நிறுவனமும் 750 படுக்கைகளை கூடுதலாக உருவாக்கும்.,• ప్రతి ఒక్క నూతన ఎఐఐఎంఎస్‌ లో దాదాపు 750 ఆసుపత్రి పడక లు ఉంటాయి.,ہر ایک نیا اے آئی آئی ایم ایس تقریباََ 750 ہسپتالی بستروں کا اضافہ کرے گا۔
The Union Cabinet chaired by the Prime Minister Shri Narendra Modi has given its ex post-facto approval to the MoU between India and Singapore on cooperation in the field of urban planning and development.,প্ৰধানমন্ত্ৰী শ্ৰী নৰেন্দ্ৰ মোদীৰ অধ্যক্ষতাত অনু্ষ্ঠিত কেবিনেট বৈঠকত নগৰ পৰিকল্পনা আৰু উন্নয়ন শিতানত ভাৰত আৰু ছিংগাপুৰৰ মাজত সহযোগিতাৰ বাবে স্বাক্ষৰিত পূৰ্বপ্ৰস্তাৱিত বুজাবুজি চুক্তিত অনুমোদন জনায়।,প্রধানমন্ত্রীর পৌরহিত্যে কেন্দ্রীয় মন্ত্রিসভা শহর পরিকল্পনা ও উন্নয়নের ক্ষেত্রে ভারত ও সিঙ্গাপুরের মধ্যে সহযোগিতা বাড়াতে যে সমঝোতাপত্র স্বাক্ষরিত হয়েছিল সেটি অনুমোদল করল।,તેમાં કેન્દ્રીય મંત્રીમંડળે શહેરી આયોજન અને વિકાસનાં ક્ષેત્રમાં સહયોગ સ્થાપિત કરવા ભારત અને સિંગાપોર વચ્ચે થયેલા સમજૂતી કરાર (એમઓયુ)ને પૂર્વવર્તી અસર સાથે પોતાની મંજૂરી આપી.,प्रधानमंत्री श्री नरेन्‍द्र मोदी की अध्‍यक्षता में केंद्रीय मंत्रिमंडल ने शहरी नियोजन और विकास के क्षेत्र में सहयोग के लिए भारत और सिंगापुर के बीच समझौता ज्ञापन को पूर्व प्रभाव से अपनी स्‍वीकृति दे दी है।,ಪ್ರಧಾನ ಮಂತ್ರಿ ಶ್ರೀ ನರೇಂದ್ರ ಮೋದಿ ಅವರ ಅಧ್ಯಕ್ಷತೆಯಲ್ಲಿ ನಡೆದ ಕೇಂದ್ರ ಸಂಪುಟ ಸಭೆಯು ಭಾರತ ಮತ್ತು ಸಿಂಗಾಪುರ ನಡುವೆ ನಗರ ಯೋಜನೆ ಮತ್ತು ಅಭಿವೃದ್ದಿಗೆ ಸಂಬಂಧಿಸಿ ಏರ್ಪಟ್ಟ ತಿಳುವಳಿಕಾ ಒಡಂಬಡಿಕೆಗೆ ಪೂರ್ವಾನ್ವಯಗೊಂಡಂತೆ ತನ್ನ ಅನುಮೋದನೆ ನೀಡಿತು.,നഗരാസൂത്രണ-വികസനമേഖലകളിലെ സഹകരണത്തിന് ഇന്ത്യയും സിംഗപ്പൂരും തമ്മില്‍ ഒപ്പുവച്ച ധാരണാപത്രത്തിന് പ്രധാനമന്ത്രി ശ്രീ നരേന്ദ്രമോദിയുടെ അദ്ധ്യക്ഷതയില്‍ ചേര്‍ന്ന കേന്ദ്ര മന്ത്രിസഭായോഗം മൂന്‍കാലപ്രാബല്യത്തോടെ അംഗീകാരം നല്‍കി.,প্রধান মন্ত্রী শ্রী নরেন্দ্র মোদীনা লুচিংবা কেন্দ্রগী মন্ত্রীমন্দলনা ভারত অমসুং সিঙ্গাপুরগী মরক্তা অর্বান প্লানিং অমসুং দিবেলপমেন্তকী লমদা তেংবাং পীননবা য়ানা ৱারোলদা অয়াবা পীখ্রে।,पंतप्रधान नरेंद्र मोदी यांच्या अध्यक्षतेखाली केंद्रीय मंत्रिमंडळाने भारत आणि सिंगापूर दरम्यान शहर नियोजन आणि विकास क्षेत्रातसह्कार्यावरील सामंजस्य कराराला कार्योत्तर मंजुरी दिली.,ପ୍ରଧାନମନ୍ତ୍ରୀ ଶ୍ରୀ ନରେନ୍ଦ୍ର ମୋଦୀଙ୍କ ଅଧ୍ୟକ୍ଷତାରେ ଅନୁଷ୍ଠିତ କେନ୍ଦ୍ର କ୍ୟାବିନେଟ ସହରୀ ନିୟୋଜନ ଏବଂ ବିକାଶ କ୍ଷେତ୍ରରେ ସହଯୋଗ ଲାଗି ଭାରତ ଏବଂ ସିଙ୍ଗାପୁର ମଧ୍ୟରେ ସ୍ୱାକ୍ଷରିତ ବୁଝାମଣାକୁ ପିଛିଲା ଭାବେ ଅନୁମୋଦନ କରିଛନ୍ତି ।,"ਪ੍ਰਧਾਨ ਮੰਤਰੀ, ਸ਼੍ਰੀ ਨਰੇਂਦਰ ਮੋਦੀ ਦੀ ਪ੍ਰਧਾਨਗੀ ਹੇਠ ਕੇਂਦਰੀ ਮੰਤਰੀ ਮੰਡਲ ਨੇ ਸ਼ਹਿਰੀ ਯੋਜਨਾਬੰਦੀ ਅਤੇ ਵਿਕਾਸ ਦੇ ਖੇਤਰ ਵਿੱਚ ਸਹਿਯੋਗ ਲਈ ਭਾਰਤ ਅਤੇ ਸਿੰਗਾਪੁਰ ਦਰਮਿਆਨ ਸਹਿਮਤੀ ਪੱਤਰ ਨੂੰ ਪਿਛਲੀ ਤਰੀਕ ਤੋਂ ਆਪਣੀ ਪ੍ਰਵਾਨਗੀ ਦੇ ਦਿੱਤੀ ਹੈ।",நகர்ப்புற திட்டமிடுதல் மற்றும் மேம்பாட்டுத் துறையில் ஒத்துழைப்புக்காக இந்தியா மற்றும் சிங்கப்பூர் இடையே செய்து கொள்ளப்பட்டுள்ள புரிந்துணர்வு ஒப்பந்தத்திற்கு பிரதமர் திரு. நரேந்திர மோடி தலைமையில் இன்று நடைபெற்ற மத்திய அமைச்சரவை பின் தேதியிட்ட ஒப்புதலை அளித்துள்ளது.,"పట్టణ ప్ర‌ణాళిక‌ రచన, అభివృద్ధి ల రంగంలో ప‌ర‌స్ప‌ర స‌హ‌కారం కోసం భారతదేశం, సింగ‌పూర్‌ లు కుదుర్చుకున్న అవ‌గాహ‌నపూర్వక ఒప్పందానికి (ఎంఒయు కు) ప్ర‌ధాన‌ మంత్రి శ్రీ న‌రేంద్ర‌ మోదీ అధ్య‌క్ష‌త‌న స‌మావేశ‌మైన కేంద్ర మంత్రివర్గం ఎక్స్ పోస్ట్ ఫ్యాక్టో ఆమోదాన్ని తెలిపింది.",وزیراعظم جناب نریندر مودی کی قیادت میں مرکزی کابینہ نے بھارت اور سنگاپور کے درمیان شہری منصوبہ بندی اور ترقی کے میدان میں تعاون کے سلسلے میں ایک مفاہمت نامے کو منظوری دی، جس کا اطلاق ماضی سے ہوگا۔
PM inaugurated the first phase of River Front Development at Patna .,মানুহৰ চাহিদা পূৰণৰ বাবে ৰাজ্যখনত আৰু এখন এইম্ছ স্থাপন কৰা হ’ব৷,প্রধানমন্ত্রী পাটনায় নদী বিকাশ প্রকল্পের প্রথম পর্যায়ের উদ্বোধন করেন।,પ્રધાનમંત્રીએ પટણામાં રિવર ફ્રન્ટ ડેવલપમેન્ટ પ્રોજેક્ટનાં પ્રથમ તબક્કાનું ઉદ્ઘાટન કર્યું હતું.,प्रधानमंत्री ने पटना में रिवर फ्रंट डेवलपमेंट के पहले चरण का उद्घाटन किया।,ಪಟ್ನಾದಲ್ಲಿ ನದಿ ಪಾತ್ರದ ಅಭಿವೃದ್ಧಿಯ ಪ್ರಥಮ ಹಂತವನ್ನು ಪ್ರಧಾನ ಮಂತ್ರಿಗಳು ಉದ್ಘಾಟಿಸಿದರು.,നദീമുഖ വികസനത്തിന്റെ ആദ്യഘട്ടം പട്‌നയില്‍ അദ്ദേഹം ഉദ്ഘാടനം ചെയ്തു.,পতনাদা রিভর ফ্রন্ত দিবেলপমেন্তকী অহানবা ফেজ প্রধান মন্ত্রীনা শঙ্গাখি।,"पुलवामा येथील दहशतवादी हल्ल्यानंतर देशात उसळलेला क्षोभ, दु:ख, वेदना याचा उल्लेख पंतप्रधानांनी केला.",ପାଟନାରେ ନଦୀ ଅବବାହିକା ବିକାଶର ପ୍ରଥମ ପର୍ଯ୍ୟାୟ କାର୍ଯ୍ୟକୁ ପ୍ରଧାନମନ୍ତ୍ରୀ ଉଦଘାଟନ କରିଥିଲେ ।,ਪ੍ਰਧਾਨ ਮੰਤਰੀ ਨੇ ਪਟਨਾ ਵਿਖੇ ਰਿਵਰ ਫਰੰਟ ਡਿਵੈਲਪਮੈਂਟ ਦੇ ਪਹਿਲੇ ਪੜਾਅ ਦਾ ਉਦਘਾਟਨ ਕੀਤਾ।,நதிகள் மேம்பாட்டுத் திட்டத்தின் முதற்கட்டத்தையும் பாட்னாவில் பிரதமர் தொடங்கிவைத்தார்.,పట్ నా లో రివ‌ర్ ఫ్రంట్ డివెల‌ప్‌మెంట్ ఒక‌టో ద‌శ ను ప్ర‌ధాన మంత్రి ప్రారంభించారు.,وزیر اعظم نے پٹنہ میں ریور فرنٹ ڈیولپمنٹ کے پہلے مرحلے کا افتتاح کیا ۔
“Well done Aanchal Thakur for winning an international medal in skiing!,“আঁচল ঠাকুৰৰ এই কাম প্ৰশংসাৰ যোগ্য!,“স্কিপ্রতিযোগিতায় বিশ্ব পদক জয়ী অঞ্চল ঠাকুরকে সাবাস জানাই।,"પ્રધાનમંત્રીએ કહ્યું, “સ્કીઈંગમાં આંતરરાષ્ટ્રીય મેડલ જીતવા બદલ આંચલ ઠાકુરને અભિનંદન!","प्रधानमंत्री ने कहा, “बहुत खूब अंचल ठाकुर स्कीइंग में अंतर्राष्ट्रीय पदक जीतने के लिए!","“ಅಂಚಲ್ ಠಾಕೂರ್ ಸ್ಕೀಯಿಂಗ್ ನಲ್ಲಿ ಅಂತಾರಾಷ್ಟ್ರೀಯ ಪದಕ ಗೆಲ್ಲುವ ಮೂಲಕ ಉತ್ತಮ ಸಾಧನೆ ಮಾಡಿದ್ದೀರಿ, ಇಡೀ ದೇಶ ಟರ್ಕಿಯಲ್ಲಿ ನಡೆದ ಎಫ್.ಐ.ಎಸ್.",‘സ്‌ക്കീയിംഗില്‍ ഒരു അന്താരാഷ്ട്ര മെഡല്‍ നേടിയ ആഞ്ചല്‍ ഠാക്കൂറിന് അഭിനന്ദനങ്ങള്‍ !.,"প্রধানমন্ত্রীনা হায়খি, “স্কাইংদা অন্তরজাতিগী তকমান অমা ফংলকপগীদমক আঞ্চল ঠাকুরবু পুক্নিং থৌগৎলি!",“स्कीईंग मध्ये आंतरराष्ट्रीय पदक पटकावून छान कामगिरी केली आहे.,“ଆଞ୍ଚଲ ଠାକୁର ତୁମେ ଆନ୍ତର୍ଜାତିକ ସ୍କିଇଂରେ ପଦକ ଜିଣିବା ବହୁତ ଖୁସିର କଥା ।,"ਪ੍ਰਧਾਨ ਮੰਤਰੀ ਨੇ ਕਿਹਾ, “ਬਹੁਤ ਖ਼ੂਬ ਅੰਚਲ ਠਾਕੁਰ ਸਕੀਇੰਗ ਵਿੱਚ ਅੰਤਰ ਰਾਸ਼ਟਰੀ ਮੈਡਲ ਜਿੱਤਣ ਲਈ।",“சர்வதேச பனிச்சறுக்கு போட்டியில் பதக்கம் வென்றதற்காக ஆன்ச்சல் தாகூருக்கு எனது வாழ்த்துகள்!,“స్కీయింగ్ లో అంత‌ర్జాతీయ ప‌త‌కాన్ని ఆంచ‌ల్ ఠాకుర్ గెలుచుకొన్నందుకు ఆమెకు ఇవే నా శెభాషులు.,وزیر اعظم نے اپنی مبارکباد کے پیغام میں کہا :’’ آنچل ٹھاکر !
Thank you very much.,আপোনালোক সকলোকে অশেষ ধন্যবাদ জনাইছো।,অনেক অনেক ধন্যবাদ জানাই আপনাদের সকলেই।,ખૂબ – ખૂબ ધન્યવાદ.,आप सबका धन्यवाद!,ನಿಮಗೆ ಧನ್ಯವಾದ.,നിങ്ങള്‍ക്ക് എല്ലാവര്‍ക്കും നന്ദി.,অদোম্বু অমুক্কা হন্না থাগৎচরি ।,अनेकानेक आभार!!!,ଅଶେଷ ଅଶେଷ ଧନ୍ୟବାଦ ।,ਆਪ ਦਾ ਬਹੁਤ ਬਹੁਤ ਸ਼ੁਕਰੀਆ ।,உங்களுக்கு மீண்டும் நன்றி.,మీకంద‌రికీ అనేకానేక ధన్యవాదాలు.,آپ کا بہت بہت شکریہ!
"The Prime Minister will join thousands of volunteers, performing Yoga asanas in the lawns of Forest Research Institute, Dehradun, located in the lap of the Himalayas.",প্ৰধানমন্ত্ৰীয়ে হিমালয়ৰ বুকুত অৱস্থিত ডেৰাদূনৰ বন গৱেষণা প্ৰতিষ্ঠানৰ বাগিচাত হাজাৰ হাজাৰ স্বেচ্ছাসেৱকৰ সৈতে যোগাসন কৰিব।,হিমালয়ের কোলে দেরাদুনের ফরেস্ট রিসার্চ ইন্সটিটিউট বা অরণ্য গবেষণা প্রতিষ্ঠানে হাজার হাজার স্বেচ্ছাসেবকের সঙ্গে যোগাসন করবেন প্রধানমন্ত্রী।,પ્રધાનમંત્રી હિમાલય ખોળે વસેલા દહેરદૂનના વન સંશોધન સંસ્થાનના પરિસરમાં યોગાભ્યાસ કરતા હજારો સ્વયંસેવકો સાથે જોડાશે.,प्रधानमंत्री हिमालय की गोद में बसे देहरादून के वन अनुसंधान संस्‍थान के मैदान में हजारों स्‍वयंसेवियों के साथ योग आसन अभ्‍यास में शामिल होंगे।,ಡೆಹ್ರಾಡೂನ್ ನ ಹಿಮಾಲಯದ ಮಡಿಲಲ್ಲಿ ಇರುವ ಅರಣ್ಯ ಸಂಶೋಧನಾ ಸಂಸ್ಥೆಯ ಹುಲ್ಲುಹಾಸಿನಲ್ಲಿ ಯೋಗಾಸನ ಮಾಡಲಿರುವ ಸಾವಿರಾರು ಸ್ವಯಂಸೇವಕರೊಂದಿಗೆ ಪ್ರಧಾನಿಯವರೂ ಸೇರಲಿದ್ದಾರೆ.,ഹിമാലയത്തിന്റെ മടിത്തട്ടില്‍ സ്ഥിതി ചെയ്യുന്ന ഡെറാഡൂണിലെ വന ഗവേഷണ ഇന്‍സ്റ്റിട്യൂട്ടിന്റെ പുല്‍ത്തകിടിയില്‍ യോഗാസനങ്ങള്‍ അനുഷ്ഠിക്കുന്ന ആയിരക്കണക്കിന് സന്നദ്ധപ്രവര്‍ത്തകരോടൊപ്പം പ്രധാനമന്ത്രിയും പങ്കു ചേരും.,"প্রধান মন্ত্রীনা হিমালয়গী তমপাক্তা লৈরিবা ফোরেস্ত রিসর্স ইন্সতিত্যুৎ, দেহরাদুনগী লমপাক্তা যোগ অসন পাংথোক্লিবা ভোলুন্তিয়র লিশিং কয়াগা শরুক য়ামিন্নগনি।",हिमालयाच्या कुशीत दडलेल्या देहरादूनमधील वन संशोधन संस्थेच्या हिरवळीवर हजारो स्वयंसेवकांसह पंतप्रधान योगासने करणार आहेत.,ହିମାଳୟ କୋଳରେ ଅବସ୍ଥିତ ବନ୍ୟ ଗବେଷଣା ପ୍ରତିଷ୍ଠାନ ମଇଦାନରେ ହଜାର ହଜାର ସ୍ୱେଚ୍ଛାକର୍ମୀଙ୍କ ଗହଣରେ ପ୍ରଧାନମନ୍ତ୍ରୀ ଯୋଗାସନ କରିବେ ।,"ਪ੍ਰਧਾਨ ਮੰਤਰੀ ਉਨ੍ਹਾਂ ਹਜ਼ਾਰਾਂ ਵਲੰਟੀਅਰਾਂ ਵਿੱਚ ਸ਼ਾਮਲ ਹੋਣਗੇ ਜੋ ਹਿਮਾਲਿਆ ਦੀ ਗੋਦ ਵਿੱਚ ਸਥਿਤ ਵਣ ਖੋਜ ਸੰਸਥਨ, ਦੇਹਰਾਦੂਨ ਦੇ ਖੁੱਲ੍ਹੇ ਮੈਦਾਨ ਵਿੱਚ ਯੋਗ ਆਸਣ ਕਰ ਰਹੇ ਹਨ।",இமயமலைப் பகுதியில் அமைந்துள்ள டேராடூன் வன ஆராய்ச்சி நிறுவனத்தின் புல்வெளியில் ஆயிரக்கணக்கான தொண்டர்கள் யோகசனப் பயிற்சியில் ஈடுபடும்போது பிரதமரும் அதில் பங்கேற்கிறார்.,హిమాల‌య సానువుల‌లో నెల‌కొన్న దెహ్ రాదూన్ లో గ‌ల ఫారెస్ట్ రిస‌ర్చ్ ఇన్‌స్టిట్యూట్ యొక్క ప‌చ్చిక బ‌య‌ళ్ళ‌లో యోగాస‌నాలు వేసే వేలాది స్వ‌చ్ఛంద సేవ‌కుల‌తో పాటు ప్ర‌ధాన మంత్రి కూడా యోగ సాధ‌న‌లో పాలుపంచుకొంటారు.,وزیر اعظم ہمالیہ کی گود میں واقع دہرہ دون کے فاریسٹ ریسر چ انسٹی ٹیوٹ کے لان میںیوگ آسن کر رہے ہزاروں رضا کاروں کے ساتھ شامل ہوں گے ۔
"Talking about the honesty shown by the Bohra Community in business, Prime Minister said that the government encourages honest businessmen and workers through GST, Insolvency and Bankruptcy Code.",ব্যৱসায়ৰ ক্ষেত্রত বোহৰা সম্প্রদায়ৰ সততাৰ কথা উল্লেখ কৰি প্রধানমন্ত্রীয়ে কয় যে সামগ্ৰী আৰু সেৱা কৰ (জিএছটি) আৰু দেউলীয়া আৰু ঋণ পৰিশোধত অক্ষমতা আইনৰ জৰিয়তে চৰকাৰে সৎ ব্যৱসায়ীসকলক উৎসাহিত কৰাৰ কাম কৰিছে।,"ব্যবসায়িক ক্ষেত্রে বোহরা সম্প্রদায়ের সততা সম্পর্কে বলতে গিয়ে প্রধানমন্ত্রী বলেন, অভিন্ন পণ্য ও পরিষেবা কর (জিএসটি) এবং দেউলিয়া ও ঋণ পরিশোধে অক্ষমতা আইনের মাধ্যমে সরকার সৎ ব্যবসায়ীদের উৎসাহিত করার কাজ করছে।","વોહરા સમુદાયે વેપારમાં જે પ્રમાણિકતા દાખવી છે તેનો ઉલ્લેખ કરતાં પ્રધાનમંત્રીએ જણાવ્યું કે સરકાર જીએસટી, નાદારી અને દેવાળીયાપણું કાયદા મારફતે પ્રમાણિક ઉદ્યમીઓને અને કર્મચારીઓને પ્રોત્સાહન આપી રહી છે.","व्यापार में बोहरा समुदाय द्वारा बरती गई ईमानदारी के बारे में ज़िक्र करते हुए प्रधानमंत्री ने कहा कि सरकार जीएसटी, दिवाला एवं दिवालियापन संहिता के माध्यम से ईमानदार व्यापारियों एवं कार्यकर्ताओं को प्रोत्साहन देती है।","ಬೋಹ್ರಾ ಸಮುದಾಯದ ವ್ಯಾಪಾರಿಗಳು ತೋರಿದ ಪ್ರಾಮಾಣಿಕತೆಯ ಬಗ್ಗೆ ಮಾತನಾಡಿದ ಪ್ರಧಾನಮಂತ್ರಿಯವರು, ಸರ್ಕಾರ ಪ್ರಾಮಾಣಿಕ ವಾಣಿಜ್ಯೋದ್ಯಮಿಗಳು ಮತ್ತು ಕಾರ್ಯಕರ್ತರನ್ನು ಜಿ.ಎಸ್.ಟಿ., ದಿವಾಳಿ ಮತ್ತು ದಿವಾಳಿತನ ಸಂಹಿತೆ ಮೂಲಕ ಉತ್ತೇಜಿಸುತ್ತಿದೆ ಎಂದರು.","ബൊഹ്‌റ സമുദായം ബിസിനസ്സില്‍ പുലര്‍ത്തുന്ന സത്യസന്ധതയെ കുറിച്ച് പരാമര്‍ശിക്കവെ, ചരക്ക് സേവന നികുതി, പാപ്പരത്ത നിയമം, ബാങ്ക് റപ്‌സി കോഡ് മുതലായവയിലൂടെ സത്യസന്ധരായ ബിസിനസുകാരെയും ജോലിക്കാരെയും ഗവണ്‍മെന്റ് പ്രോത്സാഹിപ്പിക്കുമെന്ന് പ്രധാനമന്ത്രി പറഞ്ഞു.","ললোন-ইতিক তৌবদা বোহরা খুন্নাইগী হেনগৎলক্লিবা পুকচেল শেংবা অদুগী মতাংদা পল্লদুনা প্রধান মন্ত্রীনা হায়খি মদুদি সরকারনা জি.এস.তি., ইন্সোলভেন্সী অমসুং বেঙ্কক্রপ্সীগী পাম্বৈনা পুকচেল শেংবা ললোন-ইতিক তৌবশিং অমদি থৌমীশিংবু পুক্নীং থৌগৎলি।","व्यवसायात बोहरा समाजाच्या प्रामाणिकपणाबद्दल बोलताना पंतप्रधानांनी जीएसटी, दिवाळखोरी आणि दिवाळखोरी कोडद्वारे प्रामाणिक व्यवसायकर्ते व कामगारांना प्रोत्साहन दिले.","ବାଣିଜ୍ୟ କ୍ଷେତ୍ରରେ ବୋହରା ସଂପ୍ରଦାୟ ଦ୍ୱାରା ପ୍ରଦର୍ଶୀତ ବିଶ୍ୱସନୀୟତା ବିଷୟରେ ପ୍ରଧାନମନ୍ତ୍ରୀ କହିଥିଲେ ଯେ ସରକାର ଜିଏସଟି, ଦେବାଳିଆ ଏବଂ ଦେବାଳିଆପଣ ସଂହିତା ଜରିଆରେ ବିଶ୍ୱସନୀୟ ବ୍ୟବସାୟୀ ଏବଂ ଶ୍ରମିକମାନଙ୍କୁ ପ୍ରୋତ୍ସାହିତ କରୁଛନ୍ତି ।","ਕਾਰੋਬਾਰ ਵਿੱਚ ਬੋਹਰਾ ਭਾਈਚਾਰੇ ਵੱਲੋਂ ਦਿਖਾਈ ਗਈ ਇਮਾਨਦਾਰੀ ਬਾਰੇ ਗੱਲ ਕਰਦਿਆਂ ਪ੍ਰਧਾਨ ਮੰਤਰੀ ਨੇ ਕਿਹਾ ਕਿ ਸਰਕਾਰ ਜੀਐੱਸਟੀ, ਦਿਵਾਲੀਆਪਣ ਅਤੇ ਦਿਵਾਲੀਆਪਣ ਸੰਹਿਤਾ ਰਾਹੀਂ ਇਮਾਨਦਾਰ ਕਾਰੋਬਾਰੀਆਂ ਅਤੇ ਵਰਕਰਾਂ ਨੂੰ ਪ੍ਰੋਤਸਾਹਿਤ ਕਰਦੀ ਹੈ।","வணிகத்தில் போஹ்ரா சமுதாயத்தினர் நேர்மையைக் கடைபிடித்துவருவதாகக் குறிப்பிட்ட பிரதமர், சரக்கு மற்றும் சேவை வரி, நொடித்தல் மற்றும் திவால் குறியீடு ஆகியவற்றின் மூலம் நேர்மையான வியாபாரிகள் மற்றும் பணியாளர்களை அரசு ஊக்குவிக்கிறது என்றார்.","వ్యాపారం లో బోహ్రా స‌ముదాయం చూపిన నిజాయ‌తీ ని గురించి ప్ర‌ధాన మంత్రి మాట్లాడుతూ ప్ర‌భుత్వం జిఎస్‌టి, ఇన్‌సాల్వెన్సి అండ్ బ్యాంక్‌ర‌ప్ట‌సి కోడ్ ల ద్వారా నిజాయ‌తీ ప‌రులైన వ్యాపార‌స్తుల‌ ను మ‌రియు శ్రామికుల‌ ను ప్రోత్స‌హిస్తోంద‌ని తెలిపారు.",کاروباری امور میں بوہرہ برادری کی ایمانداری کا ذکر کرتے ہوئے وزیر اعظم نے کہا کہ حکومت ایمان دارکارو باریوں اور کارکنان کی جی ایس ٹی ، اور دیوالیہ پن اور دیوالیہ قرار دیئے جانے کے ضابطے کے توسط سے مدد کرتی ہے ۔
"He said a comprehensive approach is being adopted for education, under the Samagra Shiksha Abhiyan.",সমগ্র শিক্ষা অভিযানৰ অধীনত সুসংহত শিক্ষাৰ বাবে কার্যকৰী পদক্ষেপ গ্ৰহণ কৰা হৈছে।,সমগ্র শিক্ষা অভিযানে সুসংহত শিক্ষা-ব্যবস্হার জন্য কার্যকর পদক্ষেপ নেওয়া হচ্ছে।,તેમણે કહ્યું કે સમગ્ર શિક્ષા અભિયાન અંતર્ગત શિક્ષણ માટે વ્યાપક અભિગમ અપનાવવામાં આવી રહ્યો છે.,उन्होंने कहा कि समग्र शिक्षा अभियान के तहत शिक्षा के लिए एक व्यापक दृष्टिकोण अपनाया जा रहा है।,ಸಮಗ್ರ ಶಿಕ್ಷಣ ಅಭಿಯಾನದಡಿ ಶಿಕ್ಷಣಕ್ಕಾಗಿ ಸಮಗ್ರ ದೃಷ್ಟಿಕೋನವನ್ನು ಅಳವಡಿಸಿಕೊಳ್ಳಲಾಗಿದೆ ಎಂದರು.,വിദ്യാഭ്യാസം നല്‍കുന്നതിനായി സമഗ്ര ശിക്ഷ അഭിയാന്‍ പ്രകാരം സമഗ്രസമീപനം കൈക്കൊള്ളുമെന്ന് അദ്ദേഹം വ്യക്തമാക്കി.,সমগ্রহ শিক্ষা অভিয়ানগী মখাদা এজুকেসনগী লমদা কমপ্রেহেন্সিব এপ্রোচ অমসু এদোপ্ত তৌরে হায়না মহাক্না হায়খি।,समग्र शिक्षा अभियानांतर्गत शिक्षणासाठी सर्वसमावेशक दृष्टीकोन बाळगण्यात येत असल्याचे त्यांनी सांगितले.,ସେହିଭଳି ସମଗ୍ର ଶିକ୍ଷା ଅଭିଯାନ ମାଧ୍ୟମରେ ଶିକ୍ଷା ବିକାଶ ସକାଶେ ବ୍ୟାପକ ବ୍ୟବସ୍ଥା ଗ୍ରହଣ କରାଯାଉଛି ।,ਉਨ੍ਹਾਂ ਕਿਹਾ ਕਿ ਸਮਗ੍ਰ ਸਿੱਖਿਆ ਅਭਿਆਨ (Samagra Shiksha Abhiyan) ਤਹਿਤ ਸਿੱਖਿਆ ਲਈ ਇੱਕ ਵਿਆਪਕ ਦ੍ਰਿਸ਼ਟੀਕੋਣ ਅਪਣਾਇਆ ਜਾ ਰਿਹਾ ਹੈ।,சமாக்ரா சிக்‌ஷா அபியான திட்டத்தின் கீழ் கல்விக்காக ஒரு முழுமையான அணுகுமுறை பின்பற்றப்படுவதாக அவர் கூறினார்.,‘స‌మ‌గ్ర శిక్ష అభియాన్’ లో భాగంగా విద్య ప‌ట్ల ఒక స‌మ‌గ్ర‌మైన విధానాన్ని అనుస‌రిస్తున్న‌ట్లు ఆయ‌న చెప్పారు.,انھوں نے کہا کہ سمگر، شکشا ابھیان کے تحت تعلیم کے لیے ایک جامع نظریہ اختیار کیا جارہا ہے۔
The Rajasthan Refinery will be the State’s first.,ৰাজস্থান শোধনাগাৰ ৰাজ্যখনৰ প্ৰথমটো শোধনাগাৰ।,তা আহরণের লক্ষ্যে এই প্রকল্পটি হ’ল ঐ রাজ্যের প্রথম শোধনাগার।,રાજસ્થાન રિફાઇનરી રાજ્યની પ્રથમ હશે.,राजस्थान रिफाइनरी राज्य की पहली रिफाइनरी होगी।,ರಾಜಾಸ್ತಾನ ಶುದ್ಧೀಕರಣಾಗಾರ ರಾಜ್ಯದ ಪ್ರಥಮ ಘಟಕವಾಗಿದೆ.,സംസ്ഥാനത്ത അദ്യ എണ്ണ ശുദ്ധീകരണ ശാലയാണ് രാജസ്ഥാന്‍ റിഫൈനറി.,রাজস্থান রিফাইনরি অসি রাজ্যগী অহানবা ওইরগনি ।,“राजस्थान तेलशुध्दीकरण प्रकल्प” हा राज्यातला पहिलाच प्रकल्प आहे.,ତେବେ ରାଜସ୍ଥାନ ବିଶୋଧନାଗାର ରାଜ୍ୟ ପାଇଁ ପ୍ରଥମ ହେବ ।,ਰਾਜਸਥਾਨ ਰਿਫਾਈਨਰੀ ਰਾਜ ਦੀ ਪਹਿਲੀ ਰਿਫਾਈਨਰੀ ਹੋਵੇਗੀ।,"ராஜஸ்தான் சுத்திகரிப்பு நிலையம், இம்மாநிலத்தின் முதலாவதாகும்.",రాజ‌స్థాన్ రిఫైన‌రీ రాష్ర్టంలో ఏర్పాట‌వుతున్న మొద‌టి రిఫైన‌రీ.,راجستھان ریفائنری ریاست کی پہلی ریفائنری ہوگی ۔
These include a Government Civil Hospital at Junagadh; 13 projects of Junagadh Municipal Corporation; and a milk processing plant at Khokharda.,সেইবোৰৰ ভিতৰত জুনাগড়ত এখন চৰকাৰী অসামৰিক চিকিৎসালয়; জুনাগড় পৌৰ নিগমৰ ১৩টা প্ৰকল্প আৰু খোখাৰ্ডাত দুগ্ধ উৎপাদন প্ৰকল্প উল্লেখযোগ্য।,এই প্রকল্পগুলির মধ্যে রয়েছে – জুনাগড়ে একটি সরকারি হাসপাতাল; জুনাগড় পুন নিগমের ১৩টি প্রকল্প এবং খোখারদা-তে একটি দুগ্ধ প্রক্রিয়াকরণ কেন্দ্র।,"આ પરિયોજનાઓમાં જૂનાગઢ સરકારી સિવિલ હોસ્પિટલ, જૂનાગઢ મ્યુનિસિપલ કોર્પોરેશનનાં 13 પ્રોજેક્ટ અને ખોખરડામાં દૂધ પ્રસંસ્કરણ પ્લાન્ટ સામેલ છે.","जूनागढ़ में एक सरकारी अस्पताल, जूनागढ़ नगर पालिका परिषद की 13 परियोजनायें, खोखराडा में एक दुग्ध प्रसंस्करण इकाई इन योजनाओं में शामिल हैं।","ಇವುಗಳಲ್ಲಿ ಜುನಾಘಡ್ ನ ಸರಕಾರಿ ಸಾರ್ವಜನಿಕ ಆಸ್ಪತ್ರೆ, ಜುನಾಘಡ್ ಮಹಾನಗರ ಪಾಲಿಕೆಯ 13 ಯೋಜನೆಗಳು; ಮತ್ತು ಖೋಖರ್ಡಾದಲ್ಲಿ ಹಾಲು ಸಂಸ್ಕರಣಾ ಘಟಕಗಳು ಸೇರಿವೆ.","ജുനഗഢില്‍ ജനങ്ങള്‍ക്കായുള്ള ആശുപത്രി, ജുനഗഢ് മുനിസിപ്പല്‍ കോര്‍പറേഷന്റെ 13 പദ്ധതികള്‍, ഖോഖാര്‍ദയില്‍ ക്ഷീരസംസ്‌കരണ പ്ലാന്റ് എന്നിവ ഉദ്ഘാടനം ചെയ്യപ്പെടുന്ന പദ്ധതികളില്‍പ്പെടും.","জুনাগরদা সরকারগী হোস্পিতাল অমা, জুনাগর ম্যুনিসিপাল কোর্পোরেসনগী প্রোজেক্ত ১৩, খোখরাদাদা মিল্ক প্রোসেসিং প্লান্ত অমা য়াওরি।","जुनागढ सरकारी रुग्णालय, जुनागड महापालिकेचे 13 प्रकल्प, खोखराडा येथे दुग्ध विकास प्रकल्प यांचा यात समावेश आहे.","ଏଥିମଧ୍ୟରେ ରହିଛି ଜୁନାଗଡ଼ଠାରେ ଏକ ସରକାରୀ ସାଧାରଣ ଚିକିତ୍ସାଳୟ, ଜୁନାଗଡ଼ ମହାନଗର ନିଗମର 13ଟି ପ୍ରକଳ୍ପ ଏବଂ ଖୋଖାର୍ଦ୍ଦାଠାରେ ଏକ ଦୁଗ୍ଧ ପ୍ରକ୍ରିୟାକରଣ ପ୍ଲାଂଟ ।","ਜੂਨਾਗੜ੍ਹ ਵਿੱਚ ਇੱਕ ਸਰਕਾਰੀ ਹਸਪਤਾਲ, ਜੂਨਾਗੜ੍ਹ ਨਗਰ ਪਾਲਿਕਾ ਪਰਿਸ਼ਦ ਦੇ 13 ਪ੍ਰੋਜੈਕਟਾਂ, ਖੋਖਰਾਡਾ (Khokharda) ਵਿੱਚ ਇੱਕ ਦੁੱਧ ਪ੍ਰੋਸੈੱਸਿੰਗ ਇਕਾਈ ਇਨ੍ਹਾਂ ਯੋਜਨਾਵਾਂ ਵਿੱਚ ਸ਼ਾਮਲ ਹਨ।",ஜூனாகடில் அரசு மருத்துவமனை: ஜூனாகட் மாநகராட்சியின் 13 திட்டங்கள் கோக்கர்தாவில் பால் பதனத் தொழிற்சாலை ஆகியவையும் இதில் அடங்கும்.,వీటిలో జూనాగ‌ఢ్ లో ఒక ప్ర‌భుత్వ ఆసుప‌త్రి; జూనాగఢ్ న‌గ‌ర‌ పాల‌క సంస్థ‌ కు చెందిన 13 ప‌థ‌కాలు; ఇంకా ఖోఖ‌్ రాడా లో ఓ మిల్క్ ప్రాసెసింగ్ ప్లాంటు వంటివి భాగంగా ఉండబోతున్నాయి.,ان پروجیکٹس میں، جونا گڑھ میں ایک سول اسپتال، جونا گڑھ میونسپل کارپوریشن کے 13 پروجیکٹس اور کھوکھاردا میں ایک ملک پروسیسنگ پلانٹ کا افتتاح کریں گے۔
Prime Minister Netanyahu and Prime Minister Modi will also visit the Centre of Excellence for Vegetables at Vadrad in Banaskantha district.,প্ৰধানমন্ত্ৰী মোদী আৰু প্ৰধানমন্ত্ৰী নেতান্যাহুৱে বনস্কান্থা জিলাৰ ৱাদ্ৰাদত থকা চেন্টাৰ অৱ এক্সেলেন্স ফৰ ভেজেটেবলও ভ্ৰমণ কৰিব।,গুজরাটের সবরকান্তা জেলায় শাক-সব্জিরএকটি উৎকর্ষ কেন্দ্র পরিদর্শনের কর্মসূচিও রয়েছে মিস্টার নেতানিয়াহু এবং শ্রীমোদীর।,પ્રધાનમંત્રી નેતન્યાહૂ અને પ્રધાનમંત્રી મોદી આ સાથે બનાસકાંઠા જિલ્લાના વાદરદ ગામે શાકભાજીનાં સેન્ટર ફોર એક્સેલેન્સની પણ મુલાકાત લેશે.,प्रधानमंत्री श्री नेतन्‍याहू और प्रधानमंत्री श्री नरेन्‍द्र मोदी बानसकंथा जिले में स्थित वडराड में सब्‍जी उत्‍कृष्‍टता केन्‍द्र का भी दौरा करेंगे।,ಪ್ರಧಾನಮಂತ್ರಿ ನೆತನ್ಯಾಹು ಮತ್ತು ಪ್ರಧಾನಿ ಮೋದಿ ಅವರು ಬನಸ್ಕಾಂತ ಜಿಲ್ಲೆಯ ವದ್ರದ್ ನಲ್ಲಿನ ತರಕಾರಿಗಳ ಕುರಿತ ಶ್ರೇಷ್ಠತೆಯ ಕೇಂದ್ರಕ್ಕೆ ಭೇಟಿ ನೀಡಲಿದ್ದಾರೆ.,ബാനസ്‌കന്ഥ ജില്ലയിലെ വദ്രദിലുള്ള പച്ചക്കറിക്കായുള്ള മികവിന്റെ കേന്ദ്രം ഇരു പ്രധാനമന്ത്രിമാരും സന്ദര്‍ശിക്കും.,প্রধানমন্ত্রী শ্রী নেতন্যাহু অমসুং প্রধানমন্ত্রী মোদীনা বানসকন্থা জিলাদা লৈবা বদরাদতা মনা মশিংগী থোইদোক-হেন্দোকপা সেন্তর অমদসু চৎকনি।,पंतप्रधान नेतान्याहू आणि पंतप्रधान नरेंद्र मोदी साबरकांथा जिल्ह्यातल्या वडराड येथील सर्वेात्कृष्ट भाजी केंद्राला भेट देतील.,ପ୍ରଧାନମନ୍ତ୍ରୀ ନେତାନ୍ୟାହୁ ଏବଂ ପ୍ରଧାନମନ୍ତ୍ରୀ ମୋଦୀ ଗୁଜରାଟ ଗସ୍ତ ଅବସରରେ ବନସ୍କାଂଟା ଜିଲାର ଭଦରାଦଠାରେ ଥିବା ଉତ୍କର୍ଷ ପରିବା କେନ୍ଦ୍ର ବୁଲି ଦେଖିବେ ।,ਪ੍ਰਧਾਨ ਮੰਤਰੀ ਸ਼੍ਰੀ ਨੇਤਨਯਾਹੂ ਅਤੇ ਪ੍ਰਧਾਨ ਮੰਤਰੀ ਸ਼੍ਰੀ ਨਰੇਂਦਰ ਮੋਦੀ ਵੀ ਬਾਂਸਕੰਥਾ (Banaskantha) ਜ਼ਿਲ੍ਹੇ ਵਿੱਚ ਸਥਿਤ ਵਡਰਾਡ (Vadrad) ਵਿੱਚ ਸਬਜ਼ੀ ਉੱਤਮਤਾ ਕੇਂਦਰ ਦਾ ਵੀ ਦੌਰਾ ਕਰਨਗੇ।,பிரதமர் நேதன்யாஹூ மற்றும் பிரதமர் மோடி ஆகியோர் சபர்காந்தா மாவட்டத்தில் உள்ள காய்கறிகளுக்கான சிறப்பு மையம் ஒன்றுக்கு விஜயம் மேற்கொள்கின்றனர்.,ప్ర‌ధాని శ్రీ నెతన్యాహూ మ‌రియు ప్ర‌ధాని మోదీ లు సాబర్ కాంఠా జిల్లా లోని వాద్ రాడ్ లో సెంట‌ర్ ఆఫ్ ఎక్స్‌లెన్స్ ఫ‌ర్ వెజిట‌బుల్స్ ను కూడా సంద‌ర్శిస్తారు.,وزیراعظم نیتن یاہو اور وزیراعظم نریندر مودی بناس کانٹھا ضلع میں ودراد میں سبزیوں کے ایک بہترین کارکردگی کے مرکز کا بھی دورہ کریں گے۔
Background:,মুখ্য প্ৰভাৱঃ,প্রেক্ষাপট:,પશ્ચાદ્ભૂમિ :,पृष्ठ भूमिः,ಎನ್.ಸಿ.ಟಿ.ಇ.,പശ്ചാത്തലം: 1.,৩১.০১.২০১৯গী মতুং ইন্না এম.এস.,पृष्ठभूमी :,ବିନ୍ଦୁୱାରୀ ବିବରଣୀ :,ਏਕੇਟੀ/ਐੱਸਐੱਨ/ਐੱਸਐੱਚ,பின்னணி­,నేప‌థ్యం…..,پس منظر نامہ:
"Speaking on the occasion, the Prime Minister said he feels a special energy in the environment from this mass chanting.",এই উপলক্ষে প্রধানমন্ত্রীয়ে কয় যে এই সামূহিক শ্লোক আৰু মন্ত্রোচ্চাৰণৰ পৰিৱেশত তেওঁ এক বিশেষ উৎসাহ আৰু উদ্যম লাভ কৰিছে।,"এই উপলক্ষেপ্রধানমন্ত্রী বলেন, এই সমবেত শ্লোক ও মন্ত্রোচ্চারণের পরিবেশে তিনি এক বিশেষউৎসাহ ও উদ্যম লাভ করেন।","આ પ્રસંગે પ્રધાનમંત્રીએ કહ્યું હતું કે, સામૂહિક મંત્રગાન દ્વારા ઊભા થયેલા દૈવી વાતાવરણથી તેઓ વિશેષ ઊર્જા અનુભવે છે.",इस अवसर पर बोलते हुए प्रधानमंत्री ने कहा कि वह इस सामूहिक पाठ से वातावरण में एक विशेष ऊर्जा का अनुभव कर रहे हैं।,ಈ ಸಂದರ್ಭದಲ್ಲಿ ಮಾತನಾಡಿದ ಪ್ರಧಾನಮಂತ್ರಿಯವರು ಈ ಸಾಮೂಹಿಕ ಪಾರಾಯಣದ ಸನ್ನಿವೇಶದಲ್ಲಿ ತಮ್ಮಲ್ಲಿ ನವ ಚೈತನ್ಯ ಮೂಡಿದ ಅನುಭವವಾಗಿದೆ ಎಂದರು.,എല്ലാവരും ഒത്തുചേര്‍ന്നു ജപിക്കുന്ന ഈ അനുഭവം തനിക്കു സവിശേഷമായ ഊര്‍ജം പകരുന്നുവെന്നു ചടങ്ങില്‍ പ്രസംഗിക്കവേ പ്രധാനമന്ത്രി പറഞ്ഞു.,থৌরম অদুদা ৱা ঙাংলদুনা প্রধানমন্ত্রীনা হায়খি মদুদি মহাক অসিগুম্বা মীয়াম্না পুন্না থিমিন্নবা মরক অসিদা থোইদোকপা থৌনা অমা ফংবগুম তৌরি।,"यावेळी बोलतांना पंतप्रधान म्हणाले की, या सामूहिक पठणामुळे वातावरणात एका विशेष ऊर्जेची त्यांना अनुभूती येत आहे.",ଏହି ଅବସରରେ ପ୍ରଧାନମନ୍ତ୍ରୀ କହିଥିଲେ ଯେ ସମବେତ ମନ୍ତ୍ରୋଚାରଣର ଏହି ପରିବେଶରୁ ସେ ବିଶେଷ ଶକ୍ତି ପ୍ରାପ୍ତ କରିଥିବା ଅନୁଭବ କରୁଛନ୍ତି ।,ਇਸ ਮੌਕੇ ਪ੍ਰਧਾਨ ਮੰਤਰੀ ਨੇ ਕਿਹਾ ਕਿ ਇਸ ਸਮੂਹਿਕ ਸਲੋਕ ਉਚਾਰਣ ਦੇ ਮੌਕੇ ਉੱਤੇ ਉਹ ਇਸ ਮਾਹੌਲ ਵਿੱਚੋਂ ਆਪਣੇ ਅੰਦਰ ਇੱਕ ਨਵੀਂ ਊਰਜਾ ਭਰੀ ਮਹਿਸੂਸ ਕਰਦੇ ਹਨ।,"நிகழ்ச்சியில் பேசிய பிரதமர் திரு.நரேந்திர மோடி, இந்த கூட்டு உச்சரிப்பு நிகழ்ச்சியின் சூழல், தனக்கு அதீத சக்தியை வழங்கியதைப் போன்று உணர்வதாக தெரிவித்தார்.","ఈ సంద‌ర్భంగా ప్ర‌ధాన మంత్రి మాట్లాడుతూ, ఈ సామూహిక పారాయ‌ణం ద్వారా ఇక్కడి పర్యావరణంలో ఒక ప్ర‌త్యేక శ‌క్తి వ్యాపించిన అనుభూతి తనకు కలిగిందన్నారు.",اس موقع پر اظہار خیال کرتے ہوئے وزیراعظم نے کہا کہ اس اجتماعی گیت سے انہیں ماحول میں ایک خصوصی توانائی محسوس ہوتی ہے۔
"The Prime Minister asserted that the youth of India respects Sardar Patel, and his contribution towards the building of our nation.",প্ৰধানমন্ত্ৰীয়ে ভাৰতৰ উঠি অহা প্ৰজন্মক চৰ্দাৰ পেটেলৰ লগতে আমাৰ দেশ গঢ়াত তেওঁৰ বৰঙণিৰ প্ৰতি সন্মান প্ৰদৰ্শন কৰিবলৈ আহ্বান জনায়।,"প্রধানমন্ত্রীবলেন, ভারতের যুব সমাজ আমাদের জাতি গঠনের ক্ষেত্রে তাঁর অবদানের জন্য সর্দারপ্যাটেলকে বিশেষ শ্রদ্ধা করেন।","પ્રધાનમંત્રીએ ભારપૂર્વક કહ્યું હતું કે, ભારતને સરદાર પટેલ અને આપણાં દેશનાં નિર્માણમાં એમનાં અમૂલ્ય પ્રદાન પર ગર્વ છે.",प्रधानमंत्री ने यह जोर देकर कहा कि भारत का युवा वर्ग सरदार पटेल और हमारे राष्ट्र के निर्माण में उनके योगदान का सम्मान करता है।,ನಮ್ಮ ರಾಷ್ಟ್ರ ನಿರ್ಮಾಣಕ್ಕೆ ಸರ್ದಾರ್ ಪಟೇಲ್ ಅವರು ನೀಡಿದ ಕೊಡುಗೆಯನ್ನು ಭಾರತದ ಯುವಕರು ಗೌರವಿಸುತ್ತಾರೆ ಎಂದು ಪ್ರಧಾನಿ ಹೇಳಿದರು.,ഇന്ത്യയിലെ യുവാക്കള്‍ സര്‍ദാര്‍ പട്ടേലിനെയും രാഷ്ട്രം കെട്ടിപ്പടുക്കുന്നതിന് അദ്ദേഹം നല്‍കിയ സംഭാവനകളെയും ബഹുമാനിക്കുന്നുവെന്ന് പ്രധാനമന്ത്രി ഊന്നിപ്പറഞ്ഞു.,প্রধানমন্ত্রীনা শাফু পীখি মদুদি ভারতকী নহারোলশিংনা সর্দার পতেল অমসুং ঐখোয়গী জাতি অসিবু শেমগৎনবা হোৎনবদা মহাক্না লৌবীরম্বা থৌদাং অদুবু ইকাই খুম্নরি।,भारतातील तरुण सरदार पटेल आणि राष्ट्र निर्मितीत त्यांनी दिलेल्या योगदानाचा आदर करतात असे पंतप्रधान म्हणाले.,ପ୍ରଧାନମନ୍ତ୍ରୀ ଦୃଢ଼ ଭାବରେ କହିଥିଲେ ଯେ ଭାରତର ଯୁବ ସମାଜ ସର୍ଦ୍ଦାର ପଟେଲଙ୍କୁ ଏବଂ ଦେଶ ଗଠନରେ ତାଙ୍କର ଯୋଗଦାନକୁ ସବୁବେଳେ ସ୍ମରଣ ଓ ସମ୍ମାନିତ କରି ଆସିଛନ୍ତି ।,ਪ੍ਰਧਾਨ ਮੰਤਰੀ ਨੇ ਜ਼ੋਰ ਦੇ ਕੇ ਕਿਹਾ ਕਿ ਭਾਰਤ ਦੇ ਨੌਜਵਾਨ ਸਰਦਾਰ ਪਟੇਲ ਅਤੇ ਸਾਡੇ ਰਾਸ਼ਟਰ ਦੇ ਨਿਰਮਾਣ ਵਿੱਚ ਉਨ੍ਹਾਂ ਦੇ ਯੋਗਦਾਨ ਦਾ ਸਤਿਕਾਰ ਕਰਦੇ ਹਨ।,"சர்தார் படேலுக்கும், நமது நாட்டை கட்டமைப்பதற்காக அவர் அளித்த பங்களிப்புக்கும் இந்திய இளைஞர்கள் மதிப்பு அளிப்பதாக பிரதமர் கூறினார்.","స‌ర్దార్ ప‌టేల్ ను, మ‌రియు మ‌న దేశాన్ని నిర్మించే దిశ‌గా ఆయ‌న అందించిన స‌హాయాన్ని భార‌త‌దేశ యువ‌త గౌర‌విస్తోంద‌ని ప్ర‌ధాన మంత్రి స్ప‌ష్టం చేశారు.",وزیراعظم نے زور دیکر کہا کہ بھارت کے نوجوان سردار پٹیل اور ہماری قوم کی تعمیر میں ان کے تعاون کا احترام کرتے ہیں۔
The Prime Minister will lay the Foundation Stone for the expansion of Amul manufacturing facilities at Anand and Khatraj.,প্ৰধানমন্ত্ৰীয়ে আনন্দ আৰু খাটৰাজত আমূলৰ সামগ্ৰী প্ৰস্তুতকৰণৰ সম্প্ৰসাৰণ কেন্দ্ৰৰ আধাৰশিলা স্থাপন কৰিব।,আনন্দ ও খটরাজে তিনি আমূল উৎপাদন কেন্দ্রের সম্প্রসারণের শিলান্যাস করবেন।,પ્રધાનમંત્રી આણંદ અને ખાત્રજમાં અમૂલની ઉત્પાદન સુવિધાઓનું વિસ્તરણ કરવા ભૂમિપૂજન કરશે.,प्रधानमंत्री आणंद एवं खतराज में अमूल विनिर्माण सुविधा केंद्रों के विस्तार का भी शिलान्यास करेंगे ।,ಆನಂದ್ ಮತ್ತು ಖತ್ರಾಜ್ ನಲ್ಲಿ ಅಮುಲ್ ಉತ್ಪಾದನಾ ವ್ಯವಸ್ಥೆಗಳ ವಿಸ್ತರಣೆಗೆ ಪ್ರಧಾನಮಂತ್ರಿ ಅವರು ಅಡಿಗಲ್ಲು ಹಾಕಲಿದ್ದಾರೆ.,ആനന്ദിലും ഖത്‌റജിലും അമുല്‍ നിര്‍മാണ കേന്ദ്രങ്ങളുടെ വികസനപദ്ധതികള്‍ക്ക് അദ്ദേഹം തറക്കല്ലിടും.,প্রধান মন্ত্রীনা অনন্দ অমসুং খাত্রাজদা অমুল মেনুফেকচরী য়ুনিতশিং পাকথোক-চাউথোক্নবা উরেপ-উয়ুং তমগনি।,त्यानंतर आणंद आणि खात्रज इथल्या अमूल उत्पादन केंद्राच्या विस्तारीकरण प्रकल्पाचे भूमीपूजन पंतप्रधानांच्या हस्ते होईल.,ପ୍ରଧାନମନ୍ତ୍ରୀ ଆନନ୍ଦ ଏବଂ ଖତରାଜରେ ଅମୂଲ ଉତ୍ପାଦନ ସୁବିଧା କେନ୍ଦ୍ରର ସମ୍ପ୍ରସାରଣ ଲାଗି ଶିଳାନ୍ୟାସ କରିବେ ।,ਪ੍ਰਧਾਨ ਮੰਤਰੀ ਆਣੰਦ ਅਤੇ ਖਤਰਾਜ ਵਿਖੇ ਅਮੁਲ ਉਤਪਾਦਨ ਸਹੂਲਤਾਂ ਦੇ ਪਸਾਰ ਲਈ ਨੀਂਹ ਪੱਥਰ ਰੱਖਣਗੇ।,ஆனந்த் மற்றும் கட்ராஜ் ஆகிய இடங்களில் அமுல் உற்பத்தி வசதிகளுக்கான விரிவாக்கத் திட்டத்திற்கு பிரதமர் அடிக்கல் நாட்டுகிறார்.,"ఆణంద్ లో, ఇంకా ఖ‌త్ రాజ్ లో అమూల్ త‌యారీ స‌దుపాయాల విస్త‌ర‌ణ‌ పనులకు ప్ర‌ధాన మంత్రి శంకుస్థాప‌న ను కూడా చేస్తారు.",وزیر اعظم آنند اور کھٹراج میں امول صنعتی پیداواری سہولیات کی توسیع کا سنگ بنیاد رکھیں گے۔
Prime minister urged them to remain focussed and work harder to achieve their goal of reaching the podium in the coming Olympics.,প্ৰধানমন্ত্ৰীয়ে সকলোকে পৰৱৰ্তী অলিম্পিকত সফলতা অৰ্জনত গুৰুত্ব আৰোপ কৰাৰ লগতে তেওঁলোকৰ লক্ষ্যত উপনীত হোৱাৰ বাবে কঠোৰ পৰিশ্ৰম কৰিবলৈ আহ্বান জনায়।,প্রধানমন্ত্রী তাঁদের আগামী অলিম্পিক্সে বিজয়ী হওয়ার জন্য নিজেদের লক্ষ্যের দিকে স্থির থেকে কঠিন পরিশ্রম করার পরামর্শ দেন।,પ્રધાનમંત્રીએ તેમને એકાગ્ર રહી આગામી ઓલિમ્પિકસમાં પોડિયમ સુધી પહોંચવાના તેમના લક્ષ્યને પ્રાપ્ત કરવા માટે સખત મહેનત કરવા પ્રોત્સાહિત કર્યા હતા.,प्रधानमंत्री ने उनसे आग्रह भी किया कि वे आने वाले ओलंपिक में मंच पर पहुंचने के अपने लक्ष्य पर ध्यान केंद्रित करें और कड़ी मेहनत करें।,ಮುಂಬರುವ ಒಲಿಂಪಿಕ್ಸ್ ನಲ್ಲಿ ಗೆಲುವು ಸಾಧಿಸಲು ಕ್ರೀಡಾಪಟುಗಳು ಏಕಾಗ್ರತೆಯಿಂದ ಕಠಿಣಶ್ರಮವಹಿಸಿ ಸಾಧನೆ ಮಾಡಬೇಕು ಎಂದು ಪ್ರಧಾನಮಂತ್ರಿ ಅವರು ಹೇಳಿದರು.,അടുത്ത ഒളിമ്പിക്‌സില്‍ വിജയപീഠത്തിലെത്തുകയെന്ന ലക്ഷ്യം നേടുന്നതില്‍ ശ്രദ്ധ കേന്ദ്രീകരിക്കാനും കൂടുതല്‍ കഠിനപ്രയത്‌നം നടത്താനും പ്രധാനമന്ത്രി അവരോട് അഭ്യര്‍ഥിച്ചു.,লাক্কদৌরিবা ওলেম্পিকশিংদা পোদিয়্ম য়ৌনবা থম্লিবা মখোয়গী পান্দম অদু ফংনবা কন্না হোৎননবা প্রধান মন্ত্রীনা মখোয়দা তকশিনখি।,आगामी ऑलिम्पिक स्पर्धेत पदक मिळवण्याचे लक्ष्य गाठण्यासाठी एकाग्रतेने आणि अधिक कठोर परिश्रम करण्याचे आवाहन पंतप्रधानांनी केले.,ପ୍ରଧାନମନ୍ତ୍ରୀ ସେମାନଙ୍କୁ ଲକ୍ଷ୍ୟବଦ୍ଧ ରହିବା ଏବଂ ପରବର୍ତ୍ତୀ ଅଲିମ୍ପିକ୍ସରେ ପୋଡିୟମ (ପଦକ)ହାସଲ ଲକ୍ଷ୍ୟ ପ୍ରାପ୍ତି ଦିଗରେ କଠିନ ପରିଶ୍ରମ କରିବା ପାଇଁ ପରାମର୍ଶ ଦେଇଥିଲେ ।,ਪ੍ਰਧਾਨ ਮੰਤਰੀ ਨੇ ਉਨ੍ਹਾਂ ਨੂੰ ਆਉਣ ਵਾਲੇ ਓਲੰਪਿਕਸ ਦਾ ਆਪਣਾ ਟੀਚਾ ਪ੍ਰਾਪਤ ਕਰਨ ‘ਤੇ ਕੇਂਦਰਿਤ ਰਹਿਣ ਅਤੇ ਹੋਰ ਸਖਤ ਮਿਹਨਤ ਕਰਨ ਦੀ ਤਾਕੀਦ ਕੀਤੀ।,வரும் ஒலிம்பிக் போட்டிகளில் வெற்றி பெற்று மேடை ஏறும் தங்கள் கனவுகளை நோக்கி கடுமையாக உழைக்குமாறு அந்த வீரர்களை பிரதமர் கேட்டுக்கொண்டார்.,రాబోయే ఒలింపిక్స్ క్రీడల్లో పతక విజేతల వేదికపై భారతీయులుగా సగర్వంతో నిలిచే క్షణం కోసం ఏకాగ్రతతో కృషి చేయాల్సిందిగా ప్రధానమంత్రి వారికి సూచించారు.,وزیر اعظم نے ان سے کہا کہ وہ اپنے کھیل پر توجہ مرکوز کریں اور آئندہ اولمپکس میں اعلیٰ مقام حاصل کرنے کے اپنے مقصد کو حاصل کرنے کے لیے سخت محنت کریں۔
The Prime Minister said that the last few years have marked a golden period in relations between the two countries.,বিগত কেইটামান বছৰ ভাৰত আৰু বাংলাদেশৰ পাৰস্পৰিক সম্পর্কৰ ক্ষেত্রত এক স্বর্ণ যুগৰ আৱির্ভাব ঘটিছে বুলি ভাৱে প্রধানমন্ত্রীয়ে।,ভারত ও বাংলাদেশের পারস্পরিক সম্পর্কের ক্ষেত্রে গত কয়েক বছর ধরে এক স্বর্ণ যুগের আবির্ভাব ঘটেছে বলে মনে করেন প্রধানমন্ত্রী।,પ્રધાનમંત્રીએ કહ્યું કે બંને દેશો વચ્ચેના સંબંધોમાં છેલ્લા કેટલાક વર્ષો સુવર્ણ કાળ તરીકે સાબિત થયા છે.,प्रधानमंत्री ने कहा कि दोनों देशों के संबंधों के लिए पिछले कुछ वर्ष स्वर्णिम रहे हैं।,ಕಳೆದ ಕೆಲವು ವರ್ಷಗಳಿಂದೀಚೆಗೆ ಉಭಯ ದೇಶಗಳ ನಡುವಿನ ಸಂಬಂಧಗಳನ್ನು ಸುವರ್ಣಯುಗ ಎಂದು ಬಣ್ಣಿಸಲಾಗುತ್ತದೆ.,ഇരുരാജ്യങ്ങളും തമ്മിലുള്ള ബന്ധങ്ങളിലെ ഒരു സുവര്‍ണ്ണ കാലഘട്ടമാണ് കഴിഞ്ഞ ഏതാനും വര്‍ഷങ്ങളെന്ന് പ്രധാനമന്ത്രി പറഞ്ഞു.,লৈবাক অনিগী মরক্তা লৈনরিবা মরি অসিদা হৌখিবা চহি খরা অসি শিংথানীংঙাই ওইবা মতম ওইরে হায়না প্রধান মন্ত্রীনা হায়খি।,"दोन्ही देशांमधील संबंधांच्या दृष्टीने गेल्या 4 वर्षांचा हा सुवर्णकाळ होता, असे पंतप्रधानांनी सांगितले.",ପ୍ରଧାନମନ୍ତ୍ରୀ କହିଥିଲେ ଯେ ଦୁଇ ଦେଶ ମଧ୍ୟରେ ସମ୍ପର୍କ ଗତ କିଛିବର୍ଷ ହେବ ସ୍ୱର୍ଣ୍ଣିମ ଅଧ୍ୟାୟ ଦେଇ ଗତି କରୁଛି ।,ਪ੍ਰਧਾਨ ਮੰਤਰੀ ਨੇ ਕਿਹਾ ਕਿ ਦੋਹਾਂ ਦੇਸ਼ਾਂ ਦੇ ਸਬੰਧਾਂ ਲਈ ਪਿਛਲੇ ਕੁਝ ਵਰ੍ਹੇ ਸੁਨਹਿਰੀ ਰਹੇ ਹਨ।,இரு நாடுகளுக்கும் இடையிலான உறவில் கடந்த சில ஆண்டுகள் ஒரு பொற்காலமாகும் என்று பிரதமர் கூறினார்.,గ‌త కొన్ని సంవ‌త్స‌రాల కాలం ఇరు దేశాల సంబంధాల‌లో ఒక స్వ‌ర్ణ యుగానికి గుర్తుగా నిలిచినట్ల ప్ర‌ధాన మంత్రి పేర్కొన్నారు.,وزیر اعظم نے کہا کہ پچھلے چند برس دونوں ملکوں کے تعلقات کے لئے سنہرا دور رہا ہے۔
"Top officials of the Ministry of Health and Family Welfare, NITI Aayog and PMO, briefed the Prime Minister on various aspects of the scheme.","স্বাস্থ্য আৰু পৰিয়াল কল্যাণ মন্ত্ৰালয়ৰ উচ্চ বিষয়া বৰ্গ, নিটি আয়োগ আৰু প্ৰধানমন্ত্ৰীৰ কাৰ্যালয়ে এই আঁচনিৰ বিভিন্ন প্ৰত্যাশাৰ বিষয়ে প্ৰধানমন্ত্ৰীক অৱগত কৰে৷","পর্যালোচনা বৈঠকে এছাড়াও উপস্থিত ছিলেন স্বাস্থ্য ও পরিবার কল্যাণ মন্ত্রক, নীতি আয়োগ এবং প্রধানমন্ত্রীর দপ্তরের শীর্ষ আধিকারিকরা।","આરોગ્ય અને પરિવાર કલ્યાણ મંત્રાલય, નીતિ આયોગ અને પ્રધાનમંત્રી કાર્યાલયના અધિકારીઓએ યોજનાના વિવિધ પાસાઓની પ્રધાનમંત્રીને માહિતી આપી હતી.","स्वास्थ्य और परिवार कल्याण मंत्रालय, नीति आयोग तथा प्रधानमंत्री कार्यालय के शीर्ष अधिकारियों ने इस योजना के विभिन्न पहलुओं के बारे में प्रधानमंत्री को विस्तार से जानकारी दी।","ಆರೋಗ್ಯ ಮತ್ತು ಕುಟುಂಬ ಕಲ್ಯಾಣ, ನೀತಿ ಆಯೋಗ ಮತ್ತು ಪ್ರಧಾನಮಂತ್ರಿಗಳ ಕಾರ್ಯಾಲಯದ ಹಿರಿಯ ಅಧಿಕಾರಿಗಳು ಯೋಜನೆಯ ವಿವಿಧ ಅಂಶಗಳ ಬಗ್ಗೆ ಪ್ರಧಾನಿ ಅವರಿಗೆ ಮಾಹಿತಿ ನೀಡಿದರು.","കേന്ദ്ര ആരോഗ്യ കുടുംബക്ഷേമ മന്ത്രാലയം, നിതി ആയോഗ്, പ്രധാനമന്ത്രിയുടെ കാര്യാലയം എന്നിവിടങ്ങളിലെ മുതിര്‍ന്ന ഉദ്യോഗസ്ഥര്‍ പദ്ധതിയുടെ വിവിധ വശങ്ങളെ കുറിച്ച് പ്രധാനമന്ത്രിയെ ധരിപ്പിച്ചു.","হকশেল অমসুং য়াইফ-য়ুম্বাল মন্ত্রালয়, নীতি আয়োগ অমসুং পি.এম.ও.গী মকোক থোংবা ওফিসিয়েলশিংনা স্কিম অসিগী তোঙান তোঙানবা মওং মতৌশিং অদু পাউদমখি।","या योजनेची अंमलबजावणी कशा पद्धतीने करण्यात येणार आहे, याची माहिती आरोग्य आणि कुटुंब कल्याण मंत्रालयाचे वरिष्ठ अधिकारी, पंतप्रधान कार्यालय आणि निती आयागाचे अधिकारी यांनी पंतप्रधान नरेंद्र मोदी यांना आज दिली.","ବୈଠକରେ ଉପସ୍ଥିତ ଥିବା ସ୍ୱାସ୍ଥ୍ୟ ଓ ପରିବାର କଲ୍ୟାଣ ମନ୍ତ୍ରଣାଳୟ, ନୀତି ଆୟୋଗ ଓ ପ୍ରଧାନମନ୍ତ୍ରୀଙ୍କ କାର୍ଯ୍ୟାଳୟର ବରିଷ୍ଠ ପଦାଧିକାରୀମାନେ ପ୍ରଧାନମନ୍ତ୍ରୀଙ୍କୁ ଏହି ଯୋଜନାର ବିଭିନ୍ନ ଦିଗ ସମ୍ପର୍କରେ ଅବଗତ କରାଇଥିଲେ ।","ਸਿਹਤ ਅਤੇ ਪਰਿਵਾਰ ਕਲਿਆਣ ਮੰਤਰਾਲੇ ਦੇ ਉੱਚ ਅਧਿਕਾਰੀਆਂ, ਨੀਤੀ ਆਯੋਗ ਅਤੇ ਪੀਐੱਮਓ ਨੇ ਇਸ ਯੋਜਨਾ ਦੇ ਵੱਖ-ਵੱਖ ਪਹਿਲੂਆਂ ਬਾਰੇ ਪ੍ਰਧਾਨ ਮੰਤਰੀ ਨੂੰ ਜਾਣਕਾਰੀ ਦਿੱਤੀ।","சுகாதாரம் மற்றும் குடும்ப நல்வாழ்வுத் துறை, நிதி ஆயோக் மற்றும் பிரதமர் அலுவலக உயர் அதிகாரிகள் இந்தத் திட்டத்தின் பல்வேறு அம்சங்கள் குறித்து பிரதமரிடம் விளக்கினார்கள்.","ఆరోగ్యం మ‌రియు కుటుంబ సంక్షేమ మంత్రిత్వ శాఖ, నీతి ఆయోగ్ ఇంకా పిఎమ్ ఒ ల అగ్రగామి అధికారులు ఈ ప‌థ‌కం యొక్క వివిధ అంశాల‌ను గురించి ప్ర‌ధాన మంత్రికి తెలియజెప్పారు.",صحت اور خاندانی بہبودکی مرکزی وزارت ، نیتی آیوگ اوروزیراعظم کے دفتر نے اس اسکیم کے مختلف پہلوؤں کی تفصیلات وزیراعظم کو فراہم کرائیں ۔
The Prime Minister also extended his wishes to the people of Andhra Pradesh.,তেওঁ এই উপলক্ষে অন্ধ্ৰপ্ৰদেশবাসীকো শুভেচ্ছা জনায়।,অন্ধ্রপ্রদেশবাসীদেরও প্রধানমন্ত্রী শুভকামনা জানিয়েছেন।,પ્રધાનમંત્રીએ આંધ્રપ્રદેશના લોકોને પણ શુભેચ્છા પાઠવી છે.,प्रधानमंत्री ने आंध्र प्रदेश के लोगों को भी बधाई दी है।,ಆಂಧ್ರಪ್ರದೇಶದ ಜನತೆಗೂ ಪ್ರಧಾನಮಂತ್ರಿಗಳು ಶುಭಾಶಯಗಳನ್ನು ಸಲ್ಲಿಸಿದ್ದಾರೆ.,ആന്ധ്രാ പ്രദേശിലെയും ജനങ്ങള്‍ക്ക് പ്രധാനമന്ത്രി ആശംസകള്‍ അര്‍പ്പിച്ചു.,প্রধান মন্ত্রীনা আন্ধ্র প্রদেশকী মীয়ামদসু য়াইফ–পাউজেল পীখ্রে।,पंतप्रधानांनी आंध्र प्रदेशच्या जनतेलाही शुभेच्छा दिल्या आहेत.,ଆନ୍ଧ୍ରପ୍ରଦେଶ ଜନସାଧାରଣଙ୍କୁ ମଧ୍ୟ ପ୍ରଧାନମନ୍ତ୍ରୀ ଶୁଭେଚ୍ଛା ଜଣାଇଛନ୍ତି ।,ਪ੍ਰਧਾਨ ਮੰਤਰੀ ਨੇ ਆਂਧਰਾ ਪ੍ਰਦੇਸ਼ ਦੇ ਲੋਕਾਂ ਨੂੰ ਵੀ ਆਪਣੀਆਂ ਸ਼ੁੱਭ ਇਛਾਵਾਂ ਦਿੱਤੀਆਂ।,ஆந்திரப்பிரதேச மக்களுக்கும் பிரதமர் தனது வாழ்த்துகளை தெரிவித்துக் கொண்டுள்ளார்.,ప్ర‌ధాన మంత్రి ఆంధ్ర ప్ర‌దేశ్ రాష్ట్ర ప్ర‌జానీకానికి కూడా శుభాకాంక్ష‌లు తెలిపారు.,زیراعظم نے آندھرا پردیش کے لوگوں کے ساتھ نیک خواہشات کا اظہار کیا۔
The Operations & Maintenance expenses on new AIIMS are also fully borne by the Central Government.,নতুন এইমছৰ আন্তঃগাঁথনিৰ বাবে অন্তৰ্ভুক্ত নিৰ্মাণ গতিবিধি তথা চৰকাৰী মেডিকেল কলেজৰ উন্নয়নৰ কাৰ্য নিৰ্মাণ স্তৰত ব্যাপক ৰোজগাৰ সৃষ্টি হোৱাৰ আশা আছে৷,"এছাড়া, নতুন এইমস্‌গুলির কাজকর্ম চালানো এবং পরিচালনের ব্যয়ভারও পুরোপুরিভাবে কেন্দ্রীয় সরকার বহন করে থাকে।",સાથોસાથ તેના સંચાલન અને રખરખાવનો ખર્ચ પણ કેન્દ્ર સરકાર ભોગવશે.,नए एम्स का संचालन और रख-रखाव भी पूरी तरह केन्द्र सरकार द्वार वहन किया जाएगा।,ಜೊತೆಗೆ ಹೊಸ ಏಮ್ಸ್ ನ ಕಾರ್ಯಾಚರಣೆ ಮತ್ತು ನಿರ್ವಹಣಾ ವೆಚ್ಚವನ್ನೂ ಸಹ ಸಂಪೂರ್ಣವಾಗಿ ಕೇಂದ್ರ ಸರ್ಕಾರವೇ ಭರಿಸಲಿದೆ.,ഇവയുടെ നടത്തിപ്പിനും നിലനിര്‍ത്തിക്കൊണ്ടുപോകുന്നതിനുമുള്ള ചെലവും കേന്ദ്ര ഗവണ്‍മെന്റ് വഹിക്കും.,অনৌবা এ আই আই এম এস অসিগী চংগদবা শেনফমশিং কেন্দ্র সরকারনা পুথো্ক্কনি।,नवीन एम्स रुग्णालयांच्या कार्यान्वय आणि देखरेखीचा संपूर्ण खर्च केंद्र सरकार करणार आहे.,ସେହିପରି ନୂଆ ଏମ୍ସର ପରିଚାଳନା ଏବଂ ରକ୍ଷଣାବେକ୍ଷଣ ଖର୍ଚ୍ଚ ମଧ୍ୟ କେନ୍ଦ୍ର ସରକାର ବହନ କରିବେ ।,ਨਵੇਂ ਏਮਜ਼ ਦੇ ਸੰਚਾਲਨ ਅਤੇ ਪ੍ਰਬੰਧਨ ਖਰਚੇ ਵੀ ਕੇਂਦਰ ਸਰਕਾਰ ਵੱਲੋਂ ਉਠਾਏ ਜਾਂਦੇ ਹਨ।,"மேலும், இந்த புதிய எய்ம்ஸ் மருத்துவமனைகளின் செயல்பாடு மற்றும் பராமரிப்பு செலவினங்களையும் முழுவதுமாக மத்திய அரசே ஏற்றுக் கொள்ளும்.","అలాగే నిర్వహణ, మెయింటెనెన్స్ వ్యయాలు కూడా పూర్తి గా కేంద్రమే భరిస్తుంది.",تعمیرات کی لاگت اور نئے اے آئی آئی ایم ایس چلانے کی لاگت مرکزی حکومت کے ذریعہ پی ایم ایس ایس وائی کے تحت برداشت کی جائے گی۔
Prime Minister assured the athletes that Government would provide them adequate support and facilities.,প্ৰধানমন্ত্ৰীয়ে প্ৰতিগৰাকী খেলুৱৈক চৰকাৰে উপযুক্ত সহায় আৰু সূযোগ-সূবিধা আগবঢ়াব বুলি আশ্বাস দিয়ে।,সরকার খেলোয়াড়দের পর্যাপ্ত সুযোগ-সুবিধা দেবে বলেও প্রধানমন্ত্রী তাঁদের আশ্বাস দেন।,પ્રધાનમંત્રીએ ખેલાડીઓને એ બાબતની ખાતરી આપી હતી કે સરકાર તેમને જરૂરી સહાય અને સુવિધાઓ પૂરી પાડશે.,प्रधानमंत्री ने एथलीटों को यह आश्वासन दिया कि सरकार उन्हें सभी आवश्यक सहायता और सुविधाएं उपलब्ध कराएगी।,ಸರಕಾರ ಕ್ರೀಡಾಪಟುಗಳಿಗೆ ಸಾಕಷ್ಟು ಬೆಂಬಲ ಮತ್ತು ಸೌಲಭ್ಯಗಳನ್ನು ಪೂರೈಸಲಿದೆ ಎಂಬ ಭರವಸೆಯನ್ನು ಅವರು ನೀಡಿದರು.,അവര്‍ക്ക് വേണ്ട പിന്തുണയും സൗകര്യങ്ങളും ലഭ്യമാക്കുമെന്ന് പ്രധാനമന്ത്രി കായികതാരങ്ങള്‍ക്ക് ഉറപ്പുനല്‍കി.,শান্নরোইশিংদা সরকারগী মাইকৈদগী পীবা য়াবা মতেং অমসু খুদোংচাবা কয়া পীগনি হায়না প্রধান মন্ত্রীনা থাজবা পীখি।,यासाठी सरकार आवश्यक साहाय्य आणि सुविधा पुरवेल अशी ग्वाही पंतप्रधानांनी दिली.,ସରକାରଙ୍କ ପକ୍ଷରୁ ଆବଶ୍ୟକ ସାହାଯ୍ୟ ସହଯୋଗ ଏବଂ ସୁବିଧା ସୁଯୋଗ ଯୋଗାଇଦେବା ଲାଗି ପ୍ରଧାନମନ୍ତ୍ରୀ ଆଥଲେଟମାନଙ୍କୁ ପ୍ରତିଶ୍ରୁତି ଦେଇଥିଲେ ।,ਪ੍ਰਧਾਨ ਮੰਤਰੀ ਨੇ ਅਥਲੀਟਾਂ ਨੂੰ ਭਰੋਸਾ ਦਿੱਤਾ ਕਿ ਸਰਕਾਰ ਉਨ੍ਹਾਂ ਨੂੰ ਢੁਕਵਾਂ ਸਮਰਥਨ ਅਤੇ ਸਹੂਲਤਾਂ ਮੁਹੱਈਆ ਕਰਵਾਏਗੀ।,அவர்களுக்கு தேவையான அனைத்து உதவிகள் மற்றும் வசதிகளை அரசு அளிக்கும் என்று பிரதமர் உறுதி அளித்தார்.,ఇందుకు ప్రభుత్వపరంగా అవసరమైన మద్దతుతోపాటు సదుపాయాలు కల్పిస్తామని హామీ ఇచ్చారు.,وزیر اعظم نے ایتھلیٹس کو یقین دلایا کہ حکومت انھیں خاطر خواہ مدد اور سہولتیں فراہم کرائیں گی۔
"He will address a diverse gathering, consisting of farmers, scientists, entrepreneurs, students, government officials, and legislators.","এই উপলক্ষে তেওঁ সমবেত বিভিন্ন ক্ষেত্ৰ, বিশেষকৈ কৃষক, বিজ্ঞান, উদ্যোগী, শিক্ষাৰ্থী, চৰকাৰী বিষয়াবৰ্গৰ লগতে বিধানপালিকাৰ লোকসকলক উদ্দেশ্যি ভাষণ আগবঢ়াব।","সেখানে তিনি কৃষক, বিজ্ঞানী, উদ্যোগপতি, ছাত্রছাত্রী, সরকারি আধিকারিক এবং বিধায়কদের একটি সমাবেশে ভাষণ দেবেন।","તેઓ ખેડૂતો, વિજ્ઞાનીઓ, ઉદ્યોગસાહસિકો, વિદ્યાર્થીઓ, સરકારી અધિકારીઓ અને સાંસદોને સંબોધન કરશે.","प्रधानमंत्री इस अवसर पर उपस्थित लोगों को संबोधित करेंगे, जिनमें किसान, वैज्ञानिक, उद्यमी, विद्यार्थी, सरकारी अधिकारी और जन-प्रतिनिधि शामिल होंगे।","ರೈತರು, ವಿಜ್ಞಾನಿಗಳು, ಉದ್ಯಮಿಗಳು, ವಿದ್ಯಾರ್ಥಿಗಳು, ಸರಕಾರಿ ಅಧಿಕಾರಿಗಳು ಮತ್ತು ಶಾಸಕರನ್ನು ಒಳಗೊಂಡ ವೈವಿಧ್ಯಮಯ ಸಭಾಸದರನ್ನುದ್ದೇಶಿಸಿ ಅವರು ಮಾತನಾಡಲಿದ್ದಾರೆ.","കര്‍ഷകര്‍, ശാസ്ത്രജ്ഞര്‍, സംരംഭകര്‍, വിദ്യാര്‍ത്ഥികള്‍, ഗവണ്‍മെന്റ് ഉദ്യോഗസ്ഥര്‍, സാമാജികര്‍ തുടങ്ങി വൈവിധ്യമാര്‍ന്ന സദസിനെ അദ്ദേഹം അഭിസംബോധന ചെയ്യും.","মহাক্না লৌমীশিং, সাইন্তিস্তশিং, ইন্ত্রপ্রিনরশিং, মহৈরোইশিং, সরকারগী ওফিসিএলশিং অমসুং লেজিসলেচরশিংনা শরুক য়াবা মীফমদা ৱা ঙাংগনি।","कार्यक्रमात शेतकरी, शास्त्रज्ञ, उद्योजक, विद्यार्थी, खासदार, अधिकारी यांना ते संबोधित करतील.","ସେ କୃଷକ, ବୈଜ୍ଞାନିକ, ଉଦ୍ୟୋଗୀ, ଛାତ୍ର, ସରକାରୀ ପଦାଧିକାରୀ ଏବଂ ବିଧାୟକମାନଙ୍କର ଏକ ସମ୍ମିଳନୀକୁ ସମ୍ବୋଧିତ କରିବେ ।","ਉਹ ਭਿੰਨ-ਭਿੰਨ ਲੋਕਾਂ ਦੇ ਇਕੱਠ ਨੂੰ ਸੰਬੋਧਨ ਕਰਨਗੇ ਜਿਸ ਵਿੱਚ ਕਿਸਾਨ, ਵਿਗਿਆਨਕ, ਉੱਦਮੀ, ਵਿਦਿਆਰਥੀ, ਸਰਕਾਰੀ ਅਧਿਕਾਰੀ ਅਤੇ ਵਿਧਾਇਕ ਸ਼ਾਮਲ ਹੋਣਗੇ।","விவசாயிகள், விஞ்ஞானிகள், தொழில் முனைவோர், மாணவர்கள், அரசு அதிகாரிகள், நாடாளுமன்ற சட்டமன்ற உறுப்பினர்கள் உள்ளிட்ட பல்வேறு தரப்பைச் சேர்ந்தவர்கள் பங்கேற்கும் இந்தக் கூட்டத்தில் பிரதமர் உரையாற்றுவார்.","రైతులు, శాస్త్రవేత్త‌లు, న‌వ పారిశ్రామికవేత్తలు, విద్యార్థులు, ప్ర‌భుత్వ అధికారులు మ‌రియు చ‌ట్ట‌స‌భ‌ ల స‌భ్యుల‌ తో కూడిన స‌భికుల‌ను ఉద్దేశించి ఆయ‌న ప్ర‌సంగిస్తారు.",جناب مودی کسانوں، سائنسدانوں، صنعت کاروں، طلبا، سرکاری افسروں اور قانون سازوں پر مشتمل ایک گوناگوں اجتماع سے خطاب کریں گے۔
His indomitable courage is a source of motivation.,তেওঁৰ অদম্য সাহস সকলোৰে প্ৰেৰণাৰ উৎস।,তাঁর অদম্য সাহসিকতাআমাদের উদ্বুদ্ধ করে।,તેમનું અદમ્ય સાહસ આપણા માટે પ્રેરણારૂપ છે.”,उनका अदम्‍य साहस प्रेरणा का स्रोत है।,ಅವರ ಅಪ್ರತಿಮ ಶೌರ್ಯ ಸ್ಫೂರ್ತಿಯ ಸೆಲೆಯಾಗಿದೆ.,അദ്ദേഹത്തിന്റെ അജയ്യമായ വിപദി ധൈര്യം പ്രചോദനത്തിന്റെ ഉറവിടമാണ്.,মহাক্কী মুৎনাইদ্রবা থৌনা অদুনা মোতিভেসনগী সোর্স অমা ওইরি ।,त्याचे अदम्य साहस हे आमचे प्रेरणा स्रोत आहे.,ତାଙ୍କ ଅଦମ୍ୟ ସାହସ ଆମ ପାଇଁ ପ୍ରେରଣାର ଉତ୍ସ ।,ਉਨ੍ਹਾਂ ਦਾ ਅਜਿੱਤ ਸਾਹਸ ਪ੍ਰੇਰਣਾ ਦਾ ਸਰੋਤ ਹੈ।,அவரின் வெல்ல முடியாத துணிச்சல் மற்றவர்களுக்கு ஊக்கத்தின் ஆதாரமாக உள்ளது.,మొక్క‌వోని ఆయ‌న శౌర్యం ఒక ప్రేర‌ణ మార్గంగా నిలుస్తోంది.,ان کی ناقابل تسخیر شجاعت، حوصلہ افزائی کا زبردست ذریعہ ہے۔
He said this has created lakhs of employment opportunities.,ইয়াৰ ফলত লাখ লাখ লোকৰ বাবে কর্মসংস্থাপনৰ সুযোগো সৃষ্টি হৈছে।,"এর ফলে, লক্ষ লক্ষ কর্মসংস্থানের সুযোগও সৃষ্টি হয়েছে।","તેમણે કહ્યું હતું કે, તેમાં રોજગારીની લાખો તકોનું સર્જન થાય છે.",उन्‍होंने कहा कि इससे रोजगार के लाखों अवसर सृजित हुए हैं।,"ಇದರಿಂದಾಗಿ ಲಕ್ಷಾಂತರ ಉದ್ಯೋಗಾವಕಾಶಗಳು ಸೃಷ್ಟಿಯಾಗಿವೆ,” ಎಂದು ಪ್ರಧಾನಮಂತ್ರಿಗಳು ನುಡಿದರು.",ഇത് ലക്ഷക്കണക്കിനു തൊഴിലവസരങ്ങള്‍ സൃഷ്ടിച്ചുവെന്നും അദ്ദേഹം പറഞ്ഞു.,মসিনা মীওই লাখ কয়াদা থবক ফংহল্লে হায়না মহাক্না হায়খি।,"आणि यामुळे लाखो लोकांना रोजगाराच्या संधी उपलब्ध झाल्या आहेत, असे पंतप्रधान म्हणाले.",ଏହାଦ୍ୱାରା ଦେଶରେ ଲକ୍ଷ ଲକ୍ଷ କର୍ମନିଯୁକ୍ତିର ସୁଯୋଗ ସୃଷ୍ଟି ହୋଇପାରିଛି ବୋଲି ସେ ଦୃଢ଼ୋକ୍ତି ପ୍ରକାଶ କରିଥିଲେ ।,ਉਨ੍ਹਾਂ ਨੇ ਕਿਹਾ ਕਿ ਇਸ ਵਿੱਚ ਰੋਜ਼ਗਾਰ ਦੇ ਲੱਖਾ ਮੌਕੇ ਪੈਦਾ ਹੋਏ ਹਨ।,இது லட்சக்கணக்கான வேலைவாய்ப்புகளை உருவாக்கி உள்ளது என்றும் அவர் கூறினார்.,ఇది ల‌క్ష‌లాది ఉద్యోగ అవ‌కాశాల‌ను సృష్టించినట్లు ఆయ‌న తెలిపారు.,انھوں نے کہا کہ اس سے روزگار کے لاکھوں مواقع پیدا ہوئے ہیں۔
"These include houses under Pradhan Mantri Awaas Yojana, urban drinking water supply schemes, urban solid waste management, urban sanitation, urban transportation and urban landscape projects.","এইবোৰৰ ভিতৰত প্ৰধানমন্ত্ৰী আৱাস যোজনাৰ অধীনৰ আৱাস, নগৰ পানী যোগান আঁচনি, নগৰ গোটা আৱৰ্জনা ব্যৱস্থাপনা, নগৰ অনাময়, নগৰ পৰিবহণ আৰু নগৰ দৃশ্যপট প্ৰকল্প উল্লেখযোগ্য।","এই প্রকল্পগুলির মধ্যে রয়েছে প্রধানমন্ত্রী আবাস যোজনার আওতায় বাসস্হান নির্মাণ কর্মসূচি, শহরাঞ্চলে পানীয় জল সরবরাহ কর্মসূচি, নগরাঞ্চলে কঠিন বর্জ্য ব্যবস্হাপনা, শহরাঞ্চলের স্বাস্হ্য ব্যবস্হা কর্মসূচি, নগর পরিবহণ ইত্যাদি।","આ યોજનાઓમાં પ્રધાનમંત્રી આવાસ યોજના હેઠળના આવાસો, શહેરી પાણી પૂરવઠા યોજનાઓ, શહેરોમાં ઘન કચરાનો નિકાલ, શહેરી સ્વચ્છતા, શહેરી પરિવહન અને શહેરી લેન્ડસ્કેપ પરિયોજનાઓનો સમાવેશ થાય છે.","इनमें प्रधानमंत्री आवास योजना, शहरी पेय जल जलापूर्ति योजनाएं, शहरी ठोस अपशिष्ट प्रबंधन, शहरी स्वच्छता, शहरी परिवहन एवं शहरी परिदृश्य परियोजनाएं शामिल हैं।","ಪ್ರಧಾನ ಮಂತ್ರಿ ಆವಾಸ್ ಯೋಜನಾದಡಿಯಲ್ಲಿ ಮನೆಗಳ ನಿರ್ಮಾಣ, ನಗರ ಕುಡಿಯುವ ನೀರು ಪೂರೈಕೆ ಯೋಜನೆಗಳು, ನಗರ ಘನ ತ್ಯಾಜ್ಯ ನಿರ್ವಹಣೆ, ನಗರ ನೈರ್ಮಲ್ಯೀಕರಣ, ನಗರ ಸಾರಿಗೆ ಮತ್ತು ನಗರ ಭೂದೃಶ್ಯ ಯೋಜನೆಗಳು ಇದರಲ್ಲಿ ಸೇರಿವೆ.","പ്രധാനമന്ത്രി പാര്‍പ്പിട പദ്ധതി, നഗര കുടിവെള്ള പദ്ധതികള്‍, നഗര ഖരമാലിന്യ പരിപാലനം, നഗര ശുചീകരണം, നഗര ഗതാഗതം, നഗരം മോടിപിടിപ്പിക്കല്‍ മുതലായവയുമായി ബന്ധപ്പെട്ട പദ്ധതികള്‍ ഇതിലുള്‍പ്പെടും.","মসিগী মনুংদা প্রধান মন্ত্রী আৱাস য়োজনাগী মখাদা যুম শাবা, অর্বান দ্রিঙ্কিং ৱাতর সপ্লাই স্কিমশিং, অর্বান সোইল ৱেস্ত মেনেজমেন্ত, অর্বান সেনিতেসন, অর্বান ত্রান্সপোর্তেসন অমসুং অর্বান লেন্দস্কেপ প্রোজেক্তশিং য়াওরি।","यामध्ये प्रधानमंत्री आवास योजना, शहरी पेयजल पुरवठा योजना, शहरी घनकचरा व्यवस्थापन, शहरी स्वच्छता, शहरी वाहतूक व शहरी लँडस्केप प्रकल्प या योजनांचा समावेश आहे.","ଏଥିରେ ପ୍ରଧାନମନ୍ତ୍ରୀ ଆବାସ ଯୋଜନା, ସହରୀ ପାନୀୟ ଜଳ ଯୋଗାଣ ଯୋଜନା, ସହରୀ କଠିନ ବର୍ଜବସ୍ତୁ ପରିଚାଳନା, ସହରାଂଚଳ ସ୍ୱଚ୍ଛତା, ସହରୀ ପରିବହନ ଏବଂ ସହରୀ ପରିଦୃଶ୍ୟ ପ୍ରକଳ୍ପ ସାମିଲ ରହିଛି ।","ਇਨ੍ਹਾਂ ਵਿੱਚ ਪ੍ਰਧਾਨ ਮੰਤਰੀ ਆਵਾਸ ਯੋਜਨਾ, ਸ਼ਹਿਰੀ ਪੇਅ ਜਲ ਸਪਲਾਈ ਯੋਜਨਾਵਾਂ, ਸ਼ਹਿਰੀ ਠੋਸ ਰਹਿੰਦ ਖੂਹੰਦ ਪ੍ਰਬੰਧਨ, ਸ਼ਹਿਰੀ ਸਵੱਛਤਾ, ਸ਼ਹਿਰੀ ਟਰਾਂਸਪੋਰਟ ਤੇ ਸ਼ਹਿਰੀ ਲੈਂਡਸਕੇਪ ਪ੍ਰੋਜੈਕਟ ਸ਼ਾਮਲ ਹਨ।","அதாவது, பிரதம மந்திரியின் வீட்டுவசதித் திட்டம், நகர்ப்புற குடிநீர் வழங்கல் திட்டம், நகர்ப்புற திடக் கழிவு மேலாண்மை, நகர்ப்புற துப்புரவுத் திட்டம், நகர்ப்புற போக்குவரத்து மற்றும் நகர்ப்புற இயற்கைக்காட்சி திட்டம் போன்றவற்றின் கீழ் செயல்படுத்தப்படும் திட்டங்களை பிரதமர் திரு. நரேந்திர மோடி தொடங்கிவைத்தார்.","ఇందులో ప్ర‌ధాన‌మంత్రి ఆవాస్ యోజ‌న ప‌థ‌కం కింద‌గ‌ల ఇళ్లు, ప‌ట్ట‌ణ నీటి స‌ర‌ఫ‌రా ప‌థ‌కాలు, ప‌ట్ట‌ణ ఘ‌న వ్య‌ర్థాల నిర్వ‌హ‌ణ‌, ప‌ట్ట‌ణ పారిశుధ్యం, ప‌ట్ట‌ణ ర‌వాణా, ప‌ట్ట‌ణ సుంద‌రీక‌ర‌ణ ప్రాజ‌క్టులు ఉన్నాయి.",ان میں پردھان منتری آواس یوجنا کے تحت مکانات، پینے کے پانی کی فراہمی کی شہری ا سکیمیں، ٹھوس کچرے کا شہری بندوبست، شہری حفظان صحت، شہری ٹرانسپورٹیشن اور دلکش شہری منظر سے متعلق پراجیکٹ شامل ہیں۔
"He has laid the Foundation Stone for the Shivaji memorial just off the coast of Mumbai, in the Arabian Sea.",দিল্লীত প্ৰধানমন্ত্ৰীয়ে নেচনেল ছায়েন্স চেণ্টাৰত চৰ্জাৰ পেটেল গেলেৰী মুকলি কৰিছে৷,আরব সাগরে মুম্বাই উপকূলে শিবাজীর স্মৃতিতে শ্রী মোদী সম্প্রতি একটি স্মারক গড়ে তোলার শিলান্যাস করেন।,તેમણે અરબી સમુદ્રમાં મહારાષ્ટ્રના સાગરકાંઠા નજીક શિવાજી સ્મારકનો પણ શિલાન્યાસ કર્યો છે.,उन्‍होंने अरब सागर में मुम्‍बई के समुद्र तट पर शिवाजी स्‍मारक के लिए आधारशिला रखी है।,"ಪ್ರಧಾನಿ ಅವರು, ಇತ್ತೀಚೆಗೆ ಕರಾವಳಿಯ ಅರಬ್ಬೀ ಸಮುದ್ರದ ಮುಂಬೈ ಕರಾವಳಿಯಲ್ಲಿ ಶಿವಾಜಿ ಸ್ಮಾರಕಕ್ಕೆ ಶಂಕುಸ್ಥಾಪನೆ ನೆರವೇರಿಸಿದ್ದಾರೆ.","അറബിക്കടലിന്റെ തീരത്ത്, മുംബൈയില്‍ അദ്ദേഹം ശിവജി സ്മാരകത്തിന് ശിലാസ്ഥാപനം നിര്‍വഹിച്ചു.","অরাবিয়ান সিদা, মুম্বাইগী সমুদ্র মপান্দা মহাক্না শিবাজি মেমোরিয়েলগীদমক উরেপ উয়ুং তমখি।",त्यांनी मुंबईच्या अरबी समुद्रावरील किनाऱ्यावर शिवाजीस्मारकाची कोनशिला ठेवली.,ଆରବ ସାଗରର ମୁମ୍ବାଇ ଉପକୂଳରେ ଶିବାଜୀ ସ୍ମାରକ ସ୍ଥଳୀ ପାଇଁ ମଧ୍ୟ ପ୍ରଧାନମନ୍ତ୍ରୀ ଶିଳାନ୍ୟାସ କରିଥିଲେ ।,ਉਨ੍ਹਾਂ ਨੇ ਅਰਬ ਸਾਗਰ ਵਿੱਚ ਮੁੰਬਈ ਦੇ ਸਮੁੰਦਰੀ ਤਟ ’ਤੇ ਸ਼ਿਵਾਜੀ ਸਮਾਰਕ ਦੇ ਲਈ ਨੀਂਹ ਪੱਥਰ ਰੱਖਿਆ ਹੈ।,அரபிக் கடலில் மும்பை கடலோரப் பகுதியின் சிவாஜி நினைவிடத்திற்கு அவர் அடிக்கல் நாட்டியுள்ளார்.,శివాజీ స్మారకం నిర్మాణాని కి అరేబియా సముద్రం లోని ముంబయి తీరం లో శంకుస్థాపన చేశారు.,انہوں نے بحر عرب میں ممبئی کے ساحل پر شیواجی میموریل کا سنگ بنیاد رکھا ۔
He said that the Union Government is working with an approach of “isolation to integration” to develop all the hitherto under-developed parts of the country.,পাকালডুল প্ৰকল্পৰ আধাৰশিলা স্থাপন কৰি তেওঁ কয় যে কেন্দ্ৰীয় চৰকাৰে দেশৰ সকলো অনুন্নত অঞ্চলক উন্নয়নৰ লক্ষ্যৰে দায়বদ্ধতাৰে কাম কৰি আছে৷,দেশে উন্ন্যনের দিক থেকে পিছিয়ে পড়া অংশগুলির সার্বিক অগ্রগতির জন্য ‘বিচ্চিন্ন না রেখে সেগুলিকেও বিকাশের পথে সামিল করার’ লক্ষ্যে কেন্দ্রীয় সরকার কাজ করছে বলে তিনি উল্লেখ করেন।,તેમણે કહ્યું કે કેન્દ્ર સરકાર એ દેશના તમામ વિકાસશીલપ્રદેશોમાં “સંકલન”ના દ્રષ્ટિકોણ સાથે કામ કરી રહી છે.,प्रधानमंत्री ने कहा कि केंद्र सरकार देश के सभी अल्‍प-विकसित भागों में विकास को ‘आइसोलेशन से इन्‍टीग्रेशन’की ओर उन्‍मुख करने के लिए कार्य कर रही है।,ಕೇಂದ್ರ ಸರ್ಕಾರ ” ಪ್ರತ್ಯೇಕತೆಯಿಂದ ಏಕತೆಯೆಡೆಗೆ” ಎಂಬ ದೃಷ್ಟಿಕೋನದೊಂದಿಗೆ ಇಲ್ಲಿಯವರೆಗೆ ಅಭಿವೃದ್ಧಿಯಲ್ಲಿ ಹಿಂದುಳಿದಿರುವ ದೇಶದ ಎಲ್ಲ ಭಾಗಗಳನ್ನು ಅಭಿವೃದ್ಧಿಪಡಿಸುವ ಕಾರ್ಯ ಮಾಡುತ್ತಿದೆ ಎಂದು ಹೇಳಿದರು.,രാജ്യത്തിലെ അവികസിത പ്രദേശങ്ങളിലെല്ലാം വികസനം എത്തിക്കുന്നതിനായി ഒഴിച്ചുനിര്‍ത്തിലിനു പകരം ഒരുമിപ്പിക്കല്‍ എന്ന സമീപനത്തോടെയാണു കേന്ദ്ര ഗവണ്‍മെന്റ് പ്രവര്‍ത്തിക്കുന്നതെന്നു പ്രധാനമന്ത്രി ചൂണ്ടിക്കാട്ടി.,লৈবাক অসিগী চাউখৎপা ৱাৎলিবা শরুক পুম্নমক চাউখৎহন্নবা “আইসোলেসন তু ইন্তিগ্রেসন”গী এপ্রোচ অমগা লোয়ননা কেন্দ্র সরকারনা থবক তৌরি হায়না মহাক্না ফোংদোকখি।,देशाच्या अविकसित भागांचा विकास करण्याच्या दृष्टीने केंद्र सरकार सर्वतोपरी प्रयत्नशील असल्याची ग्वाही त्यांनी दिली.,"ସେ କହିଥିଲେ ଯେ, ଦେଶର ଅନଗ୍ରସର ଅଞ୍ଚଳଗୁଡିକର ସମତୁଲ ବିକାଶ ପାଇଁ ଭାରତ ସରକାର “ଏକୁଟିଆ ଭାବରୁ ସମନ୍ଵୟ” ଆଭିମୁଖ୍ୟ ନେଇ କାର୍ଯ୍ୟ କରୁଛନ୍ତି ।",ਉੁਨ੍ਹਾਂ ਕਿਹਾ ਕਿ ਕੇਂਦਰ ਸਰਕਾਰ ‘ਵੱਖਰੇਵੇਂ ਤੋਂ ਸੰਗਠਨ” ਦੀ ਪਹੁੰਚ ਉੱਤੇ ਕੰਮ ਕਰ ਰਹੀ ਹੈ ਤਾਂ ਕਿ ਦੇਸ਼ ਦੇ ਘੱਟ ਵਿਕਸਿਤ ਖੇਤਰਾਂ ਦਾ ਵਿਕਾਸ ਹੋ ਸਕੇ।,"நாட்டில் உள்ள வளர்ச்சிக் குறைவான அனைத்து பகுதிகளையும் மேம்படுத்த, தனித்தனி திட்டங்களுக்கு மாற்றாக ஒருங்கிணைந்த அணுகுமுறையுடன் மத்திய அரசு பணியாற்றி வருவதாகவும் அவர் தெரிவித்தார்.",దేశంలో ఇంత‌వ‌ర‌కు అభివృద్ధికి నోచుకోని ప్రాంతాల‌ను అభివృద్ధి ప‌ర‌చ‌డం కోసం కేంద్ర ప్ర‌భుత్వం ‘‘ఒంట‌రిత‌నం నుండి ఏకీక‌ర‌ణ’’ వైపున‌కు అనే విధానాన్ని అనుసరిస్తున్నట్లు ఆయ‌న చెప్పారు.,انہوں نے کہا کہ مرکزی حکومت ’’الگ تھلگ سے ارتباط‘‘ کے طریقہ کار پر عمل کر رہی ہے تاکہ اب تک ملک کے غیر ترقی یافتہ پڑے ہوئے حصے، ترقی سے ہمکنار ہو سکیں۔
"Investments through our “Make in India” initiative, have been well supported by programmes like ‘Digital India’ and ‘Skill India’.","ইয়াৰ উপৰিও, বায়ুশক্তি উৎপাদনৰ দিশেৰেও বিশ্বত আমাৰ স্থান চতুর্থ আৰু সৌৰশক্তি উৎপাদনৰ দিশেৰে আমাৰ স্থান বিশ্বত পঞ্চম।",মেক ইন ইন্ডিয়া উদ্যোগে ডিজিটাল ইন্ডিয়া ও স্কিল ইন্ডিয়ার মতো কর্মসূচিগুলি বিনিয়োগের ক্ষেত্রে সহায়ক ভূমিকা নিয়েছে।,અમારી ‘મેક ઇન ઇન્ડિયા’ નામની પહેલ મારફતે રોકાણનાં અન્ય કાર્યક્રમોને જેમ કે ડિજિટલ ઇન્ડિયા અને કૌશલ્ય ભારતમાંથી વ્યાપક સાથસહકાર મળ્યો છે.,हमारी ‘मेक इन इंडिया’ पहल के जरिये निवेश को अन्‍य कार्यक्रमों जैसे कि ‘डिजिटल इंडिया’ और ‘कौशल भारत’ से व्‍यापक सहयोग प्राप्‍त हुआ है।,‘ಮೇಕ್ ಇನ್ ಇಂಡಿಯಾ’ ಯೋಜನೆಯ ಮೂಲಕ ಬಂಡವಾಳ ಆಕರ್ಷಿಸುತ್ತಾ ಅದಕ್ಕೆ ಪೂರಕವಾಗಿ ಡಿಜಿಟಲ್ ಇಂಡಿಯಾ ಮತ್ತು ಸ್ಕಿಲ್ ಇಂಡಿಯಾ ಮತ್ತಿತರ ಯೋಜನೆಗಳನ್ನು ಕೈಗೊಳ್ಳಲಾಗಿದೆ.,നമ്മുടെ ‘മേക്ക് ഇന്‍ ഇന്ത്യ’ സംരംഭത്തിലൂടെയുള്ള നിക്ഷേപങ്ങളെ ‘ഡിജിറ്റല്‍ ഇന്ത്യ’യും ‘സ്‌കില്‍ ഇന്ത്യ’യും പോലുള്ള പരിപാടികള്‍ നല്ലരീതിയില്‍ പിന്തുണച്ചിട്ടുണ്ട്.,ঐখোয়গী মেক ইন ইন্দিয়া ইনিসিয়েতিবকী থোংদা ইনবেস্ত তৌবনা দিজিতেল ইন্দিয়া অমসুং স্কিল ইন্দিয়াগুম্বা প্রোগ্রামশিংনা নিংথিজনা সপোর্ত তৌরি।,मेक इन इंडिया सारख्या उपक्रमांच्या माध्यमातून गुंतवणुकीला चालना देतानाच डिजिटल इंडिया आणि स्किल इंडिया अशा कार्यक्रमांनी त्याला हातभार लावला आहे.,"ଆମର ""ମେକ ଇନ ଇଣ୍ଡିଆ” ପଦକ୍ଷେପ ଜରିଆରେ ନିବେଶକୁ ଅନ୍ୟ କାର୍ଯ୍ୟକ୍ରମ ଯେପରିକି ""ଡିଜିଟାଲ ଇଣ୍ଡିଆ” ଏବଂ ""ସ୍କିଲ ଇଣ୍ଡିଆ” ଠାରୁ ବ୍ୟାପକ ସହଯୋଗ ମିଳିଛି ।",ਸਾਡੀ ‘ਮੇਕ ਇਨ ਇੰਡੀਆ’ ਪਹਿਲ ਦੇ ਜ਼ਰੀਏ ਨਿਵੇਸ਼ ਨੂੰ ਹੋਰ ਪ੍ਰੋਗਰਾਮਾਂ ਜਿਵੇਂ ਕਿ ‘ਡਿਜੀਟਲ ਇੰਡੀਆ’ ਅਤੇ ‘ਸਕਿੱਲ ਇੰਡੀਆ’ ਨਾਲ ਵਿਆਪਕ ਸਹਿਯੋਗ ਪ੍ਰਾਪਤ ਹੋਇਆ ਹੈ ।,"எங்களது “இந்தியாவில் தயாரிப்போம்” இயக்கத்தின் மூலம் மேற்கொள்ளப்படும் முதலீடுகளுக்கு, “டிஜிட்டல் இந்தியா”, “திறன் மிகு இந்தியா” போன்ற திட்டங்கள் சிறந்த முறையில் ஆதரவு அளிக்கின்றன.","మా మేక్ ఇన్ ఇండియా ద్వారా పెట్టుబ‌డుల‌ కు డిజిట‌ల్ ఇండియా, స్కిల్ ఇండియా ల ద్వారా మ‌ద్ద‌తివ్వ‌డం జ‌రిగింది.",میک ان انڈیا جیسی ہماری پہل سے نہ صرف ڈیجیٹل انڈیا بلکہ اسکل انڈیا جیسی پروگرامو ں کو بھی تقویت ملی ہے۔
He expressed hope that the government will reach the target of 100% rural road connectivity soon.,৯০ শতাংশতকৈও অধিক গ্রামীণ গৃহ এতিয়া এই ধৰণৰ সংযোগৰ আওতালৈ আহিছে।,এই পরিপ্রেক্ষিতে শ্রী মোদী আশা করেছেন যে তাঁর সরকার শীঘ্রই ১০০ শতাংশ সড়ক সংযোগের লক্ষ্যমাত্রা পূরণ করতে পারবে।,તેમણે આશા દર્શાવી કે સરકાર 100 ટકા ગ્રામીણ માર્ગોના સંપર્કનું લક્ષ્ય ખૂબ ટૂંક સમયમાં પૂરું કરશે.,उन्‍होंने आशा व्‍यक्‍त की कि सरकार जल्‍द ही शत-प्रतिशत ग्रामीण सड़क संपर्क का लक्ष्‍य प्राप्‍त कर लेगी।,ಸರಕಾರವು ಶೀಘ್ರದಲ್ಲಿಯೇ 100% ಗ್ರಾಮೀಣ ರಸ್ತೆ ಸಂಪರ್ಕದ ಗುರಿಯನ್ನು ತಲುಪಲಿದೆ ಎಂಬ ಭರವಸೆಯನ್ನು ಅವರು ವ್ಯಕ್ತಪಡಿಸಿದರು.,വേഗം തന്നെ നൂറു ശതമാനം ഗ്രാമീണ റോഡ് കണക്റ്റിവിറ്റിയെന്ന ലക്ഷ്യത്തിൽ ഗവണ്മെന്റ് എത്തിച്ചേരുമെന്ന് അദ്ദേഹം വിശ്വാസം പ്രകടിപ്പിച്ചു.,মহাক্না থাজবা থমখি মদুদি রুরেল রোদ কনেক্তিবিতী চাদা ১০০ ওইহন্নবা পান্দম অদু অথুবা মতমদা সরকার অসিনা য়ৌবা ঙম্লগনি।,लवकरच 100 टक्के ग्रामीण रस्ते जोडणीचे उद्दिष्ट सरकार पूर्ण करेल अशी आशा त्यांनी व्यक्त केली.,ଖୁବଶୀଘ୍ର ତାଙ୍କ ସରକାର 100% ଗ୍ରାମୀଡ଼ ସଡ଼କ ସଂଯୋଗ ଲକ୍ଷ୍ୟ ହାସଲ କରିପାରିବ ବୋଲି ସେ ଆଶାବ୍ୟକ୍ତ କରିଥିଲେ ।,ਉਨ੍ਹਾਂ ਨੇ ਆਸਪ੍ਰਗਟਾਈ ਕਿ ਸਰਕਾਰ ਜਲਦੀ ਹੀ 100%ਗ੍ਰਾਮੀਣ ਸੜਕ ਸੰਪਰਕ ਦਾ ਟੀਚਾ ਪ੍ਰਾਪਤ ਕਰ ਲਵੇਗੀ ।,கிராமப்புறங்களுக்கு 100% சாலை வசதி ஏற்படுத்துவது என்ற இலக்கை எட்ட முடியும் என்ற நம்பிக்கை தமது அரசுக்கு இருப்பதாகவும் அவர் குறிப்பிட்டார்.,త్వ‌ర‌లోనే గ్రామీణ ప్రాంతాల‌న్నింటికీ ర‌హ‌దారి సంధానాన్ని క‌ల్పించే ద‌శ‌ కు ప్ర‌భుత్వం చేరుకోగ‌లుగుతుంద‌న్న ఆశాభావాన్ని ఆయ‌న వ్య‌క్తం చేశారు.,انہوں نے توقع ظاہر کی کہ دیہی سڑکوں کو مربوط کرنے کا صد فیصد نشانہ جلد حاصل کر لیا جائے گا ۔
"At the same event, the Prime Minister will distribute certificates and employment letters etc to select beneficiaries under various development schemes, including Deen Dayal Upadhyay Grameen Kaushal Vikas Yojana, Mukhya Mantri Gramodaya Yojana and National Rural Livelihood Mission.","একেটা অনুষ্ঠানতে প্ৰধানমন্ত্ৰীয়ে দীনদয়াল উপাধ্যায় গ্ৰামীণ কৌশল বিকাশ যোজনা, মুখ্যমন্ত্ৰী গ্ৰামোদয় যোজনা আৰু ৰাষ্ট্ৰীয় গ্ৰামীণ জীৱিকা অভিযানকে ধৰি বিভিন্ন উন্নয়নমুলক আঁচনিৰ অধীনত একাংশ নিৰ্বাচিত হিতাধিকাৰীক প্ৰশংসা-পত্ৰ আৰু সংস্থাপন পত্ৰ বিতৰণ কৰিব।","একই অনুষ্ঠানে প্রধানমন্ত্রী বিভিন্ন উন্নয়নমূলক প্রকল্প যেমন – দীনদয়াল উপাধ্যায় গ্রামীণ কৌশল বিকাশ যোজনা, মুখ্যমন্ত্রী গ্রামোদয় যোজনা ও জাতীয় গ্রামীণ জীবন-জীবিকা মিশনের নির্দিষ্ট কয়েকজন সুফলভোগীকে শংসাপত্র ও কর্মনিযুক্তিপত্র প্রদান করবেন।","આ જ કાર્યક્રમમાં પ્રધાનમંત્રી વિવિધ વિકાસલક્ષી યોજનાઓ અંતર્ગત પસંદ થયેલા લાભાર્થીઓને પ્રમાણપત્રો અને રોજગારીનાં પત્રો વહેંચશે, જેમાં દીનદયાળ ઉપાધ્યાય ગ્રામીણ કૌશલ્ય વિકાસ યોજના, મુખ્યમંત્રી ગ્રામોદય યોજના અને રાષ્ટ્રીય ગ્રામીણ આજીવિકા અભિયાન સામેલ છે.","इसी कार्यक्रम में प्रधानमंत्री विभिन्न विकासकारी योजनाओं, जिसमें दीनदयाल उपाध्याय ग्रामीण कौशल विकास योजना, मुख्यमंत्री ग्रामोदय योजना और राष्ट्रीय ग्रामीण आजीविका अभियान भी शामिल हैं, के लाभार्थियों को प्रमाणपत्र और नियुक्ति पत्र सौंपेंगे।","ದೀನ್ ದಯಾಳ್ ಉಪಾಧ್ಯಾಯ್ ಗ್ರಾಮೀಣ ಕೌಶಲ್ಯ ವಿಕಾಸ್ ಯೋಜನಾ, ಮುಖ್ಯ ಮಂತ್ರಿ ಗ್ರಾಮೋದಯ ಯೋಜನಾ ಮತ್ತು ರಾಷ್ಟ್ರೀಯ ಗ್ರಾಮೀಣ ಜೀವನಾಧಾರ ಮಿಷನ್ ಮುಂತಾದ ಹಲವು ಯೋಜನೆಗಳಿಗೆ ಸಂಬಂಧಪಟ್ಟ ಫಲಾನುಭವಿಗಳಲ್ಲಿ ಆಯ್ದ ಕೆಲವರಿಗೆ ಪ್ರಮಾಣಪತ್ರ ಮತ್ತು ಉದ್ಯೋಗ ಪತ್ರಗಳನ್ನು ಈ ಕಾರ್ಯಕ್ರಮದಲ್ಲಿ ಪ್ರಧಾನಮಂತ್ರಿ ವಿತರಿಸಲಿದ್ದಾರೆ.","ദീനദയാല്‍ ഉപാധ്യായ ഗ്രാമീണ കൗശല്‍ വികാസ് യോജന, മുഖ്യമന്ത്രി ഗ്രാമോദയ യോജന, ദേശീയ ഗ്രാമീണ ഉപജീവന മിഷന്‍ തുടങ്ങിയവ ഉള്‍പ്പെടെയുള്ള വികസന പദ്ധതികളുടെ ഗുണഭോക്താക്കള്‍ക്കുള്ള സാക്ഷ്യപത്രങ്ങളും തൊഴില്‍നിയമന ഉത്തരവുകളും ചടങ്ങില്‍വെച്ചു പ്രധാനമന്ത്രി വിതരണം ചെയ്യും.","থৌরমশিং অসিদা প্রধান মন্ত্রীনা তোঙান তোঙানবা চাউখৎ-থৌরাংগী স্কিমশিং, মদুগী মনুংদা দীনদয়াল উপাধ্যায় গ্রামীন কৌশল বিকাস য়োজনা, মুখ্য মন্ত্রী গ্রামোদয় য়োজনা অমসুং গ্রামীন আজীবীকা অভিয়ানসু য়াওনা, কান্নবা ফংলবশিংদা সর্তিফিকেৎ অমসুং থবক পীবগী চে খুৎশিন্নগনি।","याच कार्यक्रमात दीनदयाळ उपाध्याय ग्रामीण कौशल्य विकास योजना, मुख्यमंत्री ग्रामोदय योजना आणि राष्ट्रीय ग्रामीण चरितार्थ अभियान यासह विविध विकास योजनांच्या निवडक लाभार्थींना पंतप्रधानांच्या हस्ते प्रशस्तीपत्र आणि रोजगार विषयक पत्र सुपूर्द करतील.","ଏହି କାର୍ଯ୍ୟକ୍ରମରେ, ପ୍ରଧାନମନ୍ତ୍ରୀ ମଧ୍ୟ ଦୀନ ଦୟାଲ ଉପାଧ୍ୟାୟ ଗ୍ରାମୀଣ କୌଶଳ ବିକାଶ ଯୋଜନା, ମୁଖ୍ୟମନ୍ତ୍ରୀ ଗ୍ରାମ୍ୟୋଦୟ ଯୋଜନା ଏବଂ ଜାତୀୟ ଗ୍ରାମୀଣ ଜୀବିକା ମିଶନ ଆଦି ବିଭିନ୍ନ ଯୋଜନାର ହିତାଧିକାରୀମାନଙ୍କୁ ପ୍ରମାଣପତ୍ର ଏବଂ ନିଯୁକ୍ତିପତ୍ର ପ୍ରଦାନ କରିବେ ।","ਇਸ ਪ੍ਰੋਗਰਾਮ ਵਿੱਚ ਪ੍ਰਧਾਨ ਮੰਤਰੀ ਵੱਖ-ਵੱਖ ਵਿਕਾਸਕਾਰੀ ਯੋਜਨਾਵਾਂ, ਜਿਸ ਵਿੱਚ ਦੀਨਦਿਆਲ ਉਪਾਧਿਆਏ ਗ੍ਰਾਮੀਣ ਕੌਸ਼ਲ ਵਿਕਾਸ ਯੋਜਨਾ, ਮੁੱਖ ਮੰਤਰੀ ਗ੍ਰਾਮੋਦਯ ਯੋਜਨਾ ਅਤੇ ਰਾਸ਼ਟਰੀ ਗ੍ਰਾਮੀਣ ਆਜੀਵਕਾ ਅਭਿਆਨ ਵੀ ਸ਼ਾਮਲ ਹਨ, ਦੇ ਲਾਭਾਰਥੀਆਂ ਨੂੰ ਪ੍ਰਮਾਣ ਪੱਤਰ ਅਤੇ ਨਿਯੁਕਤੀ ਪੱਤਰ ਦੇਣਗੇ।",இதே நிகழ்வில் தீன் தயாள் உபாத்யாயா ஊரகத் திறன் மேம்பாட்டுத் திட்டம் முதலமைச்சரின் கிராமோதயா திட்டம் தேசிய ஊரக வாழ்வாதார இயக்கம் உள்ளிட்ட பல்வேறு வளர்ச்சித் திட்டங்களின்கீழ் தெரிவு செய்யப்பட்ட பயனாளிகளுக்கு பிரதமர் சான்றிதழ்களையும் வேலை உறுதி கடிதங்களையும் வழங்குவார்.,"ఇదే కార్య‌క్ర‌మం లో దీన్‌ దయాళ్ ఉపాధ్యాయ గ్రామీణ్ కౌశ‌ల్ యోజ‌న, ముఖ్య‌మంత్రి గ్రామోద‌య యోజ‌న‌, ఇంకా నేశన‌ల్ రూర‌ల్ లైవ్‌లీహుడ్ మిశ‌న్ లు స‌హా వివిధ అభివృద్ధి ప‌థ‌కాల తాలూకు ఎంపిక చేసిన ల‌బ్దిదారుల‌కు ప్ర‌ధాన మంత్రి ధ్రువ ప‌త్రాల‌ను, నియామక ప‌త్రాల‌ను అంద‌జేయ‌నున్నారు.",وزیراعظم اسی موقع پر دین دیال اپادھیائے گرامین کوشل وکاس یوجنا ، مکھیہ منتری گرام اودے یوجنا اور نیشنل رورل لیولی ہُڈ مشن سمیت مختلف ترقیاتی سرکاری اسکیموں کے تحت منتخب افراد کو سرٹیفکیٹ اور نامہ ملازمت پیش کریں گے۔
He will witness the e-Gruh Pravesh of 240 beneficiary families.,তেওঁ ২৪০টা হিতাধিকাৰী পৰিয়ালৰ ই-গৃহ প্ৰৱেশ অনুষ্ঠানত অংশগ্ৰহণ কৰিব।,"এছাড়াও, তিনি ২৪০টি উপকৃত পরিবারের ‘ই-গৃহ প্রবেশ’ অনুষ্ঠান প্রত্যক্ষ করবেন।",તેઓ 240 લાભાર્થી કુટુંબોના ઇ-ગૃહ પ્રવેશના સાક્ષી બનશે.,वह 240 लाभार्थी परिवारों के ई-गृह प्रवेश के साक्षी बनेंगे।,ಹಾಗೂ 240 ಫಲಾನುಭವಿಗಳ ಇ-ಗೃಹಪ್ರವೇಶಕ್ಕೂ ಅವರು ಸಾಕ್ಷಿಯಾಗಲಿದ್ದಾರೆ.,240 ഗുണഭോക്തൃകുടുംബങ്ങളുടെ ഇ-ഗൃഹപ്രവേശത്തിന് അദ്ദേഹം സാക്ഷിയാവുകയും ചെയ്യും.,কান্নবা ফংলবা ইমুং ২৪০গী ই-গৃহ প্রভেস্তা মহাক্না শরুক য়াগনি।,तसेच त्यांच्या उपस्थितीत 240 लाभार्थी कुटुंबांचा ई-गृहप्रवेश होईल.,ଏହି ଅବସରରେ ସେ 240 ହିତାଧିକାରୀ ପରିବାରର ଇ-ଗୃହ ପ୍ରବେଶ ସମାରୋହରେ ମଧ୍ୟ ଉପସ୍ଥିତ ରହିବେ ।,ਉਹ 240 ਲਾਭਾਰਥੀ ਪਰਿਵਾਰਾਂ ਦੇ ਈ-ਗ੍ਰਹਿ ਪ੍ਰਵੇਸ਼ ਸਮਾਰੋਹ ਵਿੱਚ ਸ਼ਾਮਲ ਹੋਣਗੇ।,அங்கு புதுமனை புகும் பயனாளிகளான 240 குடும்பத்தினரையும் அவர் நேரில் சந்திக்கிறார்.,240 ల‌బ్ధిదారుల ‘ఇ-గృహ ప్రవేశ్’ కార్య‌క్ర‌మం లో ఆయ‌న పాలుపంచుకొంటారు.,وہ 240 مستفیدین کنبوں کے ای-گرہ پرویش کے موقع پر موجود رہیں گے ۔
It will be targeted to cover over 10 crore poor and vulnerable families.,ইয়াৰ জৰিয়তে ১০ কোটিতকৈ অধিক দুখীয়া আৰু অৱহেলিত শ্ৰেণীৰ পৰিয়ালক সামৰি লোৱাৰ লক্ষ্য ধাৰ্য কৰা হৈছে।,দেশের ১০ কোটিরও বেশি দরিদ্র এবং প্রান্তিক পরিবারকে এই প্রকল্পের অন্তর্ভুক্তকরার লক্ষ্যমাত্রা নেওয়া হয়েছে ।,આ યોજનાનું લક્ષ્ય 10 કરોડથી વધુ ગરીબ અને નબળા પરિવારોને આવરી લેવાનું છે.,इसके जरिए 10 करोड़ से अधिक गरीब और कमजोर परिवारों को स्वास्थ्य बीमा कवर देने का लक्ष्य रखा गया है।,ಈ ಯೋಜನೆಯಡಿ ಸುಮಾರು 10 ಕೋಟಿ ಬಡ ಹಾಗೂ ದುರ್ಬಲ ವರ್ಗದ ಕುಟಂಬಗಳಿಗೆ ಪ್ರಯೋಜನ ಕಲ್ಪಿಸುವ ಗುರಿ ಹೊಂದಲಾಗಿದೆ.,"പാവപ്പെട്ടവരും, പ്രത്യേക ശ്രദ്ധ അര്‍ഹിക്കുന്നവരുമടങ്ങുന്ന 10 കോടിയിലധികം കുടുംബങ്ങളെ ലക്ഷ്യമിട്ടാണ് പദ്ധതി രൂപകല്‍പ്പന ചെയ്തിട്ടുള്ളത്.",মসিদা লাইরবা অমসুং শোৎথরবা ইমুং ক্রোর ১০ হেন্না কোনশিন্নবগী পান্দম থম্লি।,या योजनेमधून 10 कोटी गरीब आणि गरजू कुटुंबांना लाभ मिळवून देण्याचे उदिृष्ट निश्चित केले आहे.,ଦେଶର 10 କୋଟି ଗରୀବ ଓ ଦୁର୍ବଳ ଶ୍ରେଣୀର ପରିବାରଙ୍କୁ ଏଥିରେ ସାମିଲ କରାଯିବାର ଲକ୍ଷ୍ୟ ରଖାଯାଇଛି ।,ਇਸ ਦਾ ਟੀਚਾ 10 ਕਰੋੜ ਤੋਂ ਵੱਧ ਗ਼ਰੀਬ ਅਤੇ ਕਮਜ਼ੋਰ ਪਰਿਵਾਰਾਂ ਨੂੰ ਕਵਰ ਕਰਨਾ ਹੈ।,10 கோடி ஏழை மற்றும் நலிந்த குடும்பங்களை இந்த திட்டத்தின் கீழ் கொண்டு வர இலக்கு நிர்ணயிக்கப்பட்டுள்ளது.,"10 కోట్ల‌కు పైగా పేద, దుర్బల కుటుంబాల‌కు ర‌క్ష‌ణ‌ ను అందించడం ఈ పథకం యొక్క లక్ష్యంగా ఉంటుంది.",اس اسکیم میں دس کروڑسے زائد غریب اور کمزور کنبے شامل کئے جائیں گے ۔
"Speaking on the occasion, the Prime Minister recalled the contributions of Sardar Vallabhbhai Patel, especially in uniting the nation.",এই উপলক্ষে প্ৰধানমন্ত্ৰীয়ে আমাৰ দেশক একত্ৰিত কৰাৰ ক্ষেত্ৰত চৰ্দাৰ বল্লভভাই পেটেলৰ বৰঙণিক ৰোমন্থন কৰে।,"এই উপলক্ষেতাঁর ভাষণে প্রধানমন্ত্রী সর্দার বল্লভভাই প্যাটেলের অবদানের কথা স্মরণ করেন,বিশেষ করে জাতির ঐক্যের জন্য তাঁর কাজের কথা তিনি তুলে ধরেন।","આ પ્રસંગે પ્રધાનમંત્રીએ દેશનાં 500થી વધારે રજવાડાઓને એક તાંતણે બાંધવાનાં સરદાર વલ્લભભાઈ પટેલનાં યોગદાનને ખાસ યાદ કર્યું હતું,.","इस अवसर पर लोगों को संबोधित करते हुए, प्रधानमंत्री श्री नरेन्द्र मोदी ने सरदार वल्लभ भाई पटेल के योगदानों, विशेष रूप से देश की एकता में उनके योगदानों को याद किया।","ಈ ಸಂದರ್ಭದಲ್ಲಿ ಮಾತನಾಡಿದ ಪ್ರಧಾನಮಂತ್ರಿಯವರು, ಸರ್ದಾರ್ ಪಟೇಲ್ ಅವರ ಕೊಡುಗೆಯನ್ನು ಅದರಲ್ಲೂ ದೇಶದ ಏಕತೆಗೆ ನೀಡಿದ ಕೊಡುಗೆಯನ್ನು ಸ್ಮರಿಸಿದರು.","സര്‍ദാര്‍ വല്ലഭായി പട്ടേലിന്റെ സംഭാവനകളെ, പ്രത്യേകിച്ച് രാഷ്ട്രത്തെ ഒരുമിപ്പിക്കുന്നതിന് അദ്ദേഹം നല്‍കിയ സംഭാവനകളെ പ്രധാനമന്ത്രി അനുസ്മരിച്ചു.","থৌরম অদুদা ৱা ঙাংলদুনা প্রধানমন্ত্রীনা, জাতি অসিবু পুন্সিন্নবগীদমক সর্দার বল্লভভাই পতেলনা তৌবীরম্বা থৌদাংশিং অদুবু নীংশিংখি।","यावेळी बोलताना पंतप्रधानांनी सरदार पटेलांचे योगदान, विशेषत: देश अखंड राखण्यातील योगदानाचा विशेष उल्लेख केला.","ଏହି ଅବସରରେ ନିଜର ବକ୍ତବ୍ୟ ରଖି ପ୍ରଧାନମନ୍ତ୍ରୀ, ବିଶେଷ କରି ଦେଶର ଏକତ୍ରୀକରଣ କ୍ଷେତ୍ରରେ ସର୍ଦ୍ଦାର ବଲ୍ଲଭଭାଇ ପଟେଲଙ୍କ ଯୋଗଦାନ ବିଷୟରେ ସ୍ମରଣ କରିଥିଲେ ।",ਇਸ ਮੌਕੇ ‘ਤੇ ਪ੍ਰਧਾਨ ਮੰਤਰੀ ਨੇ ਆਪਣੇ ਸੰਬੋਧਨ ਵਿੱਚ ਵਿਸ਼ੇਸ਼ ਤੌਰ ‘ਤੇ ਰਾਸ਼ਟਰ ਨੂੰ ਇਕਜੁੱਟ ਕਰਨ ਲਈ ਸਰਦਾਰ ਵੱਲਭਭਾਈ ਪਟੇਲ ਦੇ ਯੋਗਦਾਨ ਨੂੰ ਯਾਦ ਕੀਤਾ ।,"நிகழ்ச்சியில் பேசிய பிரதமர், சர்தார் வல்லபபாய் படேலின் பங்களிப்பை, குறிப்பாக நாட்டை ஒருமைப்படுத்துவதற்காக அளித்த பங்களிப்பை நினைவுகூர்ந்தார்.","ఈ సంద‌ర్భంగా ప్ర‌ధాన మంత్రి మాట్లాడుతూ, స‌ర్దార్ వ‌ల్ల‌భ్ భాయ్ ప‌టేల్ అందించిన సేవ‌ల‌ను, ప్ర‌త్యేకించి దేశాన్ని ఏకం చేయ‌డంలో ఆయ‌న చేసిన కృషిని గుర్తుకు తెచ్చారు.",اس موقع پر اظہار خیال کرتے ہوئے وزیراعظم نے سردارولبھ بھائی پٹیل کے خاص طور پر قوم کے اتحاد میں تعاون کو یاد کیا۔
The Prime Minister appreciated the various discussions and inputs shared during the Conference.,প্ৰধানমন্ত্ৰীয়ে অভিৱৰ্তনত আলোচিত হোৱা বিভিন্ন বিষয়ক প্ৰশংসা কৰে৷,সম্মেলনের আলাপ-আলোচনা এবং প্রস্তাব ও পরামর্শ বিনিময়ের উদ্যোগেরও বিশেষ প্রশংসা করেন।,આ પરિષદ દરમિયાન થયેલા વિવિધ સૂચનો અને ચર્ચાઓની પ્રધાનમંત્રીએ પ્રશંસા કરી હતી તેમજ તેને આવકારી હતી.,प्रधानमंत्री ने सम्मेलन में हुए विचार-विमर्श और इनपुट साझा करने की प्रशंसा की।,ಪ್ರಧಾನ ಮಂತ್ರಿಯವರು ಸಮ್ಮೇಳನದ ಅವಧಿಯಲ್ಲಿ ನಡೆದ ವಿವಿಧ ಚರ್ಚೆ ಮತ್ತು ಸಂವಾದಗಳ ಬಗ್ಗೆ ಮೆಚ್ಚುಗೆ ವ್ಯಕ್ತಪಡಿಸಿದರು.,"സമ്മേളനത്തില്‍ നടന്ന വിവിധ ചര്‍ച്ചകളെയും, പങ്കുവച്ച ആശയങ്ങളെയും പ്രധാനമന്ത്രി അഭിനന്ദിച്ചു.",মীফম মনুংদা খন্ন-নৈনখিবশিং অমসুং ইনপুৎশিং সেয়র তৌখিবা অদুদা প্রধান মন্ত্রীনা তৌবীমল খঙবা উৎখি।,या परिषदेत झालेल्या विविध चर्चा आणि मते याबाबत पंतप्रधानांनी समाधान व्यक्त केले.,ପ୍ରଧାନମନ୍ତ୍ରୀ ଏହି ସମ୍ମିଳନୀରେ ହୋଇଥିବା ବିଭିନ୍ନ ଆଲୋଚନା ଏବଂ ଉପଯୋଗୀ ପରାମର୍ଶର ପ୍ରଶଂସା କରିଥିଲେ ।,ਪ੍ਰਧਾਨ ਮੰਤਰੀ ਨੇ ਕਾਨਫਰੰਸ ਦੌਰਾਨ ਹੋਏ ਵਿਚਾਰਾਂ ਅਤੇ ਸਾਂਝੇ ਕੀਤੇ ਇਨਪੁਟਸ ਦੀ ਸ਼ਲਾਘਾ ਕੀਤੀ।,மாநாட்டில் இடம்பெற்ற பல்வேறு விவாதங்கள் மற்றும் அனுபவங்கள் பகிர்ந்து கொள்ளப்பட்டதற்கு பிரதமர் பாராட்டு தெரிவித்தார்.,స‌మావేశంలో జరిగిన వివిధ చ‌ర్చ‌లు మరియు వ్య‌క్త‌మైన అభిప్రాయాలను ప్ర‌ధాన మంత్రి ప్రశంసించారు.,وزیراعظم نے کانفرنس کے دوران ہوئے تبادلہ خیال اور اس دوران مشترک کئے گئے اِن پُٹس کی ستائش کی۔
"The PM added, “The Government is constantly working to create a conducive environment for business in the country.","প্ৰধামন্ত্ৰীয়ে লগতে কয়, “দেশত ব্যৱসায় কৰাৰ এক সুচল পৰিৱেশ সৃষ্টিৰ বাবে চৰকাৰখনে অহৰহ চেষ্টা কৰি আহিছে।","প্রধানমন্ত্রী আরও বলেন, দেশে বাণিজ্যের উপযুক্ত পরিবেশ সৃষ্টি করার জন্য সরকার প্রতিনিয়ত কাজ করছে।","પ્રધાનમંત્રીએ ઉમેર્યું હતું કે, “સરકાર દેશમાં વ્યવસાય માટે સાનુકૂળ વાતાવરણ ઊભું કરવા સતત કામ કરે છે.","प्रधानमंत्री ने कहा, ‘सरकार देश में कारोबार के अनुकूल वातावरण तैयार करने के लिए निरंतर कार्य कर रही है।",”ಸರಕಾರವು ದೇಶದಲ್ಲಿ ವ್ಯಾಪಾರೋದ್ಯಮಕ್ಕೆ ಅನುಕೂಲಕರ ವಾತಾವರಣ ನಿರ್ಮಿಸುವ ನಿಟ್ಟಿನಲ್ಲಿ ಕಾರ್ಯೋನ್ಮುಖವಾಗಿದೆ.,രാജ്യത്ത് ബിസിനസ് നടത്തുന്നതിന് അനുയോജ്യമായ അന്തരീക്ഷം സൃഷ്ടിക്കുന്നതിന് സര്‍ക്കാര്‍ തുടര്‍ച്ചയായി പ്രവര്‍ത്തിക്കുന്നുണ്ട്.,"প্রধান মন্ত্রীনা মখা তাখি, “লৈবাক অসিদা ললোন-ইতিক্কীদমক তেংবাংনবা এনভাইরনমেন্ত অমা শেমগৎনবা সরকারনা লেপ্পা লৈতনা হোৎনরি।","पंतप्रधान म्हणाले की, “सरकार देशात व्यवसायासाठी पोषक वातावरण तयार करण्यासाठी निरंतर कार्यरत आहे.","ପ୍ରଧାନମନ୍ତ୍ରୀ ପୁନଶ୍ଚ କହିଲେ ଯେ, “ସରକାର ଦେଶରେ ବ୍ୟବସାୟ ପାଇଁ ଅନୁକୂଳ ପରିବେଶ ସୃଷ୍ଟି କରିବା ପାଇଁ ନିୟମିତ ଭାବେ ପ୍ରଚେଷ୍ଟା ଜାରି ରଖିଛନ୍ତି ।","ਪ੍ਰਧਾਨ ਮੰਤਰੀ ਨੇ ਕਿਹਾ, ‘ਸਰਕਾਰ ਦੇਸ਼ ਵਿੱਚ ਕਾਰੋਬਾਰ ਦੇ ਅਨੁਕੂਲ ਵਾਤਾਵਰਣ ਤਿਆਰ ਕਰਨ ਲਈ ਨਿਰੰਤਰ ਕਾਰਜ ਕਰ ਰਹੀ ਹੈ।",“நாட்டில் தொழில் செய்வதற்கு உகந்த சூழ்நிலையை உருவாக்குவதற்காக அரசு தொடர்ச்சியாக முயற்சிகள் எடுத்து வருகிறது.,‘‘ప్ర‌భుత్వం దేశం లో వ్యాపారానుకూల వాతావ‌ర‌ణాన్ని ఏర్పాటు చేయ‌డం కోసం అదే ప‌ని గా కృషి చేస్తూ వ‌స్తోంది.,وزیراعظم نے مزید کہاکہ حکومت ملک میں سازگارکاروباری ماحول پیداکرنے کے لئے لگاتارکوشاں ہے ۔
He had laid the foundation stone of this Institute in April 2015.,তেওঁ ২০১৫ চনৰ এপ্ৰিলত এই কেন্দ্ৰৰ আধাৰশিলা স্থাপন কৰিছিল।,এই প্রতিষ্ঠানটিরতিনি শিলান্যাস করেছিলেন ২০১৫-র এপ্রিল মাসে।,"તેમણે આ સંસ્થાનું શિલારોપણ એપ્રિલ, 2015માં કર્યું હતું.","उन्‍होंने इस संस्‍थान की आधारशिला अप्रैल, 2015 में रखी थी।",ಈ ಸಂಸ್ಥೆಗೆ 2015ರ ಏಪ್ರಿಲ್ ನಲ್ಲಿ ಅವರು ಶಿಲಾನ್ಯಾಸ ನೆರವೇರಿಸಿದ್ದರು.,2015 ഏപ്രിലില്‍ പ്രധാനമന്ത്രി തന്നെയാണ് ഈ ഇന്‍സ്റ്റിറ്റ്യൂട്ടിന് തറക്കല്ലിട്ടത്.,মহাক্না ইনস্তিত্যুসন অসিগীদমক ২০১৫গী এপ্রিল থাদা উরেপ উয়ুং তমখি ।,विशेष म्हणजे एप्रिल 2015 मध्ये या संस्थेचा पायाभरणी समारंभ पंतप्रधानांच्याच हस्ते झाला होता.,ରାଜନୈତିକ ଗଣତନ୍ତ୍ରକୁ ଏକ ସାମାଜିକ ଗଣତନ୍ତ୍ରରେ ପରିଣତ କରିବାକୁ ପଡିବ,"ਉਨ੍ਹਾਂ ਨੇ ਅਪ੍ਰੈਲ, 2015 ਵਿੱਚ ਇਸ ਸੰਸਥਾਨ ਦਾ ਨੀਂਹ ਪੱਥਰ ਰੱਖਿਆ ਸੀ।",இந்த மையத்திற்கான அடிக்கல்லை அவர் கடந்த 2015ம் ஆண்டு ஏப்ரல் மாதம் அடிக்கல் நாட்டினார்.,ఈ సంస్థ‌కు 2015 ఏప్రిల్ లో ఆయ‌న పునాదిరాయి చేశారు.,انہوں نے اپریل 2015 میں اس ادارے کی عمارت کا سنگ بنیاد رکھا تھا۔
The MoU covers the following areas of cooperation:-,সহযোগিতাৰ অন্য যিকোনো ক্ষেত্ৰ পাৰস্পৰিকভাৱে সিদ্ধান্ত লোৱা হ’ব পাৰে৷,"এই মউ-এ সহযোগিতার যেসব ক্ষেত্র রয়েছে, তার মধ্যেরয়েছে:",માનવ સંસાધન વિકાસમાં સહાયતા અને સ્વાસ્થ્ય સુવિધાઓની સ્થાપના.,समझौता-ज्ञापन के दायरे में निम्‍नलिखित सहयोग क्षेत्र है:-,ವೈದ್ಯರ ಮತ್ತು ಇತರ ಆರೋಗ್ಯ ವೃತ್ತಿಪರರ ತರಬೇತಿಯಲ್ಲಿ ಅನುಭವದ ವಿನಿಮಯ;,ധാരണാപത്രമനുസരിച്ചു സഹകരിക്കാവുന്ന മേഖലകള്‍:,এম ও য়ু অসিনা মখাদা পীরিবা কোওপরেসনগী লমশিং অসি কোন্সিল্লি:-,या उभय देशात पुढील क्षेत्रात सहकार्य करण्यात येणार आहे.,ମାନବ ସମ୍ବଳ ବିକାଶରେ ସହାୟତା ଏବଂ ସ୍ୱାସ୍ଥ୍ୟ ସୁବିଧାର ପ୍ରତିଷ୍ଠା ।,ਸਹਿਮਤੀ ਪੱਤਰ ਦੇ ਦਾਇਰੇ ਵਿੱਚ ਹੇਠ ਲਿਖੇ ਸਹਿਯੋਗ ਖੇਤਰ ਹਨ:-,"இந்தப் புரிந்துணர்வு உடன்படிக்கை, கீழ்க்காணும் பகுதிகளில் ஒத்துழைப்புக்கு வழிவகை செய்கிறது:-",ఈ అవ‌గాహ‌నా ఒప్పందం ఈ కింది అంశాల‌లో స‌హ‌కారాన్ని క‌లిగి ఉంటుంది.,مفاہمت نامے میں امداد باہمی کے درج ذیل شعبوں کا احاطہ کیا گیا ہے۔
The Prime Minister also mentioned the steps taken for Scheduled Castes and Other Backward Castes.,অনুসূচিত জাতি আৰু অন্যান্য পিছপৰা জাতিৰ বাবে লোৱা পদক্ষেপ সন্দৰ্ভতো প্ৰধানমন্ত্ৰীয়ে উল্লেখ কৰে৷,তপশিলি জাতি ও অন্যান্য অনগ্রসর শ্রেণীর মানুষের কল্যাণে গৃহীত পদক্ষেপগুলির কথাও প্রধানমন্ত্রী উল্লেখ করেন।,પ્રધાનમંત્રીએ અનુસુચિત જાતિ અને અન્ય પછાત વર્ગો માટે લેવામાં આવેલ પગલાઓનો પણ ઉલ્લેખ કર્યો હતો.,प्रधानमंत्री ने अनुसूचित जाति एवं अन्य पिछड़ा वर्ग के लिये उठाये जा रहे कदमों का उल्लेख भी किया ।,ಇದಲ್ಲದೆ ಪರಿಶಿಷ್ಟ ಜಾತಿ ಮತ್ತು ಇತರ ಹಿಂದುಳಿದ ಜಾತಿಗಳವರಿಗಾಗಿ ಕೈಗೊಂಡ ಕ್ರಮಗಳನ್ನು ಪ್ರಧಾನ ಮಂತ್ರಿಗಳು ವಿವರಿಸಿದರು.,പട്ടിക ജാതിക്കാരുടെയും മറ്റു പിന്നോക്ക ജാതിക്കാരുടെയും ജീവിതം മെച്ചപ്പെടുത്താന്‍ കൈക്കൊണ്ട നടപടികളും അദ്ദേഹം പരാമര്‍ശിച്ചു.,সেদ্যুল কাস্ত অমসুং ও বি সিশিংগীদমক লৌখৎলিবা খোংথাংশিং অদুসু প্রধান মন্ত্রীনা পনখি।,अनुसूचित जाती आणि इतर मागासवर्गीयांसाठी उचलण्यात आलेल्या पावलांचाही पंतप्रधानांनी उल्लेख केला.,ପ୍ରଧାନମନ୍ତ୍ରୀ ଅନୁସୂଚିତ ଜାତି ଏବଂ ଅନ୍ୟ ପଛୁଆ ବର୍ଗଙ୍କ ପାଇଁ ନିଆଯାଇଥିବା ପଦକ୍ଷେପ ବିଷୟରେ ମଧ୍ୟ ଉଲ୍ଲେଖ କରିଥିଲେ ।,ਪ੍ਰਧਾਨ ਮੰਤਰੀ ਨੇ ਅਨੁਸੂਚਿਤ ਜਾਤਾਂ ਅਤੇ ਹੋਰ ਪਿਛੜੇ ਵਰਗਾਂ ਦੀ ਭਲਾਈ ਲਈ ਚੁੱਕੇ ਜਾ ਰਹੇ ਕਦਮਾਂ ਦਾ ਵੀ ਜ਼ਿਕਰ ਕੀਤਾ।,"ஷெட்யூல்டு வகுப்பினர் மற்றும் இதர பிற்படுத்தப்பட்ட வகுப்பினருக்கான நலத் திட்டங்கள் குறித்தும், பிரதமர் விவரித்தார்.",షెడ్యూల్డు కులాలు మ‌రియు ఇత‌ర వెనుక‌బ‌డిన కులాల వారి కోసం తీసుకొన్న చ‌ర్య‌ల‌ను కూడా ప్ర‌ధాన మంత్రి ఏకరువుపెట్టారు.,وزیراعظم نے درج فہرست ذاتوں اور پسماندہ طبقات کے لیے کیے جا رہے اقدامات کا بھی ذکر کیا۔
Rural road connectivity is now 90 %.,"এই প্রসঙ্গতে উদাহৰণস্বৰূপে ক’ব পাৰো, এতিয়া প্রতিটো পৰিয়ালৰে একোটিকৈ বেংক একাউণ্ট আছে।",গ্রামীণ সড়ক যোগাযোগ ব্যবস্থার পরিধি বেড়ে হয়েছে ৯০ শতাংশ।,ગ્રામીણ વિસ્તારોમાં માર્ગ જોડાણ હવે 90 ટકા થયું છે.,ग्रामीण क्षेत्रों में सड़क कनेक्टिविटी अब 90 प्रतिशत हो गई है।,ನಮ್ಮ ರಸ್ತೆ ನಿರ್ಮಾಣದ ವೇಗ ಬಹುತೇಕ ದುಪ್ಪಟ್ಟಾಗಿದೆ.,ഗ്രാമീണബന്ധിപ്പിക്കല്‍ ഇപ്പോള്‍ 90%മാണ്.,রুরেল রোদ কনেক্তিবিতী হৌজিক চাদা ৯০ ওইরে।,ग्रामीण भागात रस्ते जोडणीचे काम 90 टक्के पूर्ण झाले आहे.,ଗ୍ରାମୀଣ କ୍ଷେତ୍ରରେ ସଡ଼କ ଯୋଗାଯୋଗ ଏବେ 90 ପ୍ରତିଶତ ହୋଇଯାଇଛି ।,ਪੇਂਡੂ ਖੇਤਰਾਂ ਵਿੱਚ ਸੜਕ ਕਨੈਕਟੀਵਿਟੀ ਹੁਣ 90 % ਹੋ ਗਈ ਹੈ ।,"கிராமப்புற சாலை இணைப்பு, தற்போது 90%-ஆக அதிகரித்துள்ளது.",గ్రామీణ రహదారుల సంధాన‌ం ఇప్పుడు దాదాపు 90 శాతం గా ఉంది.,دیہی سڑک رابطوں میں بھی تیزی سے اضافہ ہوا ہے ۔
"As we have done so, we continued to remain one of the fastest growing major Economies in the world.","আমি যিবোৰ সংস্কাৰমূলক উদ্যোগ গ্রহণ কৰিছো, তাৰ ফলত আমি বিশ্বৰ অন্যতম প্রধান দ্রুত বিকাশশীল দেশ হৈ উঠিছো।","আমরা যে সংস্কারমূলক উদ্যোগ গ্রহণ করেছি, তার ফলে আমরা বিশ্বের অন্যতম প্রধান দ্রুত বিকাশশীল দেশ হয়ে উঠেছি।","જે અમે સાબિત કરી દેખાડ્યું છે, અમારી ગણના અત્યારે પણ દુનિયાના સૌથી વધુ ઝડપથી વધતા અર્થતંત્રોમાં થાય છે.","जैसा कि हमने कर दिखाया है, हमारी गिनती अब भी दुनिया की सबसे तेजी से बढ़ती अर्थव्‍यवस्‍थाओं में की जाती है।",ಹಾಗೆ ಮಾಡುವ ಮೂಲಕ ನಾವು ವಿಶ್ವದಲ್ಲಿಯೇ ಅತ್ಯಂತ ವೇಗವಾಗಿ ಬೆಳೆಯುತ್ತಿರುವ ಆರ್ಥಿಕ ರಾಷ್ಟ್ರವಾಗಿ ಮುಂದುವರಿದಿದ್ದೇವೆ.,ഞങ്ങളുടെ ആ പ്രവൃത്തികൊണ്ട് നമുക്കു ലോകത്തെ അതിവേഗം വളരുന്ന ഒരു സമ്പദ്ഘടനയായി തുടരാനായി.,"ঐহাক্কী সরকারগী মন্ত্র অসি রিফোর্ম, পরফোর্ম, ত্রান্সফোর্ম অমসুং ফ্যুচর পরফোর্মনি।",हे सर्व करतांनाच जगातील सर्वाधिक वेगाने विकसित होणाऱ्या अर्थव्यवस्थांमध्ये आम्ही आमचे स्थान कायम राखले आहे.,"ଯାହା ଆମେ କରି ଦେଖାଇଛୁ, ଆମର ଗଣତି ଏବେ ମଧ୍ୟ ବିଶ୍ୱର ସବୁଠୁ ଦ୍ରୁତଗତିରେ ବୃଦ୍ଧି ପାଉଥିବା ଅର୍ଥବ୍ୟବସ୍ଥା ମଧ୍ୟରେ ହେଉଛି ।","ਜਿਹੋ-ਜਿਹਾ ਕ‌ਿ ਅਸੀਂ ਕਰ ਦਿਖਾਇਆ ਹੈ, ਸਾਡੀ ਗਿਣਤੀ ਹੁਣ ਵੀ ਦੁਨੀਆ ਦੀ ਸਭ ਤੋਂ ਤੇਜ਼ੀ ਨਾਲ ਵਧਦੀਆਂ ਅਰਥਵਿਵਸਥਾਵਾਂ ਵਿੱਚ ਕੀਤੀ ਜਾਂਦੀ ਹੈ।","நாங்கள் அவ்வாறு செய்த காரணத்தால், உலகில் வேகமாக வளரும் பெரிய பொருளாதார நாடுகளில் ஒன்றாக நாங்கள் நீடித்துக் கொண்டிருக்கிறோம்.",మేం అలా చేయ‌డం వ‌ల్ల ప్ర‌పంచం లో అత్య‌ధిక వేగంగా అభివృద్ధ‌ి చెందుతున్న ఆర్థిక వ్య‌వ‌స్థ‌ గా కొన‌సాగుతున్నాం.,جیسا کہ ہم نے کرک دکھایا ہے ، ہم دنیا میں سب سے زیادہ تیز رفتار ترقی کرنے والی معیشت بن گئے ہیں۔
"The approval seeks to ensure that the doctors belonging to Central Health Service (CHS) and of other Ministries / Departments / entities of the Central Government, after attaining the age of 62 years, work exclusively in their respective fields of clinical expertise.","কেবিনেটৰ এই প্রস্তাৱৰ ফলত কেন্দ্রীয় স্বাস্থ্য সেৱাৰ সেৱাকে ধৰি অন্যান্য মন্ত্রালয়, বিভাগ আৰু কেন্দ্রীয় চৰকাৰৰ অধীনস্ত সংস্থাসমূহৰ চিকিৎসক যিসকলৰ বয়স ৬২ বছৰৰ অধিক, তেওঁলোকক চিকিৎসক-বিশেষজ্ঞ হিচাপে নিজৰ স্থানতেই নিশ্চিতভাৱে কাম কৰিব পাৰিব।","মন্ত্রিসভার এই প্রস্তাবের ফলে কেন্দ্রীয় স্বাস্হ্য পরিষেবা-সহ অন্যান্য মন্ত্রক, দপ্তর ও কেন্দ্র অধীনস্ত সংস্হাগুলির চিকিৎসক যাদের বয়স ৬২ বছরের বেশি, তাদের চিকিৎসক-বিশেষজ্ঞ হিসেবে নিজেদের ক্ষেত্রেই কাজ করার বিষয়টি সুনিশ্চিত হবে।",આ મંજૂરીનો ઉદ્દેશ એ સુનિશ્ચિત કરવાનો છે કે કેન્દ્રીય સ્વાસ્થ્ય સેવા (સીએચએસ) અને અન્ય મંત્રાલયો/વિભાગો/કેન્દ્ર સરકારની સંસ્થાઓનાં ડૉક્ટર 62 વર્ષની ઉંમર પૂર્ણ થતાં કુશળતા ધરાવતા ક્ષેત્રોમાં વિશેષ સ્વરૂપે કાર્ય કરે.,इस स्‍वीकृति का उद्देश्‍य यह सुनिश्चित करना है कि केंद्रीय स्‍वास्‍थ्‍य सेवा (सीएचएस) तथा अन्‍य मंत्रालयों/विभागों/केंद्र सरकार की संस्‍थाओं के डॉक्‍टर 62 वर्ष की उम्र पूरी होने पर विशेषज्ञता वाले क्षेत्रों में विशेष रूप से कार्य करें।,"ಕೇಂದ್ರ ಆರೋಗ್ಯ ಸೇವೆಗಳ(ಸಿಎಚ್ಎಸ್) ಮತ್ತು ಇತರೆ ಸಚಿವಾಲಯಗಳು/ಇಲಾಖೆಗಳು/ಇತರೆ ಕೇಂದ್ರ ಸರ್ಕಾರಿ ಸಂಸ್ಥೆಗಳಲ್ಲಿ ಸೇವೆ ಸಲ್ಲಿಸಿ, 62 ವರ್ಷ ಪೂರೈಸಿರುವ ಮತ್ತು ನಿಗದಿತ ವಲಯಗಳಲ್ಲಿ ಪರಿಣಿತಿ ಸಾಧಿಸಿರುವವರ ಸೇವೆಯನ್ನು ಪಡೆಯಲು ಅನುಮೋದಿಸಲಾಯಿತು.","സ്വന്തം മേഖലയില്‍ ചികില്‍സാ വൈദ്ധ്യമുള്ളവരും 62 വയസിനു മുകളില്‍ പ്രായമുള്ള ഡോക്ടര്‍മാരെ കേന്ദ്ര ആരോഗ്യ സര്‍വീസില്‍ ( സിഎച്ച്എസ്) നിന്നും മറ്റ് മന്ത്രാലയങ്ങള്‍, വകുപ്പുകള്‍, കേന്ദ്ര ഗവണ്‍മെന്റ് സ്ഥാപനങ്ങള്‍ എന്നിവിടങ്ങളില്‍ നിന്നു നിയമിക്കും എന്ന ഉറപ്പോടെയാണ് അനുമതി.","প্রধান মন্ত্রী নরেন্দ্র মোদীনা লুচীংদুনা ফমখিবা কেন্দ্রগী মন্ত্রী মন্দলগী মীফম্না তম্বীবা, লায়েংবা অমসুং মীয়ামগী হকশেলগী থৌরাংশিং ফগৎহন্নবা অমসুং কেন্দ্র সরকারগী অহৈবা দোক্তরশিং মীয়ামগী হকশেলগী থবকশিংদা শীজিন্নবদা কেবিনেৎনা অয়াবা পীরে।",केंद्रीय आरोग्य सेवा आणि इतर मंत्रालये/विभाग/केंद्र सरकारच्या संस्थांमधल्या डॉक्टरांनी 62 वर्ष पूर्ण झाल्यानंतर वैद्यकीय सेवेत आपली हातोटी असणाऱ्या क्षेत्रात विशेषत्वाने काम करावे यासाठी हा निर्णय आहे.,କେନ୍ଦ୍ରୀୟ ସ୍ୱାସ୍ଥ୍ୟ ସେବା (ସିଏଚଏସ) ଏବଂ ଅନ୍ୟ ମନ୍ତ୍ରଣାଳୟ/ବିଭାଗ/କେନ୍ଦ୍ର ସରକାରଙ୍କ ସଂସ୍ଥାର ଡାକ୍ତରମାନଙ୍କ ବୟସ 62 ବର୍ଷ ପୂରଣ ହେବା ପରେ ବିଶେଷଜ୍ଞତା କ୍ଷେତ୍ରରେ କାର୍ଯ୍ୟ କରିବା ଲାଗି ସେମାନଙ୍କୁ ସକ୍ଷମ କରିବା ଏହି ଅନୁମୋଦନର ଉଦ୍ଦେଶ୍ୟ ।,"ਇਹ ਪ੍ਰਵਾਨਗੀ , ਇਹ ਸੁਨਿਸ਼ਚਤ ਕਰਨਾ ਚਾਹੁੰਦੀ ਹੈ ਕਿ 62 ਸਾਲ ਦੀ ਉਮਰ ਪੂਰੀ ਕਰਨ ਤੋਂ ਬਾਅਦ ਕੇਂਦਰੀ ਸਿਹਤ ਸੇਵਾ (ਸੀਐੱਚਐੱਸ) ਅਤੇ ਕੇਂਦਰ ਸਰਕਾਰ ਦੇ ਹੋਰ ਮੰਤਰਾਲਿਆਂ/ਵਿਭਾਗਾਂ/ਸੰਸਥਾਵਾਂ ਦੇ ਡਾਕਟਰ ਕਲੀਨੀਕਲ ਮੁਹਾਰਤ ਦੇ ਆਪਣੇ ਸਬੰਧਿਤ ਖੇਤਰਾਂ ਵਿੱਚ ਵਿਸ਼ੇਸ਼ ਰੂਪ ਨਾਲ ਕੰਮ ਕਰਨ।","மத்திய சுகாதார சேவைகள், இதர அமைச்சகங்கள் / துறைகள் / மத்திய அரசு அமைப்புகள் ஆகியவற்றைச் சேர்ந்த மருத்துவர்கள் 62 ஆண்டுகள் வயது அடைந்த பிறகு, தங்கள் மருத்துவ நிபுணத்துவம் சார்ந்த துறைகளில் மட்டுமே பணி புரிவதை உறுதி செய்வதற்காக அமைச்சரவையின் இந்த ஒப்புதல் வழங்கப்பட்டுள்ளது.","కేంద్ర ఆరోగ్య సేవ (సిహెచ్ఎస్‌), ఇత‌ర మంత్రిత్వ‌ శాఖ‌లు, విభాగాలు, కేంద్ర‌ ప్ర‌భుత్వ వ్య‌వ‌స్థ‌లకు చెందిన వైద్యుల‌కు 62 సంవ‌త్స‌రాలు వ‌చ్చిన త‌రువాత ప్ర‌త్యేకించి వారి రంగానికి సంబంధించిన‌ రోగ చికిత్స సంబంధి నైపుణ్యాల రంగంలో ప్ర‌త్యేకించి ప‌నిచేయ‌డానికి ఈ అనుమ‌తి వీలు క‌ల్పిస్తుంది.",اس منظوری کا مقصد اس بات کو یقینی بنانا ہے کہ مرکزی صحت خدمات (سی ایچ ایس)اور دیگر وزارتوں ؍محکموں؍مرکزی حکومت کے اداروں سے تعلق رکھنے والے ڈاکٹر 62 سال کی عمر ہوجانے کے بعد خاص طورپر ان شعبوں میں کام کریں، جن کے لئے ان کے پاس کلینکل مہارت موجود ہو۔
"During their meeting, Prime Minister extended a warm welcome to President Mirziyoyev and his delegation to Gujarat.",দুয়োগৰাকী ৰাষ্ট্ৰ নেতাৰ এই বৈঠকতে ৰাষ্ট্ৰপতি মিৰ্জিওয়েৱ আৰু তেওঁৰ সৈতে অহা অন্যান্য অতিথিসকলক গুজৰাটলৈ উষ্ম আদৰণি জনায়।,দুই নেতার মধ্যে বৈঠকে প্রধানমন্ত্রী সেদেশের রাষ্ট্রপতি ও প্রতিনিধিদলকে গুজরাটে আসার জন্য উষ্ণ অভ্যর্থনা জানান।,તેમની બેઠક દરમિયાન પ્રધાનમંત્રીએ ગુજરાતમાં રાષ્ટ્રપતિ મિર્ઝિયોયેવ અને એમનાં પ્રતિનિધિમંડળનું અભિવાદન કર્યું હતુ.,बैठक के दौरान प्रधानमंत्री ने गुजरात में राष्ट्रपति श्री मिर्जियोयेव और उनके शिष्टमंडल का हार्दिक स्वागत किया।,"ಅವರ ಭೇಟಿಯ ವೇಳೆ, ಪ್ರಧಾನಮಂತ್ರಿಯವರು ಅಧ್ಯಕ್ಷ ಮಿರ್ಜಿಯೋಯೆವ್ ಮತ್ತು ಅವರ ನಿಯೋಗಕ್ಕೆ ಗುಜರಾತ್ ಗೆ ಹಾರ್ದಿಕ ಸ್ವಾಗತ ಕೋರಿದರು.",കൂടിക്കാഴ്ചയില്‍ പ്രസിഡന്റ് മിര്‍സിയോയേവിനെയും അദ്ദേഹത്തിന്റെ പ്രതിനിധി സംഘത്തെയും പ്രധാനമന്ത്രി ഗുജറാത്തിലേക്ക് ഊഷ്മളമായി സ്വാഗതം ചെയ്തു.,উনবা অদুদা প্রধান মন্ত্রী মোদীনা রাস্ত্রপতিগা মিরজিয়োয়েভ অমসুং মহাক্কী মীহুৎ কাংবু অদু গুজরাত্ত তরাম্না ওকখি।,बैठकीदरम्यान पंतप्रधानांनी राष्ट्रपती मिर्झीयोयेव आणि त्यांच्या प्रतिनिधी मंडळाचे गुजरातमध्ये स्वागत केले.,ସେମାନଙ୍କ ବୈଠକ କାଳରେ ପ୍ରଧାନମନ୍ତ୍ରୀ ରାଷ୍ଟ୍ରପତି ମିର୍ଜିୟୋୟେଭ ଏବଂ ତାଙ୍କ ସହିତ ଆସିଥିବା ପ୍ରତିନିଧି ମଣ୍ଡଳୀଙ୍କୁ ଗୁଜରାଟରେ ସ୍ୱାଗତ କରିଥିଲେ ।,ਇਸ ਮੁਲਾਕਾਤ ਦੌਰਾਨ ਪ੍ਰਧਾਨ ਮੰਤਰੀ ਨੇ ਰਾਸ਼ਟਰਪਤੀ ਮਿਰਜ਼ੀਯੋਯੇਵ ਅਤੇ ਉਨ੍ਹਾਂ ਦੇ ਵਫ਼ਦ ਦਾ ਗੁਜਰਾਤ ਵਿੱਚ ਨਿੱਘਾ ਸੁਆਗਤ ਕੀਤਾ।,இந்தச் சந்திப்பின் போது மிர்ஜியோயெவ் மற்றும் அவருடைய குழுவினருக்கு திரு. மோடி அன்பான வரவேற்பு அளித்தார்.,ద్వైపాక్షిక స‌మావేశం సందర్భం గా అధ్య‌క్షుడు శ్రీ మిర్జియోయెవ్ కు మ‌రియు ఆయ‌న ప్ర‌తినిధివ‌ర్గాని కి గుజ‌రాత్ లోకి ప్ర‌ధాన మంత్రి సాద‌ర స్వాగ‌తం ప‌లికారు.,گجرات کے گورنر جناب او پی کوہلی نے جنا ب شوکت مرزیایوف کا استقبال کیا۔
India and Sweden share warm and friendly ties.,ভাৰত আৰু ছুইডেন উভয়ৰে মাজত এক উষ্ণ বন্ধুত্বপূৰ্ণ সম্পর্ক আছে।,ভারত ও সুইডেনের পরস্পরের মধ্যে রয়েছে এক উষ্ণ মৈত্রী সম্পর্ক।,ભારત અને સ્વિડન મૈત્રીપૂર્ણ અને ઉષ્માસભર સંબંધો ધરાવે છે.,भारत और स्वीडन के बीच मैत्रीपूर्ण संबंध हैं।,ಭಾರತ ಮತ್ತು ಸ್ವೀಡನ್ ಆಪ್ತ ಮತ್ತು ಸ್ನೇಹಪರ ಬಾಂಧವ್ಯ ಹೊಂದಿವೆ.,ഇന്ത്യയും സ്വീഡനും വളരെ ഊഷ്മളവും സൗഹാര്‍ദപരവുമായ ബന്ധം പങ്കുവയ്ക്കുന്നുണ്ട്.,ভারত অমসুং স্বীদেন্না মরূপ ওইবগী অফবা মরি অমা থম্লি।,भारत आणि स्वीडन या दोन्ही देशांमध्ये चांगली मैत्री आहे.,ଭାରତ ଏବଂ ସ୍ୱିଡେନ ମଧ୍ୟରେ ଉଦାର ଏବଂ ବନ୍ଧୁତ୍ୱପୂର୍ଣ୍ଣ ସମ୍ପର୍କ ରହିଛି ।,ਭਾਰਤ ਅਤੇ ਸਵੀਡਨ ਦਰਮਿਆਨ ਨਿੱਘੇ ਅਤੇ ਦੋਸਤਾਨਾ ਸਬੰਧ ਹਨ।,"இந்தியாவும், சுவீடனும் இதமான, நட்பு ரீதியான உறவுகளைப் பகிர்ந்துகொண்டுள்ளன.",భార‌త‌దేశ‌ం మ‌రియు స్వీడ‌న్ ల మధ్య చ‌క్క‌ని స్నేహ‌పూర్వ‌క సంబంధాలు నెలకొన్నాయి.,بھارت اور سویڈن کے درمیان گرم جوش اور دوستانہ تعلقات ہیں ۔
The world has for too long seen prices on a roller-coaster.,বিশ্বত বহুদিন ধৰি শক্তিৰ মূল্য যথেষ্ট উত্থান-পতন পৰিলক্ষিত হৈছে।,বিশ্ব বহুদিন ধরে শক্তির মূল্যে অনেক ওঠা-পড়া দেখেছে।,સમગ્ર દુનિયાએ તેના ભાવમાં થતો ભારે ચઢાવ ઉતાર જોયો છે.,विश्‍व ने एक लंबे समय से मूल्‍यों में उतार-चढ़ाव देखा है।,ವಿಶ್ವ ದೀರ್ಘ ಕಾಲದಿಂದ ರೋಲರ್ ಕೋಸ್ಟರ್ ನಲ್ಲಿ ದರವನ್ನು ಕಂಡಿದೆ.,വിലകള്‍ മാറി മറയുന്നത് ലോകം ഏറെ കണ്ടിരിക്കുന്നു.,মীওই কয়ানা ক্লিন কুকিং ফুয়েল শিজিন্নবা ফংদ্রি।,जगाने प्रदीर्घ काळ किमतीत चढ-उतार पाहिले आहेत.,ବିଶ୍ୱ ଦୀର୍ଘ ସମୟ ଧରି ମୂଲ୍ୟରେ ଉତ୍ଥାନ-ପତନ ଦେଖିଆସିଛି ।,ਵਿਸ਼ਵ ਨੇ ਇੱਕ ਲੰਬੇ ਸਮੇਂ ਤੋਂ ਕੀਮਤਾਂ ਵਿੱਚ ਉਤਰਾਅ ਚੜ੍ਹਾਅ ਦੇਖਿਆ ਹੈ।,உலகம் முழுவதும் இவற்றின் விலை பெரும் ஏற்றம்-இறக்கமாகவே உள்ளதைக் காண்கிறோம்.,మరోవైపు ఇంధన ధరలలో విపరీత చక్రభ్రమణాన్ని మనం సుదీర్ఘ కాలం నుంచీ చూస్తూనే ఉన్నాం.,دنیا کافی لمبے عرصے سے ان کی قیمتوں میں اتارچڑھاؤ دیکھ رہی ہے۔
"Reviewing the coal sector, the Prime Minister called for renewed efforts towards underground mining and coal gasification, through infusion of latest technology inputs.",বৈঠকত কয়লা খণ্ডৰ কাম-কাজৰ লগতে আধুনিক প্রযুক্তি ব্যৱহাৰৰ জৰিয়তে খনি সংক্রান্তীয় কাং-কাজ আৰু কয়লাৰ পৰা গেছ আহৰণৰ প্রচেষ্টাত পূর্ণ উদ্যমে কাম কৰি যোৱাৰ আহ্বান জনায় প্ৰধানমন্ত্ৰীয়ে।,এদিন কয়লা ক্ষেত্রের কাজকর্ম সম্পর্কেও বিশেষ আগ্রহ দেখান প্রধানমন্ত্রী।আধুনিকতম প্রযুক্তি ব্যবহারের মাধ্যমে খনি সংক্রান্ত কাজকর্ম এবং কয়লা থেকে গ্যাসআহরণ প্রচেষ্টায় পূর্ণ উদ্যমে কাজ করে যাওয়ার আহ্বান জানান তিনি।,કોલસાનાં ક્ષેત્રની સમીક્ષા દરમિયાન પ્રધાનમંત્રીએ લેટેસ્ટ ટેકનોલોજી ઈનપુટનો ઉપયોગ કરીને ભૂગર્ભ માઈનિંગ અને કોલસાનાં ગેસિફિકેશન તરફ નવેસરથી પ્રયાસો કરવાની અપીલ કરી હતી.,कोयला क्षेत्र की समीक्षा करत हुए प्रधानमंत्री ने भूमिगत खनन और कोयला खदानों से निकलने वाली गैस की दिशा में अद्यतन प्रौद्योगिकी के इस्तेमाल के जरिए नवीन प्रयासों की आवश्यकता पर बल दिया।,"ಕಲ್ಲಿದ್ದಲು ಕ್ಷೇತ್ರದ ಪರಾಮರ್ಶೆ ನಡೆಸಿದ ಪ್ರಧಾನಮಂತ್ರಿಯವರು, ಇತ್ತೀಚಿನ ತಾಂತ್ರಿಕ ಪೂರಣದ ಮೂಲಕ ಭೂ ಗಣಿಗಾರಿಕೆ ಮತ್ತು ಕಲ್ಲಿದ್ದಲು ಅನಿಲೀಕರಣದ ಕಡೆಗೆ ನವೀಕೃತ ಪ್ರಯತ್ನಗಳನ್ನು ಮಾಡುವಂತೆ ಕರೆ ನೀಡಿದರು.","കല്‍ക്കരി മേഖലയുടെ പ്രവര്‍ത്തനം അവലോകനം ചെയ്യവേ, നൂതന സാങ്കേതിക വിദ്യകള്‍ പ്രയോജനപ്പെടുത്തി ഭൂഗര്‍ഭ ഖനനത്തിനും കല്‍ക്കരിയെ വാതകരൂപത്തിലാക്കുന്നതിനുമുള്ള പരിശ്രമങ്ങള്‍ ഉണ്ടാവേണ്ടതുണ്ടെന്ന് പ്രധാനമന്ത്രി ആവശ്യപ്പെട്ടു.",কোইলাগী লমদা য়েংশিল্লদুনা প্রধানমন্ত্রীনা হায়খি মদুদি খ্বাইদগী নৌবা তেক্নোলোজী ইনপুৎশিংগী থোংদা অন্দর্গ্রাউন্দ মাইনিং অমসুং কোইলা গ্যাসিফিকেসনগীদমক্তা মকোক্তগী হৌনা থবক তৌগদবনি।,"कोळसा क्षेत्राचा आढावा घेताना पंतप्रधानांनी, अद्ययावत तंत्रज्ञानाच्या माध्यमातून भुयारी खाणकाम आणि कोल गॅसिफिकेशनच्या दिशेने नव्याने प्रयत्न करण्याचे आवाहन केले.",କୋଇଲା କ୍ଷେତ୍ରର ସମୀକ୍ଷା କରି ନବୀନତମ ଜ୍ଞାନକୌଶଳର ବ୍ୟବହାର ମାଧ୍ୟମରେ ଭୂତଳ ଖଣି ଉତ୍ତୋଳନ ଏବଂ କୋଇଲା ବାଷ୍ପୀକରଣ ଦିଗରେ ନୂତନ ପଦକ୍ଷେପ ଗ୍ରହଣ କରିବା ପାଇଁ ପ୍ରଧାନମନ୍ତ୍ରୀ ଆହ୍ୱାନ ଦେଇଥିଲେ ।,ਕੋਲਾ ਸਰਕਾਰ ਦੀ ਸਮੀਖਿਆ ਕਰਦਿਆਂ ਪ੍ਰਧਾਨ ਮੰਤਰੀ ਨੇ ਨਵਿਨਤਮ ਟੈਕਨੋਲੋਜੀ ਇਨਪੁਟ (ਆਦਾਨਰ) ਦੇ ਪ੍ਰਯੋਜਨ ਰਾਹੀਂ ਭੂਮੀਗਤ ਖਨਨ ਅਤੇ ਕੋਲਾ ਗੈਸੀਫਿਕੇਸ਼ਨ ਲਈ ਨਵੇਂ ਪ੍ਰਯਤਨਾਂ ਦੀ ਇੱਛਾ ਪ੍ਰਗਟਾਈ।,"நிலக்கரித் துறையை ஆய்வு செய்த பிரதமர் நிலத்தடி சுரங்கங்கள் மற்றும் நிலக்கரி வளிமமாக்கும் செயல்பாடுகளுக்கு சமீப தொழில்நுட்ப முறைகளை கொண்டு, மறுசீரமைக்கப்பட்ட முயற்சிகளை மேற்கொள்ள வேண்டும் என்று பிரதமர் கேட்டுக்கொண்டார்.",బొగ్గు రంగ సమీక్ష సంద‌ర్భంగా అత్యాధునిక‌ సాంకేతికత అండ‌దండ‌ల‌తో భూగ‌ర్భ ప్రాంతాల‌లో గ‌నుల త‌వ్వ‌కంలోను మ‌రియు బొగ్గు నుండి గ్యాస్ ను ఉత్ప‌త్తి చేయ‌డంలోను స‌రికొత్త ప్ర‌య‌త్నాలు చేయవలసిందిగా ప్ర‌ధాన మంత్రి పిలుపునిచ్చారు.,کوئلہ شعبے کا جائزہ لیتے ہوئے وزیراعظم نے تازہ ترین ٹیکنالوجی ذرائع کے استعمال کے ذریعے زیر زمین کانکنی اور کوئلہ کی گیس کاری کی سمت میں ازسر نو کوشش کرنے کی اپیل کی۔
"The Prime Minister said that IIT Bhubaneswar would spur the industrial development of Odisha, and work towards technology to improve the lives of the people.",প্ৰধানমন্ত্রীয়ে কয় যে আইআইটি ভূৱনেশ্বৰে ওড়িশাৰ ঔদ্যোগিকৰণত আৰু জনসাধাৰণৰ জীৱনযাত্রাৰ মান উন্নয়নতো বিশেষ ভূমিকা পালন কৰিব৷,"প্রধানমন্ত্রী বলেন, আইআইটি ভুবনেশ্বর ওড়িশার শিল্পোন্নয়নে বিশেষ ভূমিকা নেবে এবং জনগণের জীবনযাত্রার উন্নয়নে বিশেষ ভূমিকা পালন করবে।","પ્રધાનમંત્રીએ જણાવ્યું હતું કે, આઇઆઇટી ભુવનેશ્વર ઓડિશામાં ઔદ્યોગિક વિકાસને વેગ આપશે તેમજ ટેકનોલોજી માટે કામ કરીને લોકોનાં જીવનની ગુણવત્તામાં સુધારો કરશે.",प्रधानमंत्री ने कहा कि आईआईटी भुवनेश्वर ओडिशा के औद्योगिक विकास को प्रोत्साहन देगा और प्रौद्योगिकी को जनसाधारण के जीवन स्तर को बेहतर बनाने की दिशा में कार्य करेगा।,ಭುವನೇಶ್ವರ ಐ.ಐ.ಟಿ.ಯು ಒಡಿಶಾದ ಕೈಗಾರಿಕಾ ಬೆಳವಣಿಗೆಗೆ ಪ್ರೇರಣಾದಾಯಕವಾಗಲಿದೆ ಮತ್ತು ಜನತೆಯ ಜೀವನ ಸುಧಾರಿಸುವ ತಂತ್ರಜ್ಞಾನದ ನಿಟ್ಟಿನಲ್ಲಿ ಕಾರ್ಯೋನ್ಮುಖವಾಗಲಿದೆ ಎಂದೂ ಪ್ರಧಾನಮಂತ್ರಿ ಅವರು ಹೇಳಿದರು.,"ഐ.ഐ.ടി ഭുവനേശ്വര്‍ ഒഡീഷയുടെ വ്യാവസായിക വികസനം ത്വരിതഗതിയിലാക്കുമെന്നും, പാവപ്പെട്ടവരുടെ ജീവിതം മെച്ചപ്പെടുത്താനുള്ള സാങ്കേതികവിദ്യക്കായി പ്രവര്‍ത്തിക്കുമെന്നും പ്രധാനമന്ത്രി പറഞ്ഞു.","প্রধান মন্ত্রীনা হায়খি, আই আই তি ভুবনেশ্বর অসিনা ওরিশাদা উদোগ চাউখৎহল্লগনি অমসুং তেক্নোলোজি চাউখৎহনদুনা মীয়াম হিংবদা নুংঙাইহল্লগনি।",आयआयटी भुवनेश्वरमुळे ओदिशाच्या औद्योगिक विकासाचा मार्ग खुला होईल तसेच तंत्रज्ञानाच्या मदतीने लोकांच्या जीवनमानात सुधारणा होईल अशी आशा त्यांनी व्यक्त केली.,ପ୍ରଧାନମନ୍ତ୍ରୀ କହିଲେ ଯେ ଆଇଆଇଟି ଭୁବନେଶ୍ୱର ଓଡିଶାରେ ଶିଳ୍ପ ପ୍ରଗତିକୁ ଅଧିକ ବେଗରେ ଆଗେଇ ନେବ ଏବଂ ଜନସାଧାରଣଙ୍କ ଜୀବନ ସ୍ତରରେ ଉନ୍ନତି ଆଣିବା ପାଇଁ ବୈଷୟିକ ଜ୍ଞାନର ବିକାଶ ଦିଗରେ କାର୍ଯ୍ୟ କରିବ ।,ਪ੍ਰਧਾਨ ਮੰਤਰੀ ਨੇ ਕਿਹਾ ਕਿ ਆਈਆਈਟੀ ਭੁਬਨੇਸ਼ਵਰ ਓਡੀਸ਼ਾ ਦੇ ਉਦਯੋਗਿਕ ਵਿਕਾਸ ਨੂੰ ਹੁਲਾਰਾ ਦੇਵੇਗਾ ਅਤੇ ਇਹ ਲੋਕਾਂ ਦੇ ਜੀਵਨ ਸੁਧਾਰਨ ਲਈ ਟੈਕਨੋਲੋਜੀ ਪ੍ਰਤੀ ਕੰਮ ਕਰੇਗਾ।,"ஐ ஐ டி புவனேஸ்வர், ஒடிசாவின் தொழில் வளர்ச்சியை அதிகரித்து, மக்களின் வாழ்க்கைத் தரத்தை உயர்த்தக்கூடிய தொழில் நுட்பங்களை கொண்டு வரும் வகையில் செயல்படும் என்று கூறினார்.","ఒడిశా లో పారిశ్రామిక అభివృద్ధి కి ఐఐటి భువ‌నేశ్వ‌ర్ అండ‌గా నిలుస్తుంద‌ని, ప్ర‌జ‌ల జీవితాల‌ను మెరుగుప‌ర‌చేందుకు త‌గిన సాంకేతిక విజ్ఞానం దిశ‌ గానూ కృషి చేస్తుంద‌ని ప్ర‌ధాన మంత్రి అన్నారు.",وزیر اعظم نے کہا کہ آئی آئی ٹی بھوبنیشور اُڈیشہ کی صنعتی ترقی کو پرواز دے گااور لوگوں کی زندگیوں کو بہتر بنانے کے لئے ٹیکنالوجی کے فروغ کی سمت میں کام کرے گا۔
The Prime Minister will address the Centenary Celebrations of Patna University.,প্ৰধানমন্ত্ৰী পাটনা বিশ্ববিদ্যালয়ৰ শতবৰ্ষ সমোৰোহত ভাষণ আগবঢ়াব।,তিনি সেখানে পাটনা বিশ্ববিদ্যালয়ের শতবার্ষিকী অনুষ্ঠানে ভাষণ দেবেন।,પ્રધાનમંત્રી પટણા યુનિવર્સિટીની શતાબ્દી ઉજવણીને સંબોધિત કરશે.,प्रधानमंत्री पटना विश्वविद्यालय के शताब्‍दी समारोह को संबोधित करेंगे।,ಪಾಟ್ನಾ ವಿಶ್ವವಿದ್ಯಾಲಯದ ಶತಮಾನೋತ್ಸವ ಸಮಾರಂಭದಲ್ಲಿ ಪ್ರಧಾನಿ ಭಾಷಣ ಮಾಡಲಿದ್ದಾರೆ.,പട്‌ന സര്‍വ്വകലാശാലയുടെ ശതാബ്ദി ആഘോഷങ്ങളെ പ്രധാനമന്ത്രി അഭിസംബോധന ചെയ്യും.,পতনা য়ুনিবর্সিতীগী চহি চামা শুরকপগী থৌরমদা প্রধানমন্ত্রীনা ৱা ঙাংগনি ।,पटणा विद्यापीठाच्या शतक महोत्सवी समारंभात ते विद्यार्थ्यांना संबोधित करतील.,ପ୍ରଧାନମନ୍ତ୍ରୀ ପାଟନା ବିଶ୍ୱବିଦ୍ୟାଳୟର ଶତବାର୍ଷିକୀ ସମାରୋହରେ ଉଦ୍ବୋଧନ ଦେବେ ।,ਪ੍ਰਧਾਨ ਮੰਤਰੀ ਪਟਨਾ ਯੂਨੀਵਰਸਿਟੀ ਦੇ ਸ਼ਤਾਬਦੀ ਸਮਾਰੋਹ ਨੂੰ ਸੰਬੋਧਨ ਕਰਨਗੇ।,பாட்னா பல்கலைக்கழகத்தின் நூற்றாண்டு விழாவில் பிரதமர் உரையாற்றுகிறார்,ప‌ట్నా విశ్వ‌విద్యాల‌యం శ‌త జ‌యంతి ఉత్స‌వాల‌లో ప్ర‌ధాన మంత్రి పాల్గొని ప్ర‌సంగిస్తారు.,وزیراعظم پٹنہ یونیورسٹی کی صدی تقریبات سے خطاب کریں گے۔
"Late in the evening, the Prime Minister drove through the streets of Varanasi, evaluating the development of the city.",১৭ ছেপ্টেম্বৰৰ সন্ধিয়া প্রধানমন্ত্রীয়ে বাৰাণসীৰ ৰাষ্টা-ঘাট পৰিদর্শন কৰি চহৰখনৰ উন্নয়নমূলক কাম-কাজ প্ৰত্যক্ষ কৰে।,১৭ তারিখ সন্ধ্যায় প্রধানমন্ত্রী বারাণসীর রাস্তাঘাট পরিদর্শন করে শহরের উন্নয়নমূলক কাজকর্ম ঘুরে দেখেন।,પ્રધાનમંત્રી સાંજે વારાણસીની શેરીઓમાં ફર્યા હતાં અને શહેરનાં વિકાસનું મૂલ્યાંકન કર્યું હતું.,प्रधानमंत्री शाम में वाराणसी में विकास कार्यों का मूल्यांकन करने के लिए शहर के विभिन्न मार्गों पर गए।,"ಸಂಜೆ, ಪ್ರಧಾನಮಂತ್ರಿಯವರು ವಾರಾಣಸಿಯ ರಸ್ತೆಗಳಲ್ಲಿ ಸಂಚರಿಸಿ, ನಗರದ ಅಭಿವೃದ್ಧಿಯ ಮೌಲ್ಯಮಾಪನ ಮಾಡಿದರು.",പിന്നീട് വൈകിട്ട് വാരാണസിയിലെ തെരുവുകളിലൂടെ നഗരത്തിന്റെ വികസനം വിലയിരുത്തിക്കൊണ്ട് പ്രധാനമന്ത്രി സഞ്ചരിച്ചു.,অথেংবা নুমিদাংৱাইরমদা শহরগী চাউখৎ-থৌরাং য়েংশিন্নবগীদমক প্রধান মন্ত্রীনা বরানসীগী লম্বীদা চৎখি।,संध्यकाळी पंतप्रधानांनी वाराणसीच्या रस्त्यांवरून फेरफटका मारतांना वाराणसीच्या विकास कामाचा आढावा घेऊन मूल्यमापन केले.,"ପରେ ସନ୍ଧ୍ୟାରେ, ପ୍ରଧାନମନ୍ତ୍ରୀ ବାରାଣସୀ ସହରର ସଡ଼କପଥରେ ଯାତ୍ରାକରି ସହରର ବିକାଶମୂଳକ କାର୍ଯ୍ୟକ୍ରମର ଆକଳନ କରିଥିଲେ ।",ਦੇਰ ਸ਼ਾਮ ਨੂੰ ਪ੍ਰਧਾਨ ਮੰਤਰੀ ਕੇ ਸ਼ਹਿਰ ਦੇ ਵਿਕਾਸ ਕਾਰਜਾਂ ਦੀ ਸਮੀਖਿਆ ਕਰਦਿਆਂ ਵਾਰਾਣਸੀ ਦੀਆਂ ਗਲੀਆਂ ਵਿੱਚ ਗੱਡੀ `ਚ ਘੁੰਮੇ ।,பின்னர் மாலையில் வாரணாசி தெருக்களில் காரில் பயணம் செய்து நகரத்தின் மேம்பாட்டு பணிகளை மதிப்பீடு செய்தார்.,"సాయంత్రం పూట ప్ర‌ధాన మంత్రి వారాణ‌సీ వీధుల గుండా ప్ర‌యాణిస్తూ, న‌గ‌రం లో అభివృద్ధి ప‌నులు కొనసాగుతున్న తీరు ను ప‌రిశీలించారు.",بعد ازاں شام میں وزیراعظم نے اپنے پارلیمانی حلقے وارانسی کی سڑکوں سے ایک کار میں گزرتے ہوئے شہر کے ترقیاتی کاموں کا جائزہ لیا۔
He will also dedicate to Nation the West- North Inter-Region Power Transmission Strengthening Project to ensure uninterrupted power supply to Western Uttar Pradesh.,তেওঁ পশ্চিম উত্তৰ-প্ৰদেশলৈ অবিৰত বিদ্যুতসেৱা নিশ্চিত কৰিবলৈ পশ্চিম-উত্তৰ আন্তঃআঞ্চলিক শক্তি হস্তান্তৰকৰণ প্ৰকল্প দেশবাসীৰ বাবে মুকলি কৰিব৷,উত্তর প্রদেশের পশ্চিমাঞ্চলে নিরবচ্ছিন্ন বিদ্যুৎ সরবরাহের জন্য প্রধানমন্ত্রী পশ্চিম – উত্তর আন্তঃএলাকা বিদ্যুৎ পরিবহণ সুসংহতকরণ প্রকল্পে জাতির উদ্দেশে উৎসর্গ করবেন।,પ્રધાનમંત્રી પશ્ચિમી ઉત્તરપ્રદેશને વીજળીનો સતત પુરવઠો સુનિશ્ચિત કરવા માટે બનાવવામાં આવેલ પશ્ચિમી-ઉત્તર આંતરક્ષેત્રીય વીજળી ટ્રાન્સમિશન લાઇન પણ દેશને અર્પણ કરશે.,प्रधानमंत्री पश्चिमी उत्‍तर प्रदेश को निर्बाध बिजली आपूर्ति सुनिश्चित करने के लिए बनाई गई पश्चिमी-उत्‍तर अन्‍तर-क्षेत्रीय बिजली पारेषण लाइन राष्‍ट्र को समर्पित करेंगे।,ಪಶ್ಚಿಮ ಉತ್ತರ ಪ್ರದೇಶಕ್ಕೆ ತಡೆರಹಿತ ವಿದ್ಯುತ್ ಪೂರೈಸುವುದನ್ನು ಖಾತ್ರಿಪಡಿಸುವ ಸಲುವಾಗಿ ಪಶ್ಚಿಮ – ಉತ್ತರ ಅಂತರ ವಲಯ ವಿದ್ಯುತ್ ಸರಬರಾಜು ವರ್ಧನೆ ಯೋಜನೆಯನ್ನು ಅವರು ದೇಶಕ್ಕೆ ಸಮರ್ಪಿಸಲಿದ್ದಾರೆ.,പടിഞ്ഞാറന്‍ ഉത്തര്‍പ്രദേശില്‍ തടസ്സമില്ലാതെ വൈദ്യുതി ലഭ്യത ഉറപ്പുവരുത്താനുള്ള പശ്ചിമോത്തര പ്രസരണ ശാക്തീകരണ പദ്ധതിയും അദ്ദേഹം രാഷ്ട്രത്തിനു സമര്‍പ്പിക്കും.,মহাক্না নোংচুপ থংবা উত্তর প্রদেশতা অপনবা য়াওদনা পাৱর সপ্লাই ফংহন্নবা ৱেস্ত–নোর্থ ইন্তর–রিজন পাৱর ত্রান্সমিসন স্ত্রেংথনিং প্রোজেক্তসু জাতিদা কত্থোক্কনি।,पश्चिम उत्तरप्रदेशाला अखंड वीजपुरवठा रहावा यासाठी वायव्य आंतरविभागीय विद्युत पारेषण बळकटीकरण प्रकल्पाचे राष्ट्रार्पण पंतप्रधानांच्या हस्ते करण्यात येईल.,ପଶ୍ଚିମ ଉତ୍ତର ପ୍ରଦେଶକୁ ନିରନ୍ତର ବିଦ୍ୟୁତ ଯୋଗାଣ ସୁନିଶ୍ଚିତ କରିବା ଲାଗି ପଶ୍ଚିମ-ଉତ୍ତର ଆନ୍ତଃକ୍ଷେତ୍ରୀୟ ବିଦ୍ୟୁତ ସଂଚାରଣ ବ୍ୟବସ୍ଥାକୁ ସେ ରାଷ୍ଟ୍ର ଉଦ୍ଦେଶ୍ୟରେ ସମର୍ପିତ କରିବେ ।,ਪ੍ਰਧਾਨ ਮੰਤਰੀ ਪੱਛਮੀ ਉੱਤਰ ਪ੍ਰਦੇਸ਼ ਨੂੰ ਬਿਨਾ ਰੁਕਾਵਟ ਬਿਜਲੀ ਸਪਲਾਈ ਸੁਨਿਸ਼ਚਿਤ ਕਰਨ ਲਈ ਬਣਾਈ ਗਈ ਪੱਛਮੀ- ਉੱਤਰ ਅੰਤਰ-ਖੇਤਰੀ ਪਾਵਰ ਟਰਾਂਸਮਿਸ਼ਨ ਲਾਈਨ ਰਾਸ਼ਟਰ ਨੂੰ ਸਮਰਪਿਤ ਕਰਨਗੇ।,அத்துடன் மேற்கு உத்தரப்பிரதேசத்தில் தடையற்ற மின்சார விநியோகத்தை உறுதி செய்வதற்கான மேற்கு-வடக்குப் பகுதிகளுக்கு இடையிலான மின்சார பகிர்மானத்தை வலுப்படுத்தும் திட்டத்தையும் அவர் நாட்டிற்கு அர்ப்பணிக்க உள்ளார்.,ఉత్త‌ర్ ప్ర‌దేశ్ ప‌శ్చిమ ప్రాంతాని కి అంత‌రాయం త‌లెత్త‌ని విధం గా విద్యుత్తు స‌ర‌ఫ‌రా కై ఉద్దేశించినటువంటి వెస్ట్- నార్త్ ఇంట‌ర్-రీజియ‌న్ ప‌వ‌ర్ ట్రాన్స్‌మిశ‌న్ స్ట్రెన్‌ థనింగ్‌ ప్రోజెక్టు ను కూడా ఆయ‌న దేశ ప్ర‌జ‌ల‌ కు అంకితం చేయ‌నున్నారు.,وزیراعظم مغرب-شمال بین خطہ جاتی بجلی ترسیل استحکام پروجیکٹ کو بھی قوم کے نام وقف کریں گے، جس کا مقصد مغربی اترپردیش کوبجلی کی لگاتار سپلائی کو یقینی بنانا ہے۔
Resolution of Public Grievances has also been reviewed across a range of sectors.,বৈঠকত প্ৰতিটো খণ্ডৰ ৰাজহুৱা অভিযোগৰ পৰামৰ্শক পৰ্যালোচনা কৰা হৈছে।,এর জন্য বিনিয়োগ হয়েছে ১০ লক্ষ কোটি টাকা।,આ ઉપરાંત અનેક ક્ષેત્રોમાં લોક ફરિયાદના સમાધાન માટે પણ સમીક્ષા કરવામાં આવી છે.,विभिन्‍न क्षेत्रों की लोक शिकायतों के समाधान की भी समीक्षा की गई।,ವಿವಿಧ ವಲಯಗಳಲ್ಲಿ ಸಾರ್ವಜನಿಕ ಕುಂದು-ಕೊರತೆಗಳನ್ನೂ ಪರಾಮರ್ಶೆ ಮಾಡಲಾಗಿದೆ.,പൊതുജനങ്ങളുടെ പരാതി എങ്ങനെ കൈകാര്യം ചെയ്യപ്പെടുന്നുവെന്നതിനെക്കുറിച്ച് പല മേഖലകളിലും നടക്കുന്ന പ്രവര്‍ത്തനം വിലയിരുത്തുകയും ചെയ്തിട്ടുണ്ട്.,পব্লিক গ্রিভান্সেসকী রিজোলুসনসু নৌহৌনা য়েংশিনখি।,विविध क्षेत्रांमधील तक्रार निवारणासाठीच्या संदर्भातही या बैठकांमध्ये आढावा घेण्यात आला.,ସେହିଭଳି ଅନେକ ସେକ୍ଟରରେ ଜନ ଅସୁବିଧା ସମାଧାନ ସଂପର୍କରେ ଏହି ବୈଠକମାନଙ୍କରେ ସମୀକ୍ଷା କରାଯାଇଆସୁଛି ।,ਇਸ ਤੋਂ ਇਲਾਵਾ ਜਨ ਸ਼ਿਕਾਇਤਾਂ ਦਾ ਵੀ ਨਿਪਟਾਰਾ ਇਸ ਰਾਹੀਂ ਕੀਤਾ ਗਿਆ ਹੈ।,பல்வேறு துறைகளுக்கான பொது மக்கள் குறை தீர்ப்பும் ஆய்வு செய்யப்பட்டது.,ప‌లు రంగాల‌లో ప్ర‌జా ఫిర్యాదుల ప‌రిష్కారం తీరు ను కూడా స‌మీక్షించ‌డం జ‌రిగింది.,عوامی شکایات کا ازالہ اور اس کی مختلف شعبہ جاتی کیفیت پر بھی نظرثانی کی گئی ہے۔
"In India, we are upgrading connectivity at all levels.",ভাৰতৰ সংযোগ আৰু যোগাযোগ ব্যৱস্থাক আমি সর্বস্তৰতে যথেষ্ট উন্নত কৰি তুলিছো।,ভারতের সংযোগ ও যোগাযোগ ব্যবস্থাকে আমরা সর্বস্তরে আরও উন্নত করে তুলছি।,ભારતમાં અમે તમામ સ્તરે કનેક્ટિવિટીમાં સુધારો કરી રહ્યા છીએ.,भारत में हम सभी स्‍तरों पर कनेक्टिविटी बढ़ा रहे हैं।,ದೇಶದಲ್ಲಿ ಎಲ್ಲ ಹಂತದಲ್ಲೂ ಸಂಪರ್ಕ ಜಾಲವನ್ನು ಮೇಲ್ದರ್ಜೆಗೇರಿಸಲಾಗುತ್ತಿದೆ.,ഇന്ത്യയില്‍ എല്ലാ തലങ്ങളിലും ഞങ്ങള്‍ കണക്റ്റിവിറ്റിയുടെ നിലവാരം ഉയര്‍ത്തുകയാണ്.,ভারত্তা ঐখোয়না চৎথোক–চৎশিনগী থবক ফগৎহল্লি।,"भारतात, आम्ही सर्व स्तरावर संपर्क व्यवस्था सुधारत आहोत.",ଭାରତମାଳା ପ୍ରକଳ୍ପ ଆମର ସଡ଼କ ସଂଯୋଗୀକରଣ ସକାଶେ ଉଦ୍ଦିଷ୍ଟ ।,ਭਾਰਤ ਵਿੱਚ ਅਸੀਂ ਸਾਰੇ ਪੱਧਰਾਂ ‘ਤੇ ਕਨੈਕਟੀਵਿਟੀ ਵਧਾ ਰਹੇ ਹਾਂ।,இந்தியாவில் போக்குவரத்துத் தொடர்பை எல்லா நிலைகளிலும் நாம் மேம்படுத்திக் கொண்டிருக்கிறோம்.,భారతదేశం లో మేము అన్ని స్థాయిల్లో సంధానాన్ని ఆధునీక‌రిస్తున్నాము.,بھارت میں ہم تمام سطحوں پر کنکٹی وٹی میں اضافہ کررہے ہیں۔
"Our motto is ‘More crop, per drop.’",ভদ্ৰপুৰুষ তথা ভদ্ৰমহিলাসকল,আমাদের মূল মন্ত্রই হল ‘জলবিন্দু প্রতিঅধিকতর শস্য ফলন’।,અમારો સિદ્ધાંત ‘જળની દરેક બુંદ દીઠ વધારે પાકનું ઉત્પાદન’ છે.,"हमारा नारा है अधिक फसल, प्रतिबूंद।","ನಮ್ಮ ಗುರಿ ಪ್ರತಿ ಹನಿ, ಹೆಚ್ಚು ಬೆಳೆ ಎಂಬುದಾಗಿದೆ.",ഓരോ തുള്ളി ജലവും ഉപയോഗപ്പെടുത്തി കൂടുതല്‍ വിളവുണ്ടാക്കുക എന്നതാണു നമ്മുടെ മുദ്രാവാക്യം.,"ঐখোয়গী মোত্তোদি ‘মোর ক্রোপ, পার দ্রোপ’ নি।","आमचे ध्येय हे ‘मोअर क्रॉप, पर ड्रॉप’ असे आहे.","ଆମର ଲକ୍ଷ୍ୟ ହେଉଛି ‘ଅଧିକ ଫସଲ, ପ୍ରତି ବୁନ୍ଦା’ ।",ਸਾਡਾ ਉਦੇਸ਼ ”ਵਧੇਰੇ ਫਸਲ ਪ੍ਰਤੀ ਬੂੰਦ” (ਮੋਰ ਕਰੌਪ ਪਰ ਡਰੌਪ) ਹੈ।,“ஒவ்வொரு துளிக்கும் அதிகப் பயிர்” என்பதே நமது குறிக்கோளாகும்.,‘ప్ర‌తి నీటి బొట్టుకు మ‌రింత పంట’ అనేది మా ఆద‌ర్శ వాక్యం.,ہمارا مقصد ہے کہ ’’فی بوند زیادہ فصل‘‘ ۔
Prime Minister Modi conveyed his good wishes for the progress and prosperity of the friendly people of Malaysia.,প্ৰধানমন্ত্ৰীয়ে মালয়েছিয়াৰ বন্ধুত্বপ্ৰিয় লোকসকলৰ বিকাশ আৰু সমৃদ্ধি কামনাৰে তেওঁৰ শুভেচ্ছা প্ৰেৰণ কৰে।,মালয়েশিয়ার বন্ধু মনোভাবাপন্ন মানুষের অগ্রগতি ও সমৃদ্ধির জন্য প্রধানমন্ত্রী মোদী সেদেশের প্রধানমন্ত্রীকে শুভেচ্ছা জানিয়েছেন।,પ્રધાનમંત્રી મોદીએ મલેશિયાના મૈત્રીપૂર્ણ લોકોની પ્રગતિ અને સમૃદ્ધિ માટે પોતાની શુભેચ્છાઓ પાઠવી.,प्रधानमंत्री ने मलेशिया के लोगों की प्रगति और समृद्धि के लिए डॉ. मोहम्मद को शुभकामनाएं प्रेषित की।,ಮಲೇಷಿಯಾದ ಸ್ನೇಹಪರ ಜನರ ಪ್ರಗತಿ ಮತ್ತು ಸಮೃದ್ಧಿಗಾಗಿ ಪ್ರಧಾನಮಂತ್ರಿ ಮೋದಿ ಶುಭ ಕೋರಿದರು.,മലേഷ്യയിലെ സുഹൃദ് ജനങ്ങളുടെ പുരോഗതിക്കും അഭിവൃദ്ധിക്കുമായുള്ള ശുഭാശംസകള്‍ പ്രധാനമന്ത്രി അറിയിച്ചു.,প্রধান মন্ত্রীনা মলেশিয়াগী মীয়ামগী প্রোগ্রেস অমসুং প্রোস্পেরিতীগীদমক মহাক্কী ওইবা য়াইফ-পাউজেল পীখি।,मलेशियाच्या मैत्रीपूर्ण जनतेच्या प्रगती आणि समृद्धीसाठी पंतप्रधान मोदी यांनी शुभेच्छा दिल्या.,ମାଲେସିଆର ବନ୍ଧୁବତ୍ସଳ ଲୋକଙ୍କ ବିକାଶ ଓ ସମୃଦ୍ଧି ନିମନ୍ତେ ମଧ୍ୟ ପ୍ରଧାନମନ୍ତ୍ରୀ ମୋଦୀ ତାଙ୍କ ଶୁଭେଚ୍ଛା ଜଣାଇଛନ୍ତି ।,ਪ੍ਰਧਾਨ ਮੰਤਰੀ ਨਰੇਂਦਰ ਮੋਦੀ ਨੇ ਮਲੇਸ਼ੀਆ ਦੇ ਮਿੱਤਰਤਾ ਭਰੇ ਲੋਕਾਂ ਦੀ ਤਰੱਕੀ ਅਤੇ ਖੁਸ਼ਹਾਲੀ ਲਈ ਆਪਣੀਆਂ ਸ਼ੁਭਕਾਮਨਾਵਾਂ ਪ੍ਰਗਟਾਈਆਂ।,மலேசியாவின் அன்பான மக்களின் வளம் மற்றும் முன்னேற்றத்திற்கு நல்வாழ்த்துக்களை பிரதமர் திரு. மோடி தெரிவித்துக்கொண்டார்.,స్నేహశీలురైన మలేసియా ప్రజల పురోగతికి మరియు సమృద్ధికి ఇవే నా శుభాకాంక్షలు అని ప్రధాన మంత్రి శ్రీ మోదీ పేర్కొన్నారు.,وزیر اعظم جناب نریندر مودی نے ملیشیا کے دوست عوام کی ترقی اور خوش حالی کے لئے اپنی نیک خواہشات کا اظہار کیا۔
The Prime Minister said that the Government’s emphasis on cleanliness is being universally appreciated.,প্রধানমন্ত্রীয়ে কয় যে স্বচ্ছতা বজাই ৰখাৰ ক্ষেত্ৰত চৰকাৰৰ পদক্ষেপক সমগ্ৰ বিশ্বই প্রশংসা কৰিছে।,"প্রধানমন্ত্রী বলেন, পরিস্কার-পরিচ্ছন্নতা বজায় রাখার ওপর সরকারের অগ্রাধিকার সারা বিশ্বের প্রশংসা পাচ্ছে।","પ્રધાનમંત્રીએ જણાવ્યું હતું કે, સરકારે સ્વચ્છતા પર ભાર મૂક્યો છે, જેની દુનિયાભરમાં પ્રશંસા થઈ રહી છે.",प्रधानमंत्री ने कहा कि स्वच्छता पर सरकार के जोर देने की चारों तरफ सराहना हुई है।,ಸರಕಾರ ಶುಚಿತ್ವಕ್ಕೆ ಮಹತ್ವ ನೀಡಿದ ಕಾರ್ಯ ಸಾರ್ವತ್ರಿಕವಾಗಿ ಪ್ರಶಂಸೆ ಪಡೆದಿದೆ.,ശുചിത്വത്തിലുള്ള ഗവണ്‍മെന്റിന്റെ ഊന്നല്‍ സാര്‍വദേശീയകമായി പ്രശംസ നേടിയിട്ടുണ്ട്.,প্রধান মন্ত্রীনা হায়খি মদুদি লুবা নানবদা সরকারনা শাফু পীবা অসিগীদমক মাইকৈ মরিদগী থাগৎনরক্লি।,स्वच्छतेवर सरकार भर देत असून त्याबदृदल जगभरातून प्रशंसा होत आहे.,"ପ୍ରଧାନମନ୍ତ୍ରୀ କହିଥିଲେ ଯେ, ସ୍ୱଚ୍ଛତା ଉପରେ ସରକାର ଗୁରୁତ୍ୱ ଦେଇଥିବାରୁ ଚାରିଆଡ଼ୁ ପ୍ରଶଂସା ମିଳୁଛି ।",ਪ੍ਰਧਾਨ ਮੰਤਰੀ ਨੇ ਕਿਹਾ ਕਿ ਸਰਕਾਰ ਵੱਲੋਂ ਸਵੱਛਤਾ ਉੱਤੇ ਦਿੱਤੇ ਜਾ ਰਹੇ ਜ਼ੋਰ ਦੀ ਅੰਤਰਰਾਸ਼ਟਰੀ ਪੱਧਰ `ਤੇ ਸ਼ਲਾਘਾ ਹੋ ਰਹੀ ਹੈ।,தூய்மைக்கு அரசு அளிக்கும் முக்கியத்துவம் உலகந்தழுவிய பாராட்டைப் பெறுவதாக பிரதமர் கூறினார்.,ప‌రిశుభ్ర‌త కు ప్ర‌భుత్వం ఇస్తున్నటువంటి ప్రాధాన్యం ప్ర‌పంచం అంతటా ప్ర‌శంస‌లకు నోచుకొంటోందని ప్ర‌ధాన మంత్రి అన్నారు.,وزیراعظم نے کہا کہ حکومت نے صفائی ستھرائی پر زور دیا ہے جس کی عالمی پیمانے پر ستائش کی جا رہی ہے ۔
The Prime Minister will then travel to Anjar.,তাৰপাছতে প্ৰধানমন্ত্ৰীয়ে অনজাৰ অভিমূখে ৰাওনা হ’ব।,প্রধানমন্ত্রী এরপর অঞ্জার সফর করবেন।,પછી પ્રધાનમંત્રી અંજાર જશે.,उसके बाद प्रधानमंत्री अंजार जाएंगे।,ಪ್ರಧಾನಮಂತ್ರಿ ಅವರು ನಂತರ ಅಂಜರಿಗೆ ಪ್ರಯಾಣ ಮಾಡಲಿದ್ದಾರೆ.,തുടര്‍ന്നു പ്രധാനമന്ത്രി അഞ്ചാറിലേക്കു തിരിക്കും.,অদুদগী প্রধান মন্ত্রী অনজারদা চৎকনি।,या कार्यक्रमानंतर अंजार येथे जाणार आहेत.,ଏହାପରେ ପ୍ରଧାନମନ୍ତ୍ରୀ ଅଞ୍ଜାର ଗସ୍ତ କରିବେ ।,ਪ੍ਰਧਾਨ ਮੰਤਰੀ ਫੇਰ ਅੰਜਾਰ ਜਾਣਗੇ।,"பின்னர், அஞ்சாருக்கு செல்லும் பிரதமர் திரு. நரேந்திர மோடி, முந்த்ராவில் இயற்கை எரிவாயு முனையத்தை தொடங்கி வைக்கிறார்.",ఆ త‌రువాత ప్ర‌ధాన మంత్రి అంజార్ కు ప్ర‌యాణ‌మ‌వుతారు.,بعد ازاں وزیر اعظم انجار جائیں گے ۔
"The Prime Minister, Shri Narendra Modi, on Thursday reviewed progress of key infrastructure sectors including PMGSY, housing, coal and power.","প্রধানমন্ত্রী শ্রী নৰেন্দ্র মোদীয়ে বৃহস্পতিবাৰে প্রধানমন্ত্রী গ্রাম সড়ক যোজনা(পিএমজিএছৱাই), গৃহ, কয়লা আৰু শক্তিৰ মুখ্য আন্তঃগাঁথনিমুলক খণ্ডসমূহৰ অগ্ৰগতিৰ পৰ্যালোচনা কৰে।","প্রধানমন্ত্রী গ্রামীণ সড়ক যোজনা, আবাসন, কয়লা এবং বিদ্যুতের মতো মূলপরিকাঠামো ক্ষেত্রগুলির কাজের অগ্রগতি বৃহস্পতিবার পর্যালোচনা করলেন প্রধানমন্ত্রীশ্রী নরেন্দ্র মোদী।","પ્રધાનમંત્રી શ્રી નરેન્દ્ર મોદીએ ગુરૂવારે પીએમજીએસવાય, હાઉસિંગ, કોલસા અને વીજ સહિત મુખ્ય માળખાગત ક્ષેત્રોમાં થયેલી પ્રગતિની સમીક્ષા કરી હતી.","प्रधानमंत्री श्री नरेन्द्र मोदी ने आज पीएमजीएसवाई, आवस, कोयला और विद्युत सहित बुनियादी क्षेत्रों की कई महत्वपूर्ण परियोजनाओं की प्रगति की समीक्षा की।","ಪ್ರಧಾನಮಂತ್ರಿ ಶ್ರೀ ನರೇಂದ್ರ ಮೋದಿ ಅವರು ಗುರುವಾರ ಪಿ.ಎಂ.ಜಿ.ಎಸ್.ವೈ, ವಸತಿ, ಕಲ್ಲಿದ್ದಲು ಮತ್ತು ಇಂಧನ ಸೇರಿದಂತೆ ಹಲವು ಪ್ರಮುಖ ಮೂಲಸೌಕರ್ಯ ವಲಯಗಳ ಪ್ರಗತಿ ಪರಿಶೀಲನೆ ನಡೆಸಿದರು.","പ്രാധാനമന്ത്രി ഗ്രാമീണ റോഡ് പദ്ധതി (പി.എം.ജി.എസ്.വൈ), ഭവന, കല്‍ക്കരി, ഊര്‍ജ്ജം എന്നിവയുള്‍പ്പെടെയുള്ള സുപ്രധാന അടിസ്ഥാനസൗകര്യ മേഖലകളുടെ പുരോഗതി പ്രധാനമന്ത്രി ശ്രീ.","প্রধানমন্ত্রী শ্রী নরেন্দ্র মোদীনা শগোলশেল নুমিত্তা পিএমজিএসৱাই, হাউসিং, কোল অমসুং পৱার য়াওনা মরু ওইবা ইনফ্রাস্ত্রকচরগী লমশিংদা পাইখৎপা থবক-থৌরমশিং য়েংশিনখ্রে।","पंतप्रधान नरेंद्र मोदी यांनी गुरुवारी प्रधानमंत्री ग्राम सडक योजना, गृहनिर्माण, कोळसा आणि ऊर्जा यांसह प्रमुख पायाभूत क्षेत्रांच्या प्रगतीचा आढावा घेतला.","ପ୍ରଧାନମନ୍ତ୍ରୀ ଶ୍ରୀ ନରେନ୍ଦ୍ର ମୋଦୀ ଗୁରୁବାର ଦିନ ପିଏମଜିଏସୱାଇ, ଗୃହ, କୋଇଲା ଏବଂ ଶକ୍ତି ଆଦି ପ୍ରମୁଖ ଭିତ୍ତିଭୂମି କ୍ଷେତ୍ରର ପ୍ରଗତି ବାବଦରେ ସମୀକ୍ଷା କରିଛନ୍ତି ।","ਪ੍ਰਧਾਨ ਮੰਤਰੀ ਸ਼੍ਰੀ ਨਰੇਂਦਰ ਮੋਦੀ ਨੇ ਵੀਰਵਾਰ ਨੂੰ ਪੀਐੱਮਜੀਐੱਸਵਾਈ, ਹਾਊਸਿੰਗ, ਕੋਲਾ ਅਤੇ ਪਾਵਰ ਸਮੇਤ ਮੂਲ-ਢਾਂਚਾ ਖੇਤਰਾਂ ਦੀ ਪ੍ਰਗਤੀ ਦੀ ਸਮੀਖਿਆ ਕੀਤੀ।","பிரதமர் கிராம சாலைவசதித் திட்டம், வீட்டுவசதி, நிலக்கரி, மின்சாரம் ஆகிய முக்கியத் துறைகளின் வளர்ச்சிக் குறித்து பிரதமர் திரு நரேந்திர மோடி நேற்று வியாழக்கிழமை சீராய்வு மேற்கொண்டார்.","బొగ్గు, విద్యుత్తు, గృహ నిర్మాణం, పిఎమ్‌జిఎస్ వై లు స‌హా కీల‌క‌మైన అవ‌స్థాప‌న రంగాలలో పురోగ‌తి క్ర‌మాన్ని ప్ర‌ధాన మంత్రి శ్రీ న‌రేంద్ర మోదీ గురువారం నాడు స‌మీక్షించారు.",نئی دہلی،17؍نومبر،وزیراعظم جناب نریندر مودی نے جمعرات کو پی ایم جی ایس وائی، ہاؤسنگ، کوئلہ اور بجلی سمیت بنیادی ڈھانچے کے کلیدی شعبوں کی پیش رفت کا جائزہ لیا۔
"Addressing the gathering, the Prime Minister asserted that development is the best answer to all kinds of violence.","একেটা অনুষ্ঠানতে তেওঁ বিভিন্ন আঁচনিৰ হিতাধিকাৰীক লেপটপ, চেক আৰু প্ৰমাণপত্র প্ৰদান কৰে।","জনসমাবেশে ভাষণদানকালে প্রধানমন্ত্রী বলেন যে, যে কোন ধরণের হিংসারই উচিৎ জবাব হল উন্নয়ন।",જનમેદનીને સંબોધતા પ્રધાનમંત્રી એ બાબતની ખાતરી ઉચ્ચારી હતી કે વિકાસ એ જ તમામ પ્રકારની હિંસાનો શ્રેષ્ઠ ઉત્તર છે.,प्रधानमंत्री ने उपस्थित जनसभा को संबोधित करते हुए कहा कि विकास सभी प्रकार की हिंसा का सबसे अच्छा हल है।,"ಸಭೆಯನ್ನುದ್ದೇಶಿಸಿ ಮಾತನಾಡಿದ ಪ್ರಧಾನಿ, ಎಲ್ಲ ರೀತಿಯ ಹಿಂಸಾಚಾರಕ್ಕೆ ಅಭಿವೃದ್ಧಿಯೇ ಪರಿಹಾರವಾಗಿದೆ ಎಂದರು.",എല്ലാ തരത്തിലുമുള്ള ഹിംസയ്ക്കുള്ള പരിഹാരം വികസനമാണെന്ന് അദ്ദേഹം വ്യക്തമാക്കി.,মীয়ামগী মীফমদা ৱা ঙাংলদুনা প্রধান মন্ত্রীনা হায়খি মদুদি দিবেলপমেন্ত অসি মখল খুদিংগী হিংশাদা খ্বাইদগী ফবা পাউখুম্নি।,"कुठल्याही प्रकारच्या हिंसेला विकास हेच एकमेव उत्तर आहे, असे मत पंतप्रधानांनी या सभेत बोलतांना व्यक्त केले.",ଉପସ୍ଥିତ ଜନତାଙ୍କୁ ଉଦ୍ବୋଧନ ଦେଇ ପ୍ରଧାନମନ୍ତ୍ରୀ କହିଲେ ଯେ ସବୁପ୍ରକାର ହିଂସାର ସଫଳ ଉତ୍ତର ହେଉଛି ବିକାଶ ।,ਪ੍ਰਧਾਨ ਮੰਤਰੀ ਨੇ ਹਾਜ਼ਰ ਜਨ ਸਭਾ ਨੂੰ ਸੰਬੋਧਨ ਕਰਦਿਆਂ ਕਿਹਾ ਕਿ ਵਿਕਾਸ ਹਰ ਤਰ੍ਹਾਂ ਦੀ ਹਿੰਸਾ ਦਾ ਸਭ ਤੋਂ ਚੰਗਾ ਹੱਲ ਹੈ।,"கூட்டத்தினரிடையே உரையாற்றிய பிரதமர், அனைத்து விதமான வன்முறைக்கும் வளர்ச்சிதான் மிகச்சிறந்த விடை என்று உறுதிபடத் தெரிவித்தார்.","ప్ర‌ధాన మంత్రి జ‌న స‌భ లో ప్రసంగిస్తూ, అన్ని రకాలైనటువంటి హింస‌ కు అత్యుత్త‌మ‌ స‌మాధాన‌ం అభివృద్ధే అని స్ప‌ష్టం చేశారు.",سامعین سے خطاب کرتے ہوئے وزیراعظم نے ہر طرح کے تشدد کے جواب میں ترقی پر زور دیا۔
"I would also call on His Majesty King Carl XVI Gustaf, King of Sweden.",এই ভ্ৰমণকালত মই ছুইডেনৰ ৰজা ষষ্ঠদশ কার্ল গুষ্টাফৰকো সাক্ষাৎ কৰিম।,সুইডেনের রাজা মাননীয় কার্ল ষোড়শ গুস্টাফের সঙ্গেও আমি এক সাক্ষাৎকার বৈঠকে মিলিত হব।,હું સ્વિડનનાં રાજા મહામહિમ કિંગ કાર્લ ગુસ્તાફ (સોળમા)ને પણ મળીશ.,मैं स्वीडन के राजा महामहिम किंग कार्ल XVI गुस्ताफ से भी भेंट करूंगा।,ನಾನು ಸ್ವೀಡನ್ ರ ದೊರೆ ಘನತೆವೆತ್ತ ಕಾರ್ಲ್ XVI ಗುಸ್ತಫ್ ಅವರನ್ನೂ ಭೇಟಿ ಮಾಡಲಿದ್ದೇನೆ.,അതോടൊപ്പം സ്വീഡനിലെ രാജാവ് ആദരണീയനായ കാള്‍ പതിനാറാമന്‍ ഗുസ്ഥാഫുമായും ഞാന്‍ കൂടിക്കാഴ്ച നടത്തും.,"ঐহাক্না স্বীদেনগী নিংথৌ, হিজ মাজেস্তী কিং কার্ল XVI গুস্তাফকসু উনগনি।",स्वीडनचे राजे आदरणीय कार्ल 16 वे “गुस्ताफ” यांचीही मी भेट घेणार आहे.,ସ୍ୱୀଡେନର ରାଜା ମହାମହିମ କିଙ୍ଗ କାର୍ଲ ଷୋଡ଼ଶ ଗୁସ୍ତାଫାଙ୍କ ସହିତ ମଧ୍ୟ ମୋର ସାକ୍ଷାତ କରିବାର କାର୍ଯ୍ୟକ୍ରମ ରହିଛି ।,ਮੈਂ ਸਵੀਡਨ ਦੇ ਮਹਾਮਹਿਮ ਕਿੰਗ ਕਾਰਲ XVI ਗਸਟਫ ਨੂੰ ਵੀ ਮਿਲਾਂਗਾ।,சுவீடன் அரசர் மாட்சிமை பொருந்திய கார்ல் பதினாறாம் குஸ்தாஃப் மன்னரையும் நான் சந்திக்கவிருக்கிறேன்.,స్వీడ‌న్ రాజు మాన్య శ్రీ కార్ల్‌ XVI గుస్‌టాఫ్‌ తో కూడా నేను భేటీ అవుతాను.,میں سویڈن کے شاہ عالی جناب کنگ کارل XVI سے بھی ملاقات کروں گا ۔
"The Prime Minister recalled the sacrifices of over 33,000 police personnel, who have laid down their lives, while performing their duty.","প্ৰধানমন্ত্ৰীয়ে কৰ্তব্যত নিয়োজিত সময়ত প্ৰাণ উৎসৰ্গা কৰা ৩৩,০০০ আৰক্ষীক সোঁৱৰণ কৰে৷","কর্তব্য পালনের সময় ৩৩ হাজারেরও বেশি পুলিশ কর্মী, যাঁরা নিজেদের জীবন উৎসর্গ করেছেন, প্রধানমন্ত্রী তাঁদের কথাও শিক্ষানবিশ পুলিশ আধিকারিকদের স্মরণ করিয়ে দেন।","પ્રધાનમંત્રીએ આ પ્રસંગે 33,000 પોલીસ કર્મચારીઓની શહીદીને યાદ કરી હતી, જેમણે તેમની ફરજ બજાવતા પોતાનો જીવ દેશ માટે કુરબાન કરી દીધો છે.",प्रधानमंत्री ने प्रोबेशनरों को कर्तव्य का पालन करते हुए अपनी जान न्योछावर करने वाले 33 हजार से अधिक पुलिसकर्मियों के बलिदान की याद दिलाई।,"ಕರ್ತವ್ಯ ನಿರತರಾಗಿದ್ದವೇಳೆ 33,000 ಕ್ಕೂಅಧಿಕಪೊಲೀಸ್ಸಿಬ್ಬಂದಿಗಳುತಮ್ಮಜೀವ ಕಳೆದುಕೊಂಡು ಮಾಡಿದ ತ್ಯಾಗವನ್ನು ಪ್ರಧಾನಮಂತ್ರಿ ಇಲ್ಲಿ ಸ್ಮರಿಸಿದರು.",തങ്ങളുടെ കര്‍ത്തവ്യനിര്‍വ്വഹണത്തിനിടെ ജീവന്‍ വെടിയേണ്ടിവന്ന മുപ്പത്തിമൂവായിരത്തിലേറെ പോലീസ് സേനാംഗങ്ങളുടെ ത്യാഗത്തെ പ്രധാനമന്ത്രി അനുസ്മരിച്ചു.,"মখোয়গী মথৌ তৌরিঙৈদা পুলিস পর্সোনেল ৩৩,০০০না থৱায় কৎখিবা অদু প্রধান মন্ত্রীনা অমুক হন্না নিংশিংখি।",आपले कर्तव्य बजावताना आपल्या प्राणांचे बलिदान देणाऱ्या सुमारे 33 हजार पोलीस कर्मचाऱ्यांच्या त्यागाची आठवण पंतप्रधानांनी यावेळी काढली.,ଶିକ୍ଷାନବିସମାନଙ୍କ ସହ ଆଲୋଚନା କାଳରେ କର୍ତ୍ତବ୍ୟ ପାଳନ କରି ସହିଦ ହୋଇଥିବା 33 ହଜାରରୁ ଅଧିକ ପୁଲିସକର୍ମୀମାନଙ୍କ ବଳିଦାନକୁ ସ୍ମରଣ କରିଥିଲେ ।,"ਪ੍ਰਧਾਨ ਮੰਤਰੀ ਨੇ ਪ੍ਰੋਬੇਸ਼ਨਰਾਂ ਨੂੰ ਡਿਊਟੀ ਨਿਭਾਉਂਦਿਆਂ ਆਪਣੀਆਂ ਜਾਨਾਂ ਵਾਰਨ ਵਾਲੇ 33,000 ਤੋਂ ਅਧਿਕ ਪੁਲਿਸ ਕਰਮਚਾਰੀਆਂ ਦੇ ਬਲੀਦਾਨ ਦੀ ਯਾਦ ਦਿਵਾਈ।","பணியின் போது உயிர் இழந்த 33,000 காவல் படையினரின் தியாகத்தை பிரதமர் நினைவுக்கூர்ந்தார்.",క‌ర్త‌వ్య పాల‌న క్రమం లో ప్రాణాలను అర్పించినటువంటి 33 వేల మందికి పైగా పోలీసు సిబ్బంది యొక్క సేవా నిర‌తి ని ప్ర‌ధాన మంత్రి గుర్తు కు తెచ్చారు.,وزیراعظم نے 33 ہزار سے زائد پولیس اہلکاروں کی قربانیوں کو یاد کیا جنھوں نے اپنے فرض کی ادائیگی کے دوران اپنی جانوں کا نذرانہ پیش کیا۔
He said the Statue would generate considerable tourism opportunities for the region.,ষ্টেচু অৱ ইউনিটীৰ উপৰি দিল্লীৰ সংগ্ৰহালয়টি চর্দাৰ পেটেলৰ নামতে উৎসর্গা কৰা হৈছে বুলিও তেওঁ উল্লেখ কৰে।,এই মূর্তি নির্মাণ হওয়ায় এই অঞ্চলে পর্যটনের সুযোগ বৃদ্ধি হবে বলেও তিনি মন্তব্য করেন।,તેમણે કહ્યું કે આ પ્રતિમા આ પ્રદેશ માટે પ્રવાસનની અપાર તકો ઉભી કરશે.,उन्होंने कहा कि प्रतिमा पर्यटन का अपार अवसर प्रदान करेगी।,ಈ ಪ್ರದೇಶದಲ್ಲಿ ಅಧಿಕ ಪ್ರಮಾಣದ ಪ್ರವಾಸೋದ್ಯಮ ಅವಕಾಶಗಳನ್ನು ಪ್ರತಿಮೆ ಸೃಷ್ಠಿಸಲಿದೆ ಎಂದು ಅವರು ಹೇಳಿದರು.,ഈ മേഖലയിലേക്കുള്ള വിനോദസഞ്ചാരികളുടെ വരവു ഗണ്യമായി വര്‍ധിക്കാന്‍ പ്രതിമ സഹായിക്കുമെന്നും അദ്ദേഹം പറഞ്ഞു.,"প্রধান মন্ত্রীনা হায়খি, হৌখিবা চহি খর অসিদা নিংতম লান্মীশিং নিংশিংনবা মেমোরিয়েল কয়া শেমগৎলে ।",तसेच या पुतळ्यामुळे मोठ्या प्रमाणावर पर्यटक या विभागाला भेट देतील असेही त्यांनी सांगितले.,"ସେ କହିଥିଲେ ଯେ, ଏହା କେବଳ ଏକ ପ୍ରତିମୂର୍ତ୍ତି ନୁହେଁ, ବରଂ ଦେଶ ବିଦେଶରୁ ଶହ ଶହ ପର୍ଯ୍ୟଟକଙ୍କୁ ନର୍ମଦା କୂଳକୁ ଆକୃଷ୍ଟ କରିବ ଏବଂ ପର୍ଯ୍ୟଟନ ଶିଳ୍ପ ଲାଗି ଅନେକ ସମ୍ଭାବନା ସୃଷ୍ଟି କରିବ ।",ਉਨ੍ਹਾਂ ਕਿਹਾ ਕਿ ਇਹ ਪ੍ਰਤਿਮਾ ਸੈਰ-ਸਪਾਟੇ ਦੇ ਅਪਾਰ ਮੌਕੇ ਪ੍ਰਦਾਨ ਕਰੇਗੀ।,இப்பகுதிக்கான சுற்றுலா வாய்ப்புக்களை இந்தச் சிலை கணிசமான அளவு அதிகரிக்கும் என்றும் அவர் கூறினார்.,ఈ విగ్ర‌హం ఈ ప్రాంతం లో గ‌ణ‌నీయ ప‌ర్య‌ట‌న అవకాశాల‌ ను సృష్టించ‌గ‌లుగుతుంద‌ని ఆయ‌న చెప్పారు.,انہو ں نے کہا کہ اس مجسمے سے خطے کے لئے بڑے پیمانے پر سیاحت کے مواقع پیدا ہوں گے۔
He will also distribute Pradhan Mantri Jan Arogya Yojana certificates and Forest Rights certificates to few beneficiaries.,তেওঁ ইয়াতেই প্ৰধানমন্ত্ৰী জন আৰোগ্য যোজনাৰ প্ৰমাণপত্ৰ আৰু বন অধিকাৰ পত্ৰও ভালেমান হিতাধিকাৰীৰ মাজত বিতৰণ কৰিব।,‘প্রধানমন্ত্রী জন-আরোগ্য যোজনা’র শংসাপত্র এবং বন অধিকার শংসাপত্র কয়েকজন সুবিধাভোগীর হাতে তিনি তুলে দেবেন।,પ્રધાનમંત્રી જન આરોગ્ય યોજનાનાં પ્રમાણપત્રો તથા વન અધિકાર પ્રમાણપત્રોનુ પણ વિતરણ કરશે.,वे लाभान्वितों को प्रधानमंत्री जन आरोग्य योजना प्रमाण-पत्र और वन अधिकार प्रमाण-पत्र भी वितरित करेंगे।,ಕೆಲವು ಫಲಾನುಭವಿಗಳಿಗೆ ಅವರು ಪ್ರಧಾನಮಂತ್ರಿ ಜನ ಆರೋಗ್ಯ ಯೋಜನಾ ಪ್ರಮಾಣ ಪತ್ರಗಳನ್ನು ಮತ್ತು ಆರಣ್ಯ ಹಕ್ಕುಗಳ ಪ್ರಮಾಣಪತ್ರಗಳನ್ನು ವಿತರಿಸುವರು.,"പ്രധാനമന്ത്രി ജന്‍ ആരോഗ്യ യോജന സര്‍ട്ടിഫിക്കറ്റുകള്‍, വനാവകാശ സര്‍ട്ടിഫിക്കറ്റുകള്‍ എന്നിവയുടെ വിതരണവും അദ്ദേഹം നിര്‍വഹിക്കും.",মহাক্না প্রধান মন্ত্রী জন অরোগ্যা য়োজনা সর্তিফিকেৎশিং অমসুং বেনেফিসরি খরদা ফোরেস্ত রাইত সর্তিফিকেৎশিংসু য়েন্থোক্কনি।,प्रधानमंत्री जन आरोग्य योजना आणि वन हक्क लाभार्थींना पंतप्रधानांच्या हस्ते प्रशस्तीपत्रांचे वाटप केले जाईल.,ସେ ମଧ୍ୟ କିଛି ହିତାଧିକାରୀମାନଙ୍କୁ ପ୍ରଧାନମନ୍ତ୍ରୀ ଜନ ଆରୋଗ୍ୟ ଯୋଜନା ପ୍ରମାଣପତ୍ର ଏବଂ ଜଙ୍ଗଲ ଅଧିକାର ପ୍ରମାଣପତ୍ର ବଂଟନ କରିବେ ।,ਉਹ ਕੁਝ ਲਾਭਾਰਥੀਆਂ ਨੂੰ ਪ੍ਰਧਾਨ ਮੰਤਰੀ ਜਨ ਆਰੋਗਯ ਯੋਜਨਾ ਸਰਟੀਫਿਕੇਟ ਅਤੇ ਵਣ ਅਧਿਕਾਰ ਸਰਟੀਫਿਕੇਟ ਵੀ ਵੰਡਣਗੇ।,பிரதமரின் ஜன் ஆரோக்கியா திட்ட சான்றிதழ்கள் மற்றும் வன உரிமை சான்றிதழ்களையும் சில பயனாளிகளுக்கு அவர் வழங்கவுள்ளார்.,"ఆ తర్వాత కొందరు లబ్ధిదారులకు ప్రధానమంత్రి జన ఆరోగ్య యోజన సర్టిఫికెట్లు, అటవీ హక్కుల సర్టిఫికెట్లు ప్రదానం చేస్తారు.",وہ فیض کنندگان کو پردھان منتری جنگ آروگیہ یوجنا کے سرٹیفکٹ اور جنگلاتی حقوق کے سرٹیفکٹ بھی تقسیم کریں گے۔
"Thirdly, he sought the role of private participation in the distribution of gas sector.","তৃতীয়তে, প্ৰধানমন্ত্ৰীয়ে গেছ বিতৰণৰ ক্ষেত্ৰত ব্যক্তিগত খণ্ডৰ অংশগ্ৰহণত বিশেষ গুৰুত্ব আৰোপ কৰে।","পাশাপাশি, তিনি গ্যাস ক্ষেত্রে বেসরকারি অংশগ্রহণের ভূমিকা নিয়ে আলোচনা করেন।","ત્રણ, તેમણે ગેસ ક્ષેત્રનાં વિતરણમાં ખાનગી ક્ષેત્ર ભાગીદાર થાય એવી ઇચ્છા વ્યક્ત કરી હતી.","तीसरा, प्रधानमंत्री ने गैस वितरण में निजी क्षेत्र की भागीदारी पर विशेष जोर दिया।","ಮೂರನೆಯದಾಗಿ, ಅನಿಲ ಕ್ಷೇತ್ರದಲ್ಲಿ ವಿತರಣೆಯಲ್ಲಿ ಖಾಸಗಿ ಪಾಲ್ಗೊಳ್ಳುವಿಕೆಯಪಾತ್ರವಿರಬೇಕೆಂದು ಅವರು ಆಗ್ರಹಿಸಿದರು.",വാതക വിതരണ രംഗത്ത് സ്വകാര്യ പങ്കാളിത്തം അദ്ദേഹം തേടി.,"অহুমসুবদা, মহাক্না গ্যাস সেক্তরদা লনাই শরুক য়াহনবগী মতাংদা পনখি।",गॅस वितरण क्षेत्राकडे भागीदारांमार्फत खाजगीकरण करण्यावर मोदी यांनी विशेष भर दिला.,ତୃତୀୟତଃ ପ୍ରଧାନମନ୍ତ୍ରୀ ବାଷ୍ପ/ଗ୍ୟାସ ବିତରଣରେ ଘରୋଇ କ୍ଷେତ୍ରର ଭାଗୀଦାରୀ ଉପରେ ବିଶେଷ ଗୁରୁତ୍ୱାରୋପ କରିଥିଲେ ।,"ਤੀਜਾ, ਉਨ੍ਹਾਂ ਨੇ ਜਨਤਕ ਖੇਤਰ ਦੀ ਭਾਗੀਦਾਰੀ ਦੀ ਮੰਗ ਕੀਤੀ।","மூன்றாவதாக, எரிவாயு விநியோகத் துறையில் தனியாரின் பங்களிப்பு பற்றியும் அவர் பேசினார்.",గ్యాస్ రంగం లో పంపిణీ ప్ర‌క్రియ లో ప్రైవేటు ప్రాతినిధ్యం మ‌రింత పెర‌గాల‌ని ఆయ‌న కోరారు.,علاوہ ازیں گیس کے شعبے کی تقسیم میں نجی شراکت داری کے رول کا بھی مطالبہ کیا۔
Defence and Cyber Security,সন্ত্ৰাসবাদীৰ সৈতে মোকাবিলা,প্রতিরক্ষা এবং সাইবার নিরাপত্তা,સંરક્ષણ અને સાયબર સુરક્ષા,रक्षा और साइबर सुरक्षा,ರಕ್ಷಣೆ ಮತ್ತು ಸೈಬರ್ ಭದ್ರತೆ,പ്രതിരോധവും സൈബര്‍ സുരക്ഷയും,ঙাকশেল অমসুং সাইবর সেক্যুরিতী,संरक्षण आणि सायबर सुरक्षा,ପ୍ରତିରକ୍ଷା ଏବଂ ସାଇବର ନିରାପତ୍ତା,ਰੱਖਿਆ ਅਤੇ ਸਾਈਬਰ ਸੁਰੱਖਿਆ,பாதுகாப்பு மற்றும் இணைய பாதுகாப்பு,"డిఫెన్స్‌, సైబ‌ర్ సెక్యూరిటీ",دفاع اور سائبر سیکورٹی:
"Out of the designated sample in the survey, 70% of respondents on an average happen to be listeners who regularly tune in to ‘’Mann Ki Baat’.","আপোনাৰ ফোন–কলৰ বাবে বহুত বহুত ধন্যবাদ৷ আপোনাৰ আশংকা সঠিক৷ দৰাচলতে নেতাসকলে মাইক পোৱা আৰু লাখ–কোটিসংখ্যক শ্ৰোতা পোৱা, তেওঁলোকক আৰু কি লাগে?",সার্ভে থেকে জানা যাচ্ছে যে শ্রোতারা ‘মন কি বাত’ শুনে আসছেন তাঁদের মধ্যে সত্তর শতাংশ মানুষ ‘মন কি বাত’-এর প্রত্যেকটা এপিসোডই শুনেছেন।,જે લોકોની વચ્ચે સર્વેક્ષણ કરવામાં આવ્યું છે તેમાંથી સરેરાશ 70 ટકા નિયમિત રૂપે ‘મન કી બાત’ સાંભળનારા લોકો છે.,"जिन लोगों के बीच survey किया गया है, उनमें से औसतन 70% नियमित रूप से ‘मन की बात’ सुनने वाले लोग हैं।",ಸಮೀಕ್ಷೆಯಲ್ಲಿ ಪಾಲ್ಗೊಂಡವರಲ್ಲಿ ಸರಾಸರಿ 70% ರಷ್ಟು ಜನರು ನಿಯಮಿತವಾಗಿ ಮನ್ ಕಿ ಬಾತ್ ಕೇಳುವ ಜನರಿದ್ದಾರೆ.,സര്‍വ്വേ നടത്തപ്പെട്ടവരില്‍ ശരാശരി 70 ശതമാനം പേര്‍ പതിവായി മന്‍ കീ ബാത് കേള്‍ക്കുന്നവരാണ്.,সর্ভে অদুদা শরুক য়াখিবা চাদা ৭০না চাং নাইনা মন কী বাদ তাই হায়না পাউখুম পীখি।,"ज्या लोकांमध्ये हे सर्वेक्षण करण्यात आलं आहे, त्यापैकी सरासरी 70 टक्के नियमितपणे ‘मन की बात’ ऐकणारे लोक आहेत.",ଯେଉଁମାନଙ୍କୁ ନେଇ ଏହି ସର୍ଭେ କରାଯାଇଛି ସେମାନଙ୍କ ମଧ୍ୟରୁ ହାରାହାରି 70 ପ୍ରତିଶତ ହେଉଛନ୍ତି ନିୟମିତ ଭାବେ “ମନ କି ବାତ୍” ଶୁଣୁଥିବା ଲୋକ ।,"ਜਿਨ੍ਹਾਂ ਲੋਕਾਂ ਦੇ ਵਿੱਚ Survey ਕੀਤਾ ਗਿਆ ਹੈ, ਉਹਦੇ ’ਚੋਂ ਔਸਤਨ 70 % ਨਿਯਮਿਤ ਰੂਪ ਨਾਲ ‘ਮਨ ਕੀ ਬਾਤ’ ਸੁਣਨ ਵਾਲੇ ਲੋਕ ਹਨ।","யாரிடம் ஆய்வுகள் மேற்கொள்ளப்பட்டனவோ, அவர்களில் 70 சதவீதம் பேர் தொடர்ந்து மனதின் குரலைக் கேட்டுக் கொண்டு வருகிறார்கள்.",సర్వేలో పాల్గొన్నవారిలో 70% మంది క్రమం తప్పకుండా మన్ కీ బాత్ కార్యక్రమాన్ని వింటారుట.,جن لوگوں کے بیچ سروے کیا گیا ہے، ان میں سے اوسطاً 70 فیصد باضابطہ طور پر ‘من کی بات’ سننے والے لوگ ہیں۔
He expressed the desire of the Government of Nepal to develop bilateral relations in a way so as to benefit from India’s progress and prosperity for economic transformation and development.,"দ্বিপাক্ষিক সম্পর্কক নেপালে এনেকৈ আগুৱাই লৈ যাবলৈ আগ্রহী, যাতে ভাৰতৰ অগ্রগতি আৰু সমৃদ্ধি তথা তাৰ সমান্তৰালভাৱে অর্থনৈতিক পৰিৱৰ্তনৰ প্রচেষ্টা আৰু উন্নয়নৰ পৰা সেই দেশ লাভান্বিত হ’ব পাৰে।",দ্বিপাক্ষিক সম্পর্ককে নেপাল এমনভাবেএগিয়ে নিয়ে যেতে আগ্রহী যাতে ভারতের অগ্রগতি ও সমৃদ্ধি এবং সেইসঙ্গে অর্থনৈতিকরূপান্তর প্রচেষ্টা ও উন্নয়ন থেকে ঐ দেশ লাভবান হতে পারে।,તેમણે આર્થિક પરિવર્તન અને વિકાસ માટે ભારતની પ્રગતિ અને સમૃદ્ધિમાંથી લાભ લઈ શકે એ રીતે દ્વિપક્ષીય સંબંધો વિકસાવવા નેપાળની સરકારની ઇચ્છા વ્યક્ત કરી હતી.,उन्होंने नेपाल सरकार की द्विपक्षीय संबंधों इस तरह से विकसित करने की इच्छा को व्यक्त किया जिससे कि नेपाल आर्थिक बदलाव और विकास के लिये भारत की प्रगति और समृद्धि से लाभान्वित हो सके।,ಭಾರತದ ಪ್ರಗತಿಯಿಂದ ಲಾಭವಾಗುವ ರೀತಿಯಲ್ಲಿ ದ್ವಿಪಕ್ಷೀಯ ಸಂಬಂಧಗಳನ್ನು ಬೆಳೆಸಲು ನೇಪಾಳ ಸರಕಾರ ಆಶಿಸಿದೆ ಎಂದ ಅವರು ಆ ಮೂಲಕ ಆರ್ಥಿಕ ಪರಿವರ್ತನೆ ಮತ್ತು ಅಭಿವೃದ್ದಿ ಸಾದಿಸಬಹುದು ಎಂಬ ಇರಾದೆ ಇದೆ ಎಂದರು.,സാമ്പത്തിക പരിവര്‍ത്തനത്തിനും വികസനത്തിനും ഇന്ത്യയുടെ പുരോഗതിയും സമ്പുഷ്ടിയും ഗുണകരമാകു തരത്തിലുള്ള ഉഭയകക്ഷി ബന്ധം വികസിപ്പിച്ചെടുക്കുതിനുള്ള നേപ്പാള്‍ ഗവമെന്റിന്റെ താല്‍പര്യം അദ്ദേഹം പ്രകടിപ്പിച്ചു.,ইকোনোমিক ত্রান্সফোর্মেশন অমসুং চাউখৎ-থৌরাংগীদমক ভারতকী প্রোগ্রেস অমসুং প্রোস্পেরিতীদগী কান্নবা ফংনবা লম্বী অমদা লৈবাক অনিগী ওইবা মরিশিং চাউখৎহন্নবা নেপাল সরকারগী অপাম্বা অদু মহাক্না ফোংদোকখি।,भारताच्या प्रगती आणि समृद्धीतुन आर्थिक परिवर्तन आणि विकासासाठी लाभ होईल अशा प्रकारे द्विपक्षीय संबंध विकसित करण्याची नेपाळ सरकारची इच्छा त्यांनी व्यक्त केली.,ପ୍ରଧାନମନ୍ତ୍ରୀ ଓଲି ଦ୍ୱିପାକ୍ଷିକ ସମ୍ପର୍କକୁ ଏପରି ଏକ ମାର୍ଗରେ ନେଇଯିବା ଲାଗି ନେପାଳ ସରକାରଙ୍କ ଇଚ୍ଛାକୁ ବ୍ୟକ୍ତ କରିଥିଲେ ଯେଉଁମାର୍ଗରେ ଯାଇ ଅର୍ଥନୈତିକ ରୂପାନ୍ତରଣ ତଥା ବିକାଶ ଲାଗି ଭାରତର ପ୍ରଗତି ଏବଂ ସମୃଦ୍ଧିରୁ ଲାଭ ମିଳିପାରିବ ।,ਉਨ੍ਹਾਂ ਨੇ ਨੇਪਾਲ ਸਰਕਾਰ ਦੇ ਦੁਵੱਲੇ ਸਬੰਧਾਂ ਨੂੰ ਇਸ ਤਰ੍ਹਾਂ ਨਾਲ ਵਿਕਸਿਤ ਕਰਨ ਦੀ ਇੱਛਾ ਨੂੰ ਪ੍ਰਗਟਾਇਆ ਜਿਸ ਨਾਲ ਕਿ ਨੇਪਾਲ ਆਰਥਿਕ ਬਦਲਾਅ ਅਤੇ ਵਿਕਾਸ ਲਈ ਭਾਰਤ ਦੀ ਉਨਤੀ ਅਤੇ ਖੁਸ਼ਹਾਲੀ ਲਈ ਫਾਇਦੇਮੰਦ ਹੋ ਸਕੇ।,இந்தியாவின் வளர்ச்சி மற்றும் வளம் ஆகியவற்றிலிருந்து பலனடையும் வகையில் இருதரப்பு உறவுகளை மேம்படுத்த நேபாள அரசு விரும்புவதாக அவர் கூறினார்.,నేపాల్ ప్ర‌భుత్వం ఆర్థిక పరివర్తనకు మరియు వికాసం కోసం- భార‌త‌దేశం సాధిస్తున్న పురోగ‌తి మ‌రియు స‌మృద్ధి ల నుండి లాభం పొందేట‌ట్లుగా- తన ద్వైపాక్షిక సంబంధాల‌ను అభివృద్ధి ప‌ర‌చుకోవాల‌ని కోరుకుంటోంద‌ని ఆయ‌న పేర్కొన్నారు.,انہوں نے کہا کہ نیپال کی حکومت اقتصادی کایا پلٹ اور ترقی کی غرض سے ہندوستان کی ترقی اور خوشحالی سے مستفید ہونے کے لیے باہمی رشتوں کو فروغ دینا چاہتی ہے ۔
"It is due to his vision of development that all these states are progressing rapidly, the Prime Minister said.","এই ৰাজ্যসমূহৰ উন্নয়নৰ যি সপোন প্রাক্তন প্রধানমন্ত্রী গৰাকীয়ে দেখিছিল, তাক আধাৰ হিচাপে লৈয়েই ইয়াৰ দ্রুত প্রগতি হৈছে বুলি প্ৰধানমন্ত্ৰীয়ে কয়।",এই রাজ্যগুলির উন্নয়নের যে স্বপ্ন প্রাক্তন প্রধানমন্ত্রী দেখেছিলেন তাকে ভিত্তি করেই এই রাজ্যগুলির দ্রুত প্রগতি হচ্ছে বলে শ্রী মোদী উল্লেখ করেন।,"પ્રધાનમંત્રીએ જણાવ્યું હતું કે, તમામ રાજ્યો ઝડપથી પ્રગતિ કરી રહ્યાં છે એ વિકાસની દ્રષ્ટિ ભૂતપૂર્વ પ્રધાનમંત્રી વાજપેયીની છે.",प्रधानमंत्री ने कहा कि यह विकास की उनकी दृष्टि ही है कि ये सभी राज्य तेजी से प्रगति कर रहे हैं।,ಕೇಂದ್ರ ಸರಕಾರವು ಅಭಿವೃದ್ಧಿಗೆ ಸಮರ್ಪಿತವಾಗಿದೆ ಮತ್ತು ಜನತೆಯ ಆಶೋತ್ತರಗಳನ್ನು ಪೂರ್ಣಗೊಳಿಸಲು ಬಯಸಿದೆ.,"വികസനത്തെ കുറിച്ചുള്ള അദ്ദേഹത്തിന്റെ ദർശനത്തിന്റെ ഫലമാണ് ഈ മൂന്ന് സംസ്ഥാനങ്ങളും ദൃതഗതിയിൽ പുരോഗമിക്കുന്നത് , പ്രധാനമന്ത്രി പറഞ്ഞു.",প্রধান মন্ত্রীনা হায়খি মদুদি রাজ্য পুম্নমক্না খোংজেল য়াংনা চাউখৎলক্লিবা অসি মহাক্কী চাউখৎ–থৌরাংগী মিৎয়েং অদুননি।,वाजपेयींच्या विकासाच्या दृष्टीमुळेच ही राज्ये वेगाने प्रगती करत आहेत असे पंतप्रधान म्हणाले.,ତାଙ୍କର ଦୂରଦୃଷ୍ଟି କାରଣରୁ ଏହି ରାଜ୍ୟଗୁଡ଼ିକ ଏବେ ଦ୍ରୁତଗତିରେ ବିକାଶ ଲାଭ କରୁଛି ବୋଲି ପ୍ରଧାନମନ୍ତ୍ରୀ କହିଥିଲେ ।,ਪ੍ਰਧਾਨ ਮੰਤਰੀ ਨੇ ਕਿਹਾ ਕਿ ਇਹ ਵਿਕਾਸ ਦੀ ਉਨ੍ਹਾਂ ਦੀ ਦ੍ਰਿਸ਼ਟੀ ਹੀ ਹੈ ਕਿ ਇਹ ਸਾਰੇ ਰਾਜ ਤੇਜ਼ੀ ਨਾਲ ਪ੍ਰਗਤੀ ਕਰ ਰਹੇ ਹਨ।,"திரு. அடல் பிகாரி வாஜ்பாயின் தொலைநோக்குப் பார்வையே, இந்த மாநிலங்களில் விரைந்த வளர்ச்சியை ஏற்படுத்தியுள்ளது.",అభివృద్ధిపై ఆయన దార్శనికత కారణంగానే అన్ని రాష్ట్రాలూ నేడు ప్రగతిపథంలో దూసుకెళ్తున్నాయని ప్రధాని పేర్కొన్నారు.,ترقی سے متعلق ان کے ویژن کے پیش نظر آج یہ سبھی ریاستیں تیز رفتار ترقی کر رہی ہیں۔
Regular practice of Yoga has a direct bearing on the medical expenses of any family.,নিয়মিত যোগাভ্যাস যি কোনো পৰিয়ালৰে চিকিৎসাৰ খৰচ উল্লেখযোগ্যভাবে কমোৱাত সহায় কৰে।,নিয়মিত যোগাভ্যাস যে কোনও পরিবারেরই চিকিৎসার খরচ উল্লেখযোগ্যভাবে কমিয়ে আনতে সাহায্য করে।,નિયમિત યોગનો સીધો પ્રભાવ કોઇપણ પરિવારના મેડીકલ ખર્ચા પર પડે છે.,नियमित योग का सीधा प्रभाव किसी भी परिवार के मेडिकल खर्चों पर पड़ता है।,ದಿನನಿತ್ಯ ಯೋಗಾಭ್ಯಾಸ ಕುಟುಂಬದ ವೈದ್ಯಕೀಯ ವೆಚ್ಚದ ಮೇಲೂ ನೇರ ಪರಿಣಾಮ ಬೀರುತ್ತದೆ.,ദിനവും യോഗ പരിശീലിക്കുന്നത് ഒരു കുടുംബത്തിന് വഹിക്കേണ്ടിവരുന്ന മെഡിക്കല്‍ ചെലവില്‍ വലിയ കുറവുണ്ടാക്കും.,চাং নাইনা যোগ প্রেক্তিস তৌবনা ইমুং অমা হেক্তগী মেদিকেলগী চাদিং হন্থহল্লি।,योगासनांच्या नियमित सरावाचा परिणाम एखाद्या कुटुंबाच्या नियमित वैदयकीय खर्चावर होतो आणि या खर्चात कपात होते.,ନୟମିତ ଯୋଗର ସିଧାସଳଖ ପ୍ରଭାବ ଯେକୌଣସି ପରିବାରର ମେଡିକାଲ ଖର୍ଚ୍ଚ ଉପରେ ପଡିଥାଏ ।,ਨਿਯਮਤ ਯੋਗ ਦਾ ਸਿੱਧਾ ਪ੍ਰਭਾਵ ਕਿਸੇ ਵੀ ਪਰਿਵਾਰ ਦੇ ਮੈਡੀਕਲ ਖਰਚਿਆਂ ’ਤੇ ਪੈਂਦਾ ਹੈ।,யோகாவை தொடர்ச்சியாக பயிற்சி செய்வது எந்தவொரு குடும்பத்தின் மருத்துவ செலவுகளில் இருந்தும் தப்பிக்க உதவுகிறது.,క్ర‌మం త‌ప్ప‌క యోగ సాధ‌న‌లో పాలుపంచుకోవ‌డం వ‌ల్ల ఏ కుటుంబాని కైనా వైద్య ఖ‌ర్చుల‌పై దాని తాలూకు ప్ర‌త్య‌క్ష ప్ర‌భావం ఉంటుంది.,یوگ کی باقاعدگی کاسیدھا اثر کسی بھی خاندان کے میڈیکل خرچوں پر پڑتا ہے۔
"The Prime Minister expressed happiness that on this occasion, the devotional hymn Vaishnav Jan To, which was so dear to Bapu, had been rendered by artistes in about 150 countries across the world.","এই অনুষ্ঠানত উপস্থিত থাকি প্ৰধানমন্ত্ৰী নৰেন্দ্ৰ মোদীয়ে সন্তোষ প্ৰকাশ কৰে, আৰু লগতে অনুষ্ঠানত মহাত্মা গান্ধীৰ প্ৰিয় ভজন বৈষ্ণৱ জন তো সমগ্ৰ বিশ্বৰ ১৫০ খন দেশৰ শিল্পীসকলে পৰিৱেশন কৰা মুহুৰ্ত্তটোৱে পুলকিত কৰে বুলিও উল্লেখ কৰে।","এই প্রসঙ্গে প্রধানমন্ত্রী সন্তোষ প্রকাশ করে বলেন, বাপু’র অত্যন্ত প্রিয় ভক্তিগীতি ‘বৈষ্ণব জন তো’ গানটি সারা বিশ্বের প্রায় ১৫০টি দেশের শিল্পীরা গেয়েছেন।","પ્રધાનમંત્રીએ ખુશી વ્યક્ત કરી હતી કે, આ પ્રસંગે ‘વૈષ્ણવ જન તો તેને રે કહીએ’ ભજન કે, જે બાપુને સૌથી વધુ પ્રિય હતું તે સમગ્ર વિશ્વના અંદાજે 150 દેશોનાં કલાકારો દ્વારા રજૂ કરવામાં આવ્યું હતું.",प्रधानमंत्री ने प्रसन्नता व्यक्त की कि महात्मा गांधी के प्रिय भजन वैष्णव जन को पूरी दुनिया के 150 देशों के कलाकारों द्वारा गाया गया।,ಈ ಸಂದರ್ಭದಲ್ಲಿ ಪ್ರೀತಿಯ ಬಾಪುಗೆ ಅತ್ಯಂತ ಪ್ರಿಯವಾದ ಭಕ್ತಿ ಗೀತೆ “ವೈಷ್ಣವ ಜನ ತೋ” ಹಾಡನ್ನು ವಿಶ್ವದ ಸುಮಾರು 150 ರಾಷ್ಟ್ರಗಳ ಕಲಾವಿದರು ಹಾಡುತ್ತಿರುವುದು ಸಂತೋಷಕರ ಎಂದರು.,ഈ അവസരത്തില്‍ ഗാന്ധിജിക്ക് ഏറെ പ്രിയപ്പെട്ട ഭക്തി കീര്‍ത്തനമായ വൈഷ്ണവ് ജന്‍തോ ലോകത്തെമ്പാടുമുള്ള നൂറ്റി അന്‍പതോളം രാജ്യങ്ങളിലെ കലാകാരന്‍മാര്‍ ആലപിച്ചതില്‍ പ്രധാനമന്ത്രി സന്തോഷം പ്രകടിപ്പിച്ചു.,প্রধান মন্ত্রীনা নুংঙাইবা ফোংদোকখি মদুদি মহাত্মা গান্ধীনা খোইদাজবা ভজন বৈস্নব জনবু মালেম পুম্বগী লৈবাক ১৫০গী কালাকারশিংনা শক্লি।,बापुजींना अत्यंत प्रिय असलेले वैष्णव जन तो हे भजन जगभरातल्या 150 देशातल्या कलाकारांनी सादर केल्याबद्दल त्यांनी आनंद व्यक्त केला.,ପ୍ରଧାନମନ୍ତ୍ରୀ ଖୁସି ବ୍ୟକ୍ତ କରିଥିଲେ ଯେ ମହାତ୍ମା ଗାନ୍ଧୀଙ୍କ ପ୍ରିୟ ଭଜନ ବୈଷ୍ଣବ ଜନକୁ ସାରା ବିଶ୍ୱର 150ଟି ଦେଶର କଳାକାର ଗାଇଛନ୍ତି ।,ਪ੍ਰਧਾਨ ਮੰਤਰੀ ਨੇ ਖੁਸ਼ੀ ਪ੍ਰਗਟ ਕੀਤੀ ਕਿ ਮਹਾਤਮਾ ਗਾਂਧੀ ਦੇ ਪ੍ਰਿਅ ਭਜਨ ਵੈਸ਼ਣਵ ਜਨ ਨੂੰ ਪੂਰੀ ਦੁਨੀਆ ਦੇ 150 ਦੇਸ਼ਾਂ ਦੇ ਕਲਾਕਾਰਾਂ ਵੱਲੋਂ ਗਾਇਆ ਗਿਆ ਹੈ।,இத்தருணத்தில் மகாத்மா காந்தி விரும்பிய வைஷ்ணவ ஜன தோ பாடலை உலகெங்கும் 150 நாடுகளில் கலைஞர்கள் பாடியது தனக்கு மகிழ்ச்சி அளிப்பதாக பிரதமர் தெரிவித்தார்.,ఈ సంద‌ర్భం గా బాపూ జీ కి చాలా ప్రియమైన‌టువంటి భ‌జన గీతం ‘వైష్ణ‌వ్ జ‌న్ తో..’ను ప్ర‌పంచ‌ వ్యాప్తం గా దాదాపు 150 దేశాల క‌ళాకారులు ఆలాపించడం పట్ల ప్ర‌ధాన మంత్రి హ‌ర్షాన్ని వ్య‌క్తం చేశారు.,وزیراعظم نے اس موقع پر اس بات پر مسرت کا اظہار کیا کہ باپو کو انتہائی عزیز بھجن ’ ویشنو جن تو ‘ کو 150 ملکوں کے فنکاروں نے گایا ہے۔
"The Prime Minister applauded the State Government for reaching people, especially those in the rural areas of the State in the last one year, through its schemes.",বিগত এবছৰত বিভিন্ন আঁচনিৰ মাধ্যমেৰে গ্ৰামাঞ্চলৰ জনসাধাৰণৰ কাষ চাপিবলৈ সক্ষম হোৱাৰ বাবে হিমাচল প্ৰদেশ চৰকাৰক প্ৰধানমন্ত্ৰীয়ে প্ৰশংসা কৰে।,"গত এক বছরে বিভিন্ন কর্মসূচির মাধ্যমে রাজ্যের সর্বত্র, বিশেষ করে গ্রামাঞ্চলের মানুষের কাছে পৌঁছনোর যে উদ্যোগ রাজ্য সরকার নিয়েছে, প্রধানমন্ত্রী তার প্রশংসা করেন।","પ્રધાનમંત્રીએ રાજ્ય સરકારની વિવિધ યોજનાઓનાં લાભને લોકો સુધી પહોંચાડવાની પ્રશંસા કરી હતી, ખાસ કરીને રાજ્યનાં ગ્રામીણ વિસ્તારનાં લોકો સુધી સરકારી યોજનાઓનાં લાભ પહોંચાડવાની.",प्रधानमंत्री ने अपनी योजनाओँ के माध्यम से सरकार द्वारा ग्रामीण क्षेत्रों के लोगों तक पहुंचने के लिए राज्य सरकार की सराहना की।,"ಕಳೆದೊಂದು ವರ್ಷದಲ್ಲಿ ರಾಜ್ಯದ ಜನರನ್ನು, ಅದರಲ್ಲೂ ಗ್ರಾಮೀಣ ಪ್ರದೇಶದಲ್ಲಿರುವ ಜನರನ್ನು ತನ್ನ ಯೋಜನೆಗಳ ಮೂಲಕ ತಲುಪಲು ನಡೆಸಿದ ಪ್ರಯತ್ನಕ್ಕಾಗಿ ಪ್ರಧಾನ ಮಂತ್ರಿಗಳು ರಾಜ್ಯ ಸರಕಾರವನ್ನು ಶ್ಲ್ಯಾಘಿಸಿದರು.",വിവിധ പദ്ധതികളിലൂടെ ഒരു വര്‍ഷം കൊണ്ട് ജനങ്ങളിലേക്ക് വിശേഷിച്ച് ഗ്രാമീണ മേഖലകളിലെ ജനങ്ങളിലേക്ക് എത്തിയ സംസ്ഥാന ഗവണ്‍മെന്റിനെ പ്രധാനമന്ത്രി അഭിനന്ദിച്ചു.,সরকার অসিগী স্কিমশিং হৌখিবা চহি অমগী মনুংদা রাজ্য অসিগী মনুং হুনজিনবা মফমশিংদা য়ৌহনবগীদমক প্রধান মন্ত্রীনা হিমাচল প্রদেশ সরকারবু থাগৎখি।,वर्षभरात विविध योजनांच्या माध्यमातून राज्य सरकार लोकांपर्यंत विशेषत: ग्रामीण भागापर्यंत पोहोचले असल्याबद्दल पंतप्रधानांनी कौतुक केले.,ବିଗତ ଏକ ବର୍ଷରେ ସରକାର ବିଭିନ୍ନ ଯୋଜନା ମାଧ୍ୟମରେ ଖାସ କରି ରାଜ୍ୟର ଗ୍ରାମୀଣ ଲୋକଙ୍କୁ ସମୃଦ୍ଧ କରାଇବାରେ ସକ୍ଷମ ହୋଇଥିବାରୁ ପ୍ରଧାନମନ୍ତ୍ରୀ ରାଜ୍ୟ ସରକାରଙ୍କୁ ପ୍ରଶଂସା କରିଥିଲେ ।,ਪ੍ਰਧਾਨ ਮੰਤਰੀ ਨੇ ਪਿਛਲੇ ਇੱਕ ਸਾਲ ਵਿੱਚ ਆਪਣੀਆਂ ਯੋਜਨਾਵਾਂ ਰਾਹੀਂ ਰਾਜ ਦੇ ਗ੍ਰਾਮੀਣ ਖੇਤਰਾਂ ਵਿੱਚ ਲੋਕਾਂ ਤੱਕ ਪਹੁੰਚਣ ਲਈ ਰਾਜ ਸਰਕਾਰ ਦੀ ਸ਼ਲਾਘਾ ਕੀਤੀ।,மக்களை சென்றடைவதில் குறிப்பாக கிராமப்புற மக்களை சென்றடைவதில் கடந்த ஓராண்டில் மாநில அரசு செய்த சாதனைகளை பிரதமர் பாராட்டினார்.,గ‌త ఏడాది కాలంలో గ్రామీణ ప్రాంతాల‌ లోని ప్ర‌జ‌ల‌కు వివిధ ప‌థ‌కాల ద్వారా రాష్ట్ర‌ ప్ర‌భుత్వం ప్ర‌జ‌ల‌కు చేరువ అయింద‌ని ప్ర‌ధాన‌ మంత్రి ప్ర‌శంసించారు.,وزیر اعظم نے ریاستی سرکار کی اس بات کے لئے بھی تعریف کی کہ اپنی اسکیموں کے ذریعہ وہ گزشتہ ایک سال میں ریاست کے دیہی علاقوں کے لوگوں تک پہنچ پائی ہے۔
"In Delhi, the Prime Minister has inaugurated the Sardar Patel Gallery at the National Science Centre.","শেহতীয়াকৈ তেওঁ ৰাষ্ট্ৰীয় আৰক্ষী স্মাৰক ৰাষ্ট্ৰলৈ উচৰ্দা কৰিছে৷ এই স্মাৰকৰ জৰিয়তে কৰ্তব্যত নিয়োজিত থকা অৱস্থাত দেশৰ হকে প্ৰাণ বলি দিয়া ৩৩,০০০ আৰক্ষীৰ ত্যাগক স্মৰণ কৰা হৈছে৷",দিল্লিতে জাতীয় বিজ্ঞান কেন্দ্রে প্রধানমন্ত্রী সর্দার প্যাটেল গ্যালারির উদ্বোধন করেছেন।,દિલ્હીમાં પ્રધાનમંત્રીએ નેશનલ સાયન્સ સેન્ટર ખાતે સરદાર પટેલ ગેલેરીનું ઉદઘાટન કર્યું હતું.,"दिल्‍ली में, प्रधानमंत्री ने राष्‍ट्रीय विज्ञान केन्‍द्र में सरदार पटेल दीर्घा का उद्घाटन किया है।","ದೆಹಲಿಯ ರಾಷ್ಟ್ರೀಯ ವಿಜ್ಞಾನ ಕೇಂದ್ರದಲ್ಲಿ ಪ್ರಧಾನಮಂತ್ರಿ ಅವರು, ಸರ್ದಾರ್ ಪಟೇಲ್ ಗ್ಯಾಲರಿ ಉದ್ಘಾಟಿಸಿದ್ದರು.",ഡല്‍ഹിയില്‍ ദേശീയ ശാസ്ത്ര കേന്ദ്രത്തില്‍ സര്‍ദാര്‍ പട്ടേല്‍ ഗ്യാലറി പ്രധാനമന്ത്രി ഉദ്ഘാടനം ചെയ്തു.,দিল্লীদা প্রধান মন্ত্রীনা নেস্নেল সাইন্স সেন্তরদা সরদার পতেল গেলরী শঙ্গাখি।,दिल्लीत राष्ट्रीय विज्ञान केंद्रामध्ये पंतप्रधानांनी सरदार पटेल गॅलरीचे उद्‌घाटन केले.,ନୂଆଦିଲ୍ଲୀରେ ପ୍ରଧାନମନ୍ତ୍ରୀ ଜାତୀୟ ବିଜ୍ଞାନ କେନ୍ଦ୍ରଠାରେ ସର୍ଦ୍ଦାର ପଟେଲ ଗ୍ୟାଲେରୀ ଉଦଘାଟନ କରିଥିଲେ ।,"ਦਿੱਲੀ ਵਿੱਚ, ਪ੍ਰਧਾਨ ਮੰਤਰੀ ਨੇ ਰਾਸ਼ਟਰੀ ਵਿਗਿਆਨ ਕੇਂਦਰ ਵਿੱਚ ਸਰਦਾਰ ਪਟੇਲ ਗੈਲਰੀ ਦਾ ਉਦਘਾਟਨ ਕੀਤਾ ਹੈ।",தில்லியில் தேசிய அறிவியல் மையத்தில் சர்தார் பட்டேல் அரங்கு ஒன்றை பிரதமர் திறந்து வைத்தார்.,ఢిల్లీ లో నేశనల్ సైన్స్ సెంటర్ లో సర్దార్ పటేల్ గ్యాలరీ ని ప్రధాన మంత్రి ప్రారంభించారు.,وزیر اعظم نے دلّی میں نیشنل سائنس سینٹر میں سردار پٹیل گیلری کا افتتاح کیا ۔
The theme of IEF-16 is “The Future of Global Energy Security.”,আন্তঃৰা্ষ্ট্ৰীয় শক্তি ফ’ৰামৰ ষষ্ঠদশ সন্মিলন(IEF-16)ৰ মূল বিষয়বস্তু হৈছে ‘বিশ্বজুৰি শক্তি নিৰাপত্তাৰ ভৱিষ্যৎ’।,আন্তর্জাতিক শক্তি ফোরামের ষোড়শ সম্মেলনের মূল সুর হচ্ছে ‘বিশ্বব্যাপীশক্তি নিরাপত্তার ভবিষ্যৎ’।,"મિત્રો, IEF-16 નો વિષય “વૈશ્વિક ઊર્જા સલામતીનું ભવિષ્ય” છે.",आईईएफ-16 का विषय ‘द फ्यूचर ऑफ ग्‍लोबल एनर्जी सिक्‍योरिटी’ है।,ಐಇಎಫ್-16ರ ಧ್ಯೇಯ ‘ಜಾಗತಿಕ ಇಂಧನ ಸುರಕ್ಷತೆಯ ಭವಿಷ್ಯ’ ಎಂಬುದಾಗಿದೆ.,അന്താരാഷ്ട്ര ഊര്‍ജ്ജ ഫോറം -16 ന്റെ പ്രമേയം “ആഗോള ഊര്‍ജ്ജ സുരക്ഷയുടെ ഭാവി” എന്നതാണ്.,আই ই এফ-১৬গী হীরম অসি “দ ফ্যুচর ওফ গ্লোবেল ইনর্জী সেক্যুরিতী”নি।,आयईएफ -१६ ची संकल्पना आहे ” जागतिक ऊर्जा सुरक्षेचे भवितव्य”.,ଆଇଇଏଫ-16 ର ବିଷୟବସ୍ତୁ ହେଉଛି “ବିଶ୍ୱ ଶକ୍ତି ସୁରକ୍ଷାର ଭବିଷ୍ୟତ” ।,ਆਈਈਐੱਫ-16 ਦਾ ਵਿਸ਼ਾ ‘ਦਿ ਫਿਊਚਰ ਆਫ ਗਲੋਬਲ ਐਨਰਜੀ ਸਕਿਊਰਿਟੀ’ ਹੈ।,ஐ.இ.எப்.-16-ன் முக்கியக் கருதுகோள் “உலக எரிசக்தி பாதுகாப்பின் எதிர்காலம்” என்பதாகும்.,అంతర్జాతీయ ఇంధన వేదిక-16వ సమావేశం ‘‘ప్రపంచ ఇంధన భద్రత భవిష్యత్తు’’ ఇతివృత్తంగా నిర్వహించబడింది.,آئی ای ایف-16 کا عنوان ‘‘ دا فیوچر آف گلوبل انرجی سکیورٹی’’ ہے۔
I particularly welcome and thank the 15 Partner Countriesof this edition of Vibrant Gujarat.,এইবাৰৰ ভাইব্ৰেণ্ট গুজৰাট সন্মিলনত অংশীদাৰ হিচাপে ১৫খন দেশক আমি বিশেষভাৱে স্বাগতম তথা ধন্যবাদ জনাইছো।,এবারের ভাইব্র্যান্ট গুজরাট শীর্ষ সম্মেলনে অংশীদার ১৫টি দেশকে আমি বিশেষভাবে স্বাগত ও ধন্যবাদ জানাই।,હું ખાસ કરીને વાઇબ્રન્ટ ગુજરાતના આ સંસ્કરણનાં 15 સાથીદાર દેશોનું સ્વાગત કરું છું અને એમનો આભાર માનું છું.,मैं विशेषकर वाइब्रेंट गुजरात के इस संस्‍करण के 15 साझेदार देशों का स्‍वागत और धन्‍यवाद करता हूं।,ಈ ವೇದಿಕೆಯಲ್ಲಿ ನಡೆಯಲಿರುವ ವಿಚಾರಸಂಕಿರಣಗಳನ್ನು ಆ ಸಂಸ್ಥೆಗಳು ಮತ್ತು ಕೇಂದ್ರಗಳು ನಡೆಸಲಿವೆ.,വൈബ്രന്റ് ഗുജറാത്തിന്റെ ഈ പതിപ്പില്‍ പങ്കെടുക്കുന്ന 15 പങ്കാളിത്ത രാജ്യങ്ങളെ ഞാന്‍ പ്രത്യേകിച്ച് സ്വാഗതം ചെയ്യുന്നു.,ঐহাক্না অখন্ননা বাইবরেন্ত গুজরাতকী এদিসন অসিগী পার্তনর লৈবাক ১৫বু তরাম্না ওকচরি অমসুং থাগৎচরি।,व्हायब्रंट गुजरातच्या या अध्यायातील पंधरा सहयोगी देशांचे मी विशेष रूपाने स्वागत करतो आणि त्यांचे आभार मानतो.,ମୁଁ ବିଶେଷ କରି ଭାଏବ୍ରାଣ୍ଟ ଗୁଜରାଟର ଏହି ସଂସ୍କରଣର 15ଟି ଅଂଶଗ୍ରହଣକାରୀ ଦେଶକୁ ସ୍ୱାଗତ ଏବଂ ଧନ୍ୟବାଦ ଜଣାଇବାକୁ ଚାହୁଁଛି ।,ਮੈਂ ਖਾਸ ਤੌਰ 'ਤੇ ਵਾਈਬ੍ਰੈਂਟ ਗੁਜਰਾਤ ਦੇ ਇਸ ਸੰਸਕਰਣ ਦੇ 15 ਸਾਂਝੇਦਾਰ ਦੇਸ਼ਾਂ ਦਾ ਸੁਆਗਤ ਅਤੇ ਧੰਨਵਾਦ ਕਰਦਾ ਹਾਂ ।,துடிப்புமிக்க குஜராத் நிகழ்வில் பங்கேற்பு நாடுகளாக உள்ள 15 நாடுகளுக்கும் வரவேற்பையும் நன்றியையும் தெரிவித்துக் கொள்கிறேன்.,వైబ్రంట్ గుజ‌రాత్ తాజా సంచిక లో పాలుపంచుకొంటున్న 15 భాగ‌స్వామ్య దేశాల‌ కు కృత‌జ్ఞ‌త‌లు తెలియజేస్తూ వారి కి నేను ప్ర‌త్యేకంగా స్వాగ‌తం ప‌లుకుతున్నాను.,میں خاص طور پر درخشاں کے اس ایڈیشن کے 15 ساجھیدار ملکوں کا خاص طور سے خیر مقدم کرتا ہوں۔
130 crore Indian will give a befitting reply to any such act or attack.,"বহু শক্তিশালী দেশেও ইতিমধ্যেই এই সন্ত্ৰাসবাদী আক্ৰমণক তীব্ৰ গৰিহণা দিছে আৰু সদায়েই ভাৰতৰ বিপদৰ সময়ত কাষত থকাৰ প্ৰতিশ্ৰুতি দি আহিছে, তেওঁলোকে এইক্ষেত্ৰতো ভাৰতৰ প্ৰতি সহায় আগবঢ়োৱাৰ প্ৰতিশ্ৰুতি দিছে।",১৩০ কোটি ভারতীয় যেকোন ধরনের জঙ্গি হামলার সমুচিত জবাব দেবে।,"130 કરોડ હિંદુસ્તાઓ આ પ્રકારનાં દરેક ષડયંત્ર, આ પ્રકારનાં દરેક હુમલાનો કમરતોડ જવાબ આપશે.","130 करोड़ हिन्‍दुस्‍तानी ऐसी हर साजिश, ऐसे हर हमले का मुंहतोड़ जवाब देगा।",130 ಕೋಟಿ ಭಾರತೀಯರು ಅಂಥ ಯಾವುದೇ ಕೃತ್ಯ ಅಥವಾ ದಾಳಿಗೆ ತಕ್ಕ ಉತ್ತರ ಕೊಡುತ್ತಾರೆ.,ഇത്തരം ഏതൊരു ഒരു പ്രവൃത്തിക്കോ ആക്രമണത്തിനും 130 കോടി ജനങ്ങളും തക്കതായ മറുപടി നല്‍കും.,অসিগুম্বা থৌদোক অসি ভারতমচা ক্রোর ১৩০না মতিক চাবা পাউখুম পীগনি।,130 कोटी भारतीय अशा प्रकारच्या प्रत्येक हल्ल्याला प्रत्युत्तर देईल.,"130 କୋଟି ଭାରତୀୟ ଏପରି ପ୍ରତ୍ୟେକ ଷଡ଼ଯନ୍ତ୍ର, ଏପରି ପ୍ରତ୍ୟେକ ଆକ୍ରମଣର କଡା ଜବାବ ଦେବ ।","130 ਕਰੋੜ ਹਿੰਦੁਸਤਾਨੀ ਅਜਿਹੀ ਹਰ ਸਾਜਿਸ਼ , ਅਜਿਹੇ ਹਰ ਹਮਲੇ ਦਾ ਮੂੰਹ ਤੋੜ ਜਵਾਬ ਦੇਵੇਗਾ।",இதுபோன்ற எந்தவொரு நடவடிக்கைக்கும் அல்லது தாக்குதலுக்கும் 130 கோடி இந்தியர்களும் சரியான பதிலடி தருவார்கள்.,"130 కోట్ల మంది భార‌తీయులు అటువంటి ఏ చేష్ట‌కు గాని, లేదా దాడి కి గాని దీటైన స‌మాధానాన్ని ఇస్తారు.",130 کروڑ ہندوستانی ایسی ہر سازش، ایسے ہر حملے کا منہ توڑ جواب دیگا۔
The Union Cabinet chaired by Prime Minister Shri Narendra Modi has been apprised of the Memorandum of Understanding (MoU) on India-Italy Cooperation in Renewable Energy between India and Italy.,প্ৰধান মন্ত্ৰী শ্ৰী নৰেন্দ্ৰ মেদীৰ পৌৰোহিত্যত অনুষ্ঠিত কেন্দ্ৰীয় কেবিনেটৰ বৈঠকত ভাৰত আৰু ইটালীৰ মাজত পুনঃনৱীকৰণযোগ্য শক্তিৰ ক্ষেত্ৰত বুজাবুজিৰ চূক্তিক সমৰ্থন জনোৱা হয়।,প্রধানমন্ত্রী শ্রী নরেন্দ্র মোদীর পৌরহিত্যে আয়োজিত কেন্দ্রীয়মন্ত্রিসভার বৈঠকে আজ ভারত ও ইতালীর মধ্যে পুনর্নবীকণযোগ্য শক্তিক্ষেত্রে সহযোগিতাসংক্রান্ত সমঝোতার বিষয়ে অবগত করানো হয়।,પ્રધાનમંત્રી શ્રી નરેન્દ્ર મોદીની અધ્યક્ષતામાં મળેલા કેન્દ્રિય મંત્રીમંડળને ભારત અને ઇટાલી વચ્ચે અક્ષય ઊર્જાનાં ક્ષેત્રમાં સાથસહકાર સ્થાપિત કરવા ઇન્ડિયા-ઇટાલી કોઓપરેશન સમજૂતીકરાર (એમઓયુ) અંગે માહિતી આપવામાં આવી હતી.,प्रधानमंत्री श्री नरेन्‍द्र मोदी की अध्‍यक्षता में केंद्रीय मंत्रिमंडल को नवीकरणीय ऊर्जा के क्षेत्र में सहयोग के लिए भारत और इटली के बीच हुए एमओयू के बारे में अवगत कराया गया।,ಪ್ರಧಾನಮಂತ್ರಿ ಶ್ರೀ ನರೇಂದ್ರ ಮೋದಿ ಅವರ ಅಧ್ಯಕ್ಷತೆಯಲ್ಲಿ ನಡೆದ ಕೇಂದ್ರ ಸಚಿವ ಸಂಪುಟ ಸಭೆಗೆಭಾರತ ಮತ್ತು ಇಟಲಿ ನಡುವೆ ನವೀಕರಿಸಬಹುದಾದ ಇಂಧನ ಕ್ಷೇತ್ರದಲ್ಲಿನ ಸಹಕಾರಕ್ಕಾಗಿ ಸಹಿ ಹಾಕಲಾಗಿರುವ ತಿಳಿವಳಿಕೆ ಒಪ್ಪಂದದ ಬಗ್ಗೆ ವಿವರ ನೀಡಲಾಯಿತು.,പുനരുല്‍പ്പാദന ഊര്‍ജ്ജ മേഖലയില്‍ സഹകരിക്കുന്നതിന് ഇന്ത്യയും ഇറ്റലിയും തമ്മില്‍ ഒപ്പുവെച്ച ധാരണാപത്രം പ്രധാനമന്ത്രി ശ്രീ.നരേന്ദ്ര മോദിയുടെ അധ്യക്ഷതയില്‍ ചേര്‍ന്ന കേന്ദ്ര മന്ത്രിസഭായോഗം വിലയിരുത്തി.,প্রধানমন্ত্রী শ্রী নরেন্দ্র মোদীনা লুচিংবা কেন্দ্রগী মন্ত্রীমন্দলনা ভারত অমসুং ইতালিগী মরক্তা ইন্দিয়া-ইতালি কোওপরেসন ইন রিন্যুএবল ইনর্জিদা তৌনখিবা মেমোরেন্দম ওফ অন্দর্সতেন্দিং অদু চৎনহনখ্রে ।,पंतप्रधान नरेंद्र मोदी यांच्या अध्यक्षतेखाली केंद्रीय मंत्रिमंडळाला नवीकरणीय ऊर्जा क्षेत्रात सहकार्याबाबत भारत आणि इटली यांच्यातील सामंजस्य कराराबाबत अवगत करण्यात आले.,ପ୍ରଧାନମନ୍ତ୍ରୀ ଶ୍ରୀ ନରେନ୍ଦ୍ର ମୋଦୀଙ୍କ ଅଧ୍ୟକ୍ଷତାରେ ଅନୁଷ୍ଠିତ କେନ୍ଦ୍ର କ୍ୟାବିନେଟ ବୈଠକରେ ଅକ୍ଷୟ/ନବୀକରଣଯୋଗ୍ୟ ଶକ୍ତି କ୍ଷେତ୍ରରେ ଭାରତ ଏବଂ ଇଟାଲୀ ମଧ୍ୟରେ ହୋଇଥିବା ବୁଝାମଣାପତ୍ର (ଏମଓୟୁ)କୁ ଅନୁମୋଦନ ମିଳିଛି ।,ਪ੍ਰਧਾਨ ਮੰਤਰੀ ਸ਼੍ਰੀ ਨਰੇਂਦਰ ਮੋਦੀ ਦੀ ਅਗਵਾਈ ਹੇਠ ਕੇਂਦਰੀ ਮੰਡਲ ਨੂੰ ਭਾਰਤ ਅਤੇ ਇਟਲੀ ਦਰਮਿਆਨ ਅਖੁੱਟ ਊਰਜਾ ਦੇ ਖੇਤਰ ਵਿੱਚ ਸਹਿਯੋਗ ਲਈ ਹਸਤਾਖ਼ਰ ਹੋਏ ਸਹਿਮਤੀ ਪੱਤਰ ਤੋਂ ਜਾਣੂ ਕਰਵਾਇਆ ਗਿਆ।,"பிரதமர் திரு.நரேந்திர மோடியின் தலைமையின் கீழ் நடைபெற்ற மத்திய அமைச்சரவையிடம், இந்தியா மற்றம் இத்தாலி இடையே புதுப்பிக்கத்தக்க எரிசக்தி துறையில் கூட்டுறவிற்கான புரிந்துணர்வு உடன்படிக்கை குறித்து எடுத்துரைக்கப்பட்டது.",న‌వీక‌ర‌ణ యోగ్య శ‌క్తి రంగంలో భార‌త‌దేశం మ‌రియు ఇట‌లీ ల మ‌ధ్య స‌హ‌కారానికి ఒక అవ‌గాహ‌నపూర్వ‌క ఒప్పందాన్ని (ఎమ్ఒయు) కుదుర్చుకొన్న సంగ‌తిని ప్ర‌ధాన మంత్రి శ్రీ న‌రేంద్ర మోదీ అధ్య‌క్ష‌త‌న జరిగిన కేంద్ర మంత్రివ‌ర్గ స‌మావేశం దృష్టికి తీసుకువచ్చారు.,نئی دہلی، 3جنوری 2018/مرکزی کابینہ کی میٹنگ کو جس کی صدارت وزیراعظم جناب نریندر مودی نے کی ہندستان اور اٹلی کے درمیان قابل تجدید توانائی کے سلسلہ میں تعاون کے دونوں ملکوں کے مفاہمت نامہ (ایم او یو) کی تفصیلات سے آگاہ کیا گیا۔
“Wishing everyone a Merry Christmas.,"এক বাৰ্তাত প্ৰধানমন্ত্ৰীয়ে কয়, “সকলোকে বৰদিন শুভেচ্ছা জনাইছো।",“সকলকেই শুভ ও আনন্দময় ক্রিসমাসের শুভেচ্ছা জানাই।,"પ્રધાનમંત્રીએ કહ્યું હતું કે, “દરેકને નાતાલની શુભેચ્છા.","अपने संदेश में प्रधानमंत्री ने कहा, ‘सभी लोगों के लिए क्रिसमस की शुभकामनाएं हैं।",“ ಪ್ರತಿಯೊಬ್ಬರಿಗೂ ಕ್ರಿಸ್ಮಸ್ ಹಬ್ಬದ ಶುಭಾಶಯಗಳು.,” എല്ലാവർക്കും ആഹ്ലാദകരമായ ഒരു ക്രിസ്തുമസ് ആശംസിക്കുന്നു.,"প্রধান মন্ত্রীনা হায়খি, “নুংঙাইরবা খৃস্তমাস লাকপদা মীপুম খুদিংমক য়াইফ-পাউজেল পীজরি।",”सर्वांना नाताळच्या शुभेच्छा.,“ସମସ୍ତଙ୍କୁ ଖ୍ରୀଷ୍ଟମାସ୍ ଶୁଭେଚ୍ଛା ଜଣାଉଛି ।,"ਪ੍ਰਧਾਨ ਮੰਤਰੀ ਨੇ ਕਿਹਾ, “ਸਾਰਿਆਂ ਨੂੰ ਕ੍ਰਿਸਮਸ ਦੀਆਂ ਵਧਾਈਆਂ।",“அனைவருக்கும் மகிழ்ச்சியான கிறிஸ்துமஸ் வாழ்த்துகள்.,“ప్రతి ఒక్క‌రికీ క్రిస్మ‌స్ శుభాకాంక్ష‌లు.,وزیراعظم نے اپنے پیغام میں کہا ہے کہ ہر ایک کو میری کرسمس کی مبارک باد ۔
Digital copies of 100 Netaji Files were released by the PM in January 2018 in public domain at National Archives of India.,ভাৰতীয় ৰাষ্ট্ৰীয় অভিলেখাগাৰত আয়োজিত এক অনুষ্ঠানত যোৱা বছৰৰ জানুৱাৰী মাহত প্ৰধানমন্ত্ৰী মোদীয়ে নেতাজী সম্পর্কীয় ১০০টা ফাইলৰ ডিজিটেল সংস্কৰণ জনতাৰ বাবে প্রকাশ কৰে।,ভারতীয় জাতীয় মহাফেজখানায় আয়োজিত এক অনুষ্ঠানে গত বছরের জানুয়ারি মাসে শ্রী মোদী নেতাজী সম্পর্কিত ১০০টি ফাইলের ডিজিটাল সংস্করণ জনসমক্ষে প্রকাশ করেন।,"પ્રધાનમંત્રીએ નેશનલ આર્કાઈવ્ઝ ઓફ ઈન્ડિયા ખાતે જાહેર નિરીક્ષણ માટે જાન્યુઆરી, 2018માં નેતાજી અંગેની 100 ફાઈલોની ડીજીટલ નકલો બહાર પાડી હતી.","राष्ट्रीय अभिलेखागार में प्रधानमंत्री ने जनवरी, 2018 में नेताजी की फाइलों की 100 डिजिटल प्रतियों को सार्वजनिक किया था।",2018 ರ ಜನವರಿಯಲ್ಲಿ ನೇತಾಜಿಯವರಿಗೆ ಸಂಬಂಧಿಸಿದ 100 ಕಡತಗಳ ಡಿಜಿಟಲ್ ಪ್ರತಿಗಳನ್ನು ಪ್ರಧಾನಮಂತ್ರಿ ಅವರು ಭಾರತೀಯ ರಾಷ್ಟ್ರೀಯ ಪುರಾತತ್ವದ ಸಾರ್ವಜನಿಕ ಡೊಮೈನ್ ನಲ್ಲಿ ಬಿಡುಗಡೆ ಮಾಡಿದ್ದರು.,2018 ജനുവരിയില്‍ നാഷണല്‍ ആര്‍ക്കൈവ്‌സ ഓഫ് ഇന്ത്യയില്‍ വച്ച് നേതാജിയുമായി ബന്ധപ്പെട്ട 100 ഫയലുകളുടെ ഡിജിറ്റല്‍ പകര്‍പ്പ് പ്രധാനമന്ത്രി പൊതു സമൂഹത്തിനായി പുറത്തിറക്കി.,১০০ নেতাজী ফাইল্সকী দিজিতেল কোপীশিং প্রধান মন্ত্রীনা নেস্নেল অর্কাইব ওফ ইন্দিয়াদা পব্লিক দোমেন্দা ২০১৮গী জনুৱারী থাদা রিলিজ তৌখি।,पंतप्रधानांनी जानेवारी 2018 मध्ये नेताजींशी संबंधित फाइल्सच्या 100 डिजिटल प्रतींचे भारतीय राष्ट्रीय पुराभिलेखाच्या डोमेनवर अनावरण केले.,ଭାରତୀୟ ଜାତୀୟ ଅଭିଲେଖାଗାରଠାରେ ଜାନୁଆରୀ 2018ରେ ପ୍ରଧାନମନ୍ତ୍ରୀ 100ଟି ନେତାଜୀ ଫାଇଲର ଡିଜିଟାଲ କପି ଜାରି କରିଥିଲେ ।,"ਰਾਸ਼ਟਰੀ ਪੁਰਾਲੇਖੇ ਵਿੱਚ ਪ੍ਰਧਾਨ ਮੰਤਰੀ ਨੇ ਜਨਵਰੀ, 2018 ਵਿੱਚ ਨੇਤਾਜੀ ਦੀਆਂ ਫਾਈਲਾਂ ਦੀਆਂ 100 ਡਿਜੀਟਲ ਕਾਪੀਆਂ ਨੂੰ ਜਨਤਕ ਕੀਤਾ ਸੀ।",நேதாஜியின் 100 கோப்புகளின் டிஜிட்டல் பிரதிகள் இந்திய தேசிய ஆவணக் காப்பகத்தின் பொது இணைய தளத்தில் ஜனவரி 2018-ல் பிரதமர் வெளியிட்டார்.,నేతాజీ కి చెందిన 100 ఫైళ్ల డిజిట‌ల్ ప్ర‌తుల‌ ను ప్రధాన మంత్రి 2018వ సంవ‌త్స‌రం జ‌న‌వ‌రి లో నేశ‌న‌ల్ ఆర్కైవ్స్ ఆఫ్ ఇండియా లో బహిరంగపరచారు.,اسی تعلق سے جنوری 2018 میں نیشنل آرکائیوآف انڈیا کو نیتا جی کی فائلوں کی 100 ڈیجیٹل نقول فراہم کرائی گئی تھی۔
"The Prime Minister, Shri Narendra Modi, today launched the Ease of Doing Business Grand Challenge at an event in Lok Kalyan Marg in New Delhi.",প্ৰধানমন্ত্ৰী শ্ৰী নৰেন্দ্ৰ মোদীয়ে আজি নতুন দিল্লীৰ লোক কল্যান মাৰ্গত সহজে ব্যৱসায় কৰাৰ প্ৰধান প্ৰত্যাহ্বান শীৰ্ষক কাৰ্যসূচীৰ শুভাৰম্ভ কৰে৷,ধানমন্ত্রী শ্রী নরেন্দ্র মোদী আজ নতুনদিল্লীতে লোককল্যাণ মার্গে এক অনুষ্ঠানে সহজে ব্যবসার সুযোগ বিষয়ে মহা চ্যালেঞ্জ কর্মসূচির সূচনা করেছেন।,પ્રધાનમંત્રી શ્રી નરેન્દ્ર મોદીએ આજે નવી દિલ્હીમાં લોક કલ્યાણ માર્ગ ખાતે એક કાર્યક્રમમાં ઇઝ ઑફ ડૂઇંગ બિઝનેસ ગ્રાન્ડ ચેલેન્જ લોંચ કરી હતી.,प्रधानमंत्री श्री नरेन्द्र मोदी ने आज नई दिल्ली में लोक कल्याण मार्ग पर हुए एक कार्यक्रम में ‘ईज़ ऑफ डूइंग बिजनेस’ (ईओडीबी) यानी ‘कारोबार करने में आसानी’ को लेकर महा चुनौती की शुरुआत की।,ಪ್ರಧಾನ ಮಂತ್ರಿ ಶ್ರೀ ನರೇಂದ್ರ ಮೋದಿ ಅವರಿಂದು ವ್ಯಾಪಾರೋದ್ಯಮ ನಡೆಸಲು ಅನೂಕೂಲಕರ ವಾತಾವರಣಕ್ಕೆ ಸಂಬಂಧಿಸಿದ ಗ್ರಾಂಡ್ ಚಾಲೆಂಜ್ ಕಾರ್ಯಕ್ರಮಕ್ಕೆ ಹೊಸದಿಲ್ಲಿಯ ಲೋಕ ಕಲ್ಯಾಣ ಮಾರ್ಗದಲ್ಲಿ ನಡೆದ ಸಮಾರಂಭದಲ್ಲಿ ಚಾಲನೆ ನೀಡಿದರು.,ന്യൂഡെല്‍ഹിയിലെ കല്യാണ്‍ മാര്‍ഗില്‍ നടന്ന ചടങ്ങില്‍ ബിസിനസ് ചെയ്യുന്നത് എളുപ്പമാക്കുന്നതു സംബന്ധിച്ച ഗ്രാന്റ് ചലഞ്ചിന്റെ ഉദ്ഘാടനം പ്രധാനമന്ത്രി ശ്രീ.,ঙসি ন্যু দিল্লিগী লোক কালয়ান মার্গতা পাংথোকপা থৌরম অমদা প্রধান মন্ত্রী নরেন্দ্র মোদীনা ইজ ওফ দুইং ব্যুজিনেস গ্রান্দ চেলেঞ্জ হৌদোকখ্রে।,"नवी दिल्ली येथील लोक कल्याण मार्ग येथे आयोजित कार्यक्रमात आज पंतप्रधान नरेंद्र मोदी यांनी, ”व्यवसाय सुलभीकरण -एक आव्हान” चे उदघाटन केले.",ପ୍ରଧାନମନ୍ତ୍ରୀ ଶ୍ରୀ ନରେନ୍ଦ୍ର ମୋଦୀ ଆଜି ନୂଆଦିଲ୍ଲୀସ୍ଥିତ ଲୋକ କଲ୍ୟାଣ ମାର୍ଗର ଏକ କାର୍ଯ୍ୟକ୍ରମରେ ବ୍ୟବସାୟିକ ସୁଗମତା ଗ୍ରାଣ୍ଡ ଚାଲେଞ୍ଜ କାର୍ଯ୍ୟକ୍ରମର ଶୁଭାରମ୍ଭ କରିଛନ୍ତି ।,"ਪ੍ਰਧਾਨ ਮੰਤਰੀ, ਸ਼੍ਰੀ ਨਰੇਂਦਰ ਮੋਦੀ ਨੇ ਅੱਜ ਨਵੀਂ ਦਿੱਲੀ ਦੇ ਲੋਕ ਕਲਿਆਣ ਮਾਰਗ ਵਿਖੇ ਆਯੋਜਿਤ ਇਕ ਸਮਾਰੋਹ ਵਿੱਚ ਈਜ਼ ਆਵ੍ ਡੂਇੰਗ ਬਿਜ਼ਨਸ ਗਰੈਂਡ ਚੈਲੰਜ ਦੀ ਸ਼ੁਰੂਆਤ ਕੀਤੀ।","இந்தியாவில் தொழில், வணிகம் தொடங்குவதற்கான மிகப் பெரிய அளவிலான அழைப்புக்கான திட்டத்தைப் பிரதமர் திரு. நரேந்திர மோடி இன்று (நவம்பர் 19) புது தில்லி லோக் கல்யாண் மார்கில் தொடங்கிவைத்தார்.",‘ఈజ్ ఆఫ్ డూయింగ్ బిజినెస్ గ్రాండ్ చాలెంజ్’ను న్యూ ఢిల్లీ లోని లోక్ క‌ళ్యాణ్ మార్గ్ లో నేడు జ‌రిగిన ఒక కార్య‌క్ర‌మం లో ప్ర‌ధాన మంత్రి శ్రీ న‌రేంద్ర మోదీ ప్రారంభించారు.,نئی دہلی20 نومبر۔وزیراعظم جناب نریندر مودی نے آج نئی دہلی کے لوک کلیان مارگ میں منعقد ایک تقریب میں ،’’ ایز آف ڈوئنگ بزنس گرینڈ چیلنج ‘‘ کا آغاز کیا ۔
The Prime Minister said that people-to-people ties are the strength of India-Myanmar relations.,প্ৰধানমন্ত্ৰীয়ে কয় যে ভাৰত-ম্যানমাৰৰ লোকসকলৰ সম্পৰ্কই দুয়ো দেশৰ সম্পৰ্কক শক্তিশালী কৰি তুলিব।,দু’দেশের জনসাধারণের মধ্যে পারস্পরিক সংযোগ ওযোগাযোগ যে ভারত-মায়ানমার সম্পর্কে শক্তি বৃদ্ধি করে চলেছে একথাও উল্লেখ করেনপ্রধানমন্ত্রী তাঁর এদিনের বক্তব্যে।,પ્રધાનમંત્રીએ જણાવ્યું હતું કે જન-સંપર્કથી જ ભારત અને મ્યાનમારના સંબંધો મજબૂત બનશે.,प्रधानमंत्री ने कहा कि लोगों से लोगों का सम्‍पर्क ही भारत-म्यांमार संबंधों की ताकत हैं।,ಭಾರತ ಮತ್ತು ಮ್ಯಾನ್ಮಾರ್ ಬಾಂಧವ್ಯದಲ್ಲಿ ಜನರೊಂದಿಗಿನ ಸಂಪರ್ಕ ನಮ್ಮ ಬಲವಾಗಿದೆ ಎಂದರು.,ജനങ്ങള്‍ തമ്മിലുള്ള ബന്ധമാണ് ഇന്ത്യ-മ്യാന്‍മര്‍ ബന്ധത്തിന്റെ കരുത്തെന്നും അദ്ദേഹം പറഞ്ഞു.,প্রধানমন্ত্রীনা হায়খি মদুদি পিপল-তু-পিপল লিপুন অসি ভারত-ম্যানমার মরিগী পাঙ্গলনি ।,उभय देशातील लोकांचे एकमेकांसोबत असलेले संबंध हेच भारत-म्यानमार संबंधांची शक्ती आहे.,ପ୍ରଧାନମନ୍ତ୍ରୀ କହିଲେ ଯେ ଭାରତ-ମିଆଁମାର ସମ୍ପର୍କର ଶକ୍ତି ହେଉଛି ଉଭୟ ଦେଶର ଜନସାଧାରଣଙ୍କ ମଧ୍ୟରେ ଯୁଗ ଯୁଗର ବନ୍ଧନ ।,ਪ੍ਰਧਾਨ ਮੰਤਰੀ ਨੇ ਕਿਹਾ ਕਿ ਲੋਕਾਂ ਦਾ ਲੋਕਾਂ ਨਾਲ ਸੰਪਰਕ ਹੀ ਭਾਰਤ-ਮਿਆਂਮਰ ਦੀ ਤਾਕਤ ਹੈ ।,இந்தியா – மியான்மர் உறவுகளில் மக்களுக்கு இடையிலான உறவுகள் தான் பலமாக உள்ளன என்று பிரதமர் கூறினார்.,భార‌త‌దేశం మ‌రియు మ‌య‌న్మార్ సంబంధాల‌లోని శ‌క్తి ఇరుదేశాల ప్ర‌జ‌ల‌ మ‌ధ్య నెల‌కొన్న సంబంధాలేన‌ని ప్ర‌ధాన మంత్రి చెప్పారు.,وزیراعظم نے کہا کہ بھارت ۔میانمارتعلقات میں عوام سے عوام کے مابین تعلقات ہی اس کی اصل قوت ہیں ۔
"He said that the shared resolve of India and Bangladesh, against cruelty and terrorism, will continue to inspire future generations through the Bangladesh Bhavan.","সন্ত্রাস আৰু নিষ্ঠুৰতাৰ বিৰুদ্ধে ভাৰত আৰু বাংলাদেশে জেহাদ ঘোষণাৰ যি সংকল্প গ্রহণ কৰিছে, সেইটোৱে ভৱিষ্যৎ প্রজন্মক বাংলাদেশ ভৱনৰ মাধ্যমেৰে অনুপ্রাণিত কৰি যাব।","সন্ত্রাস ও নিষ্ঠুরতার বিরুদ্ধে জেহাদ ঘোষণার যে সঙ্কল্প গ্রহণ করেছে ভারত ও বাংলাদেশ, তা ভবিষ্যৎ প্রজন্মকেও অনুপ্রাণিত করে যাবে বাংলাদেশ ভবনের মাধ্যমে।",તેમણે કહ્યું કે ભારત અને બાંગ્લાદેશની ક્રૂરતા અને આતંકવાદ વિરુદ્ધની સહભાગી પ્રતિબદ્ધતાઓ બાંગ્લાદેશ ભવનના માધ્યમથી આવનારા ભવિષ્યની પેઢીઓને પ્રેરણા આપતી રહેશે.,उन्होंने कहा कि क्रूरता और आतंकवाद के खिलाफ भारत और बांग्लादेश की प्रतिबद्धता बांग्लादेश भवन के माध्‍यम से भविष्य की पीढ़ियों को प्रेरणा देती रहेगी।,"ಭಾರತ ಮತ್ತು ಬಾಂಗ್ಲಾದೇಶ ಎರಡೂ ರಾಷ್ಟ್ರಗಳು ಹಿಂಸೆ ಮತ್ತು ಭಯೋತ್ಪಾದನೆ ವಿರುದ್ಧ ಹೋರಾಡುವ ಪಣ ತೊಟ್ಟಿವೆ, ಬಾಂಗ್ಲಾದೇಶ ಭವನ ಮೂಲಕ ಮುಂದಿನ ತಲೆಮಾರುಗಳಿಗೆ ಸ್ಫೂರ್ತಿ ದೊರಕಲಿದೆ ಎಂದರು.","ഭീകരവാദം, ക്രൂരത എന്നവയ്‌ക്കെതിരായ ഇന്ത്യയുടെയും, ബംഗ്ലാദേശിന്റെയും പൊതുവായ നിശ്ചയദാര്‍ഢ്യം ബംഗ്ലാദേശ് ഭവനിലൂടെ പ്രചോദിപ്പിക്കുമെന്ന് അദ്ദേഹം പറഞ്ഞു.",চপ মান্নবা মওংদা গুরুদেব রবীন্দ্রনাথ তেগোরবু ভারত্তা ইকায় খুম্নরিবা অদুগুম্না বঙ্গলাদেশতা ইকায় খুম্নৈ হায়না মহাক্না ফোংদোকখি।,"भारत आणि बांगलादेशचा क्रौर्य आणि दहशतवादाविरोधातील लढा यापुढेही कायम राहील, आणि बांगलादेश भवनाच्या माध्यमातनू भावी पिढ्यांना प्रेरणा देत राहिल, असे ते म्हणाले.",ସେ କହିଥିଲେ ଯେ ଆତଙ୍କବାଦର ନିଷ୍ଠୁରତା ବିରୋଧରେ ଭାରତ ଏବଂ ବାଂଲାଦେଶର ମିଳିତ ସଂକଳ୍ପ ବାଂଲାଦେଶ ଭବନ ଜରିଆରେ ଭବିଷ୍ୟତ ପିଢ଼ିକୁ ପ୍ରେରଣା ଯୋଗାଇବ ।,ਉਨ੍ਹਾਂ ਕਿਹਾ ਕਿ ਕਰੂਰਤਾ ਅਤੇ ਆਤੰਕਵਾਦ ਦੇ ਖਿਲਾਫ਼ ਭਾਰਤ ਅਤੇ ਬੰਗਲਾਦੇਸ਼ ਦੀ ਪ੍ਰਤੀਬੱਧਤਾ ਬੰਗਲਾਦੇਸ਼ ਭਵਨ ਰਾਹੀਂ ਭਵਿੱਖ ਦੀਆਂ ਪੀੜੀਆਂ ਨੂੰ ਪ੍ਰੇਰਣਾ ਦਿੰਦੀ ਰਹੇਗੀ।,"கொடுமைகள், தீவிரவாதம் ஆகியவற்றுக்கு எதிராக இந்தியாவும் வங்காளதேசமும் இணைந்து மேற்கொண்ட தீர்மானம், வங்காள பவனத்தின் மூலம் எதிர்காலத் தலைமுறையைத் தொடர்ந்து ஈர்க்கும் என்று அவர் குறிப்பிட்டார்.","క్రూర‌త్వానికి, ఉగ్ర‌వాదానికి విరుద్ధంగా భార‌త‌దేశం మ‌రియు బాంగ్లాదేశ్ లు క‌ల‌సి చెప్పుకొన్న సంక‌ల్పం బాంగ్లాదేశ్ భ‌వ‌న్ సాక్షిగా భావి త‌రాల‌ వారికి స్ఫూర్తి ని అందిస్తూ ఉంటుంద‌ని ఆయ‌న అన్నారు.",انہوں نے کہا کہ ظلم و زیادتی اور دہشت گردی کے خلاف ہندوستان او ربنگلہ دیش کا مشترکہ عزم بنگلہ دیش بھون کے ذریعے مستقبل کی نسلوں کو تحریک دلاتا رہے گا۔
"In the same vein, he said that Gurudev Rabindranath Tagore belongs to Bangladesh, as much as to India.",প্ৰসংগক্ৰমে তেওঁ কয় যে কবিগুৰু ৰবীন্দ্ৰনাথ ঠাকুৰ ভাৰতৰ দৰে বাংলাদেশবাসীৰো শ্ৰদ্ধাৰ।,"এই প্রসঙ্গেরই সূত্র ধরে শ্রী মোদী বলেন, গুরুদেব রবীন্দ্রনাথ যতটা ভারতবর্ষের, ঠিক ততটাই বাংলাদেশেরও।","એ જ દિશામાં, તેમણે કહ્યું કે ગુરુદેવ રવીન્દ્રનાથ ટાગોર બાંગ્લાદેશના પણ એટલા જ છે જેટલા તેઓ ભારતના છે.",उन्होंने कहा कि गुरुदेव रवीन्द्र नाथ टैगोर उतने ही बांग्लादेश के हैं जितने भारत के।,ಅದೇ ರೀತಿ ಗುರುದೇವ ರವೀಂದ್ರನಾಥ ಠಾಗೂರ್ ಅವರು ಭಾರತಕ್ಕಿಂತ ಹೆಚ್ಚಾಗಿ ಬಾಂಗ್ಲಾದೇಶಕ್ಕೆ ಸೇರಿದವರು ಎಂಬ ನಂಬಿಕೆ ಇದೆ.,ഗുരുദേവ് രവീന്ദ്രനാഥ് ടാഗോര്‍ ഇന്ത്യയ്‌ക്കെന്താണോ അതുതന്നെയാണ് ബംഗ്ലാദേശിനെന്നും അദ്ദേഹം ചൂണ്ടിക്കാട്ടി.,বঙ্গবন্ধু সৈখ মুজিবুর রেহমানবু ভারত অমসুং বঙ্গলাদেশ অনিমক্তা চপ মান্ননা ইকায় খুম্নৈ হায়না মহাক্না ফোংদোকখি।,"त्याचप्रमाणे गुरुदेव रवींद्रनाथ टागोरांची शिकवण बांगलादेश आणि भारतासाठीही तशीच महत्त्वाची आहे, असे त्यांनी सांगितले.",ସେହିପରି ଗୁରୁଦେବ ରବୀନ୍ଦ୍ରନାଥ ଟାଗୋର ଯେତିକି ବାଂଲାଦେଶର ସେତିକି ଭାରତର ମଧ୍ୟ ।,ਉਨ੍ਹਾਂ ਨੇ ਕਿਹਾ ਕਿ ਗੁਰੂਦੇਵ ਰਬਿੰਦਰਨਾਥ ਟੈਗੋਰ ਓਨੇ ਹੀ ਬੰਗਲਾਦੇਸ਼ ਦੇ ਹਨ ਜਿੰਨੇ ਭਾਰਤ ਦੇ।,இந்தியாவுக்கு எப்படியோ அப்படியே வங்காளத் தேசத்திற்கும் ரவீந்திர நாத தாகூர் உரியவர் என்று அவர் கூறினார்.,"మ‌రి ఇదే విధంగా, గురుదేవ్ ర‌వీంద్ర‌నాథ్ టాగోర్ భార‌త‌దేశానికి చెందిన వారు గానే బాంగ్లాదేశ్ కు కూడా చెందిన వారని ఆయ‌న అన్నారు.",اسی سلسلے میں انہوں نے کہا کہ گرودیو رابندر ناتھ ٹیگور کا اتنا ہی تعلق بنگلہ دیش سے ہے، جتنا ہندوستان سے۔
"One Swachh Innovation, one Swachh Best Practice, and one Swachh Entrepreneur will also receive awards from the Prime Minister.","স্বচ্ছ উদ্ভাৱন, স্বচ্চ উত্তম অনুশীলন আৰু স্বচ্ছ উদ্যোগীৰ বঁটাও প্ৰদান কৰিব প্ৰধানমন্ত্ৰীয়ে।","এক স্বচ্ছ উদ্ভাবন প্রক্রিয়া, একটি স্বচ্ছ ও সেরা কর্ম পদ্ধতি এবং একটি স্বচ্ছ শিল্পোদ্যোগের জন্যও সংশ্লিষ্টদের হাতে পুরস্কার তুলে দেবেন তিনি।","સ્વચ્છતામાં નવીનીકરણ માટે એક, સ્વચ્છતામાં ઉત્કૃષ્ઠ દેખાવ માટે એક અને એક સ્વચ્છતા સંબંધી ઉદ્યોગસાહસિકને પ્રધાનમંત્રી તરફથી પુરસ્કૃત કરવામાં આવશે.","प्रधानमंत्री स्‍वच्‍छता से जुड़े एक नवोन्मेष, एक श्रेष्ठ कार्यपद्धति और एक स्वच्छ उद्यमी को भी सम्मानित करेंगे।","ಒಂದು ಸ್ವಚ್ಚ ಅನ್ವೇಷಣೆ, ಒಂದು ಸ್ವಚ್ಚ ಅತ್ಯುತ್ತಮ ಪದ್ದತಿ, ಒಂದು ಸ್ವಚ್ಚ ಉದ್ಯಮ ಪ್ರಶಸ್ತಿಗಳನ್ನು ಪ್ರಧಾನ ಮಂತ್ರಿಯವರು ನೀಡುವರು.","ശുചീകരണവുമായി ബന്ധപ്പെട്ട ഒരു പുതിയ ആശയം, ഒരു പുതിയ ശീലം എന്നിവയ്ക്ക് പുറമെ ഒരു ശുചിത്വ സംരംഭകനും പുരസ്‌ക്കാരം ലഭിക്കും.","স্বচ্ছ ইনোবেসন অমা, স্বচ্ছ বেস্ত প্রেক্তিস অমা অমসুং স্বচ্ছ ইন্ত্রপ্রিনর অমনসু প্রধান মন্ত্রীদগী মনাশিং লৌগনি।","स्वच्छ संशोधन, स्वच्छ सर्वोत्तम पद्धती आणि स्वच्छ उद्योजक यांनाही पंतप्रधानांच्या हस्ते पुरस्कार दिले जातील.","ସେହିପରି ଗୋଟିଏ ଲେଖାଏଁ ସ୍ଵଚ୍ଛ ନବସୃଜନ, ସ୍ଵଚ୍ଛ କାର୍ଯ୍ୟ ପଦ୍ଧତି ଏବଂ ସ୍ଵଚ୍ଛ ଉଦ୍ୟୋଗୀ ପ୍ରଧାନମନ୍ତ୍ରୀଙ୍କଠାରୁ ପୁରସ୍କାର ଗ୍ରହଣ କରିବେ ।","ਸਵੱਛ ਇਨੋਵੇਸ਼ਨ, ਸਵੱਛ ਸਰਬਸ੍ਰੇਸ਼ਠ ਪ੍ਰੈਕਟਿਸ ਅਤੇ ਸਵੱਛ ਉੱਦਮੀ ਨੂੰ ਵੀ ਪ੍ਰਧਾਨ ਮੰਤਰੀ ਪੁਰਸਕਾਰ ਦੇਣਗੇ।","தூய்மை புதுமைப் படைப்புகளில் ஒன்றிற்கும், தூய்மை சிறப்பு நடைமுறைகளில் ஒன்றிற்கும், தூய்மை தொழில் முனைவோர்களில் ஒருவருக்கும் பிரதமரின் விருதுகள் தரப்படும்.","ఒక ‘స్వ‌చ్ఛ్ ఇన‌వేశ‌న్‌’, ఒక ‘స్వ‌చ్ఛ్ బెస్ట్ ప్రాక్టీస్’, ఇంకా ఒక ‘స్వ‌చ్ఛ్ ఆంత్రప్రెన్యూర్’ కూడా ప్ర‌ధాన మంత్రి వ‌ద్ద నుండి పుర‌స్కారాల‌ను అందుకొంటారు.",ایک سوچھ اختراع ا یک بہترین سوچھ پریکٹس اور ایک چھوٹے سوچھ صنعت کار کو بھی وزیراعظم سے ایوارڈز حاصل ہوں گے۔
The Prime Minister reviewed the progress in implementation of the AMRUT Mission.,বৈঠকত প্ৰধানমন্ত্ৰীয়ে আমৰুট মিচনৰ কাৰ্যকৰীকৰণৰ অগ্ৰগতিৰ পৰ্যালোচনা কৰে।,"এছাড়া, প্রধানমন্ত্রী অমৃত মিশনের কাজকর্ম কতটা এগিয়েছে, সেটিও পর্যালোচনা করেন।",પ્રધાનમંત્રીએ અમૃત મિશનના અમલીકરણમાં થયેલી પ્રગતિની સમીક્ષા કરી હતી.,प्रधानमंत्री ने अमृत योजना के कार्यान्‍वयन में हुई प्रगति की समीक्षा की।,"ಇದೇ ವೇಳೆ, ’ಅಮೃತ್’ ಮಿಷನ್ ಅನುಷ್ಠಾನ ಪ್ರಗತಿ ಕುರಿತು ಸಹ ಪ್ರಧಾನ ಮಂತ್ರಿ ಪರಾಮರ್ಶೆ ನಡೆಸಿದರು.",അമൃത് ദൗത്യം നടപ്പാക്കുന്നതിലെ പുരോഗതിയും പ്രധാനമന്ത്രി വിലയിരുത്തി.,প্রধান মন্ত্রীনা অমরুৎ মিসন ইমপ্লিমেন্ত তৌরিবা অদুগী প্রোগ্রেস অদু নৌহৌনা য়েংশিনখি।,अमृत मोहिमेच्या अंमलबजावणीच्या प्रगतीचाही पंतप्रधानांनी आढावा घेतला.,ସେହିଭଳି ପ୍ରଧାନମନ୍ତ୍ରୀ ଅମୃତ ମିଶନର କାର୍ଯ୍ୟାନ୍ୱୟନ ସଂପର୍କରେ ସମୀକ୍ଷା କରିଥିଲେ ।,ਪ੍ਰਧਾਨ ਮੰਤਰੀ ਨੇ ਅਮਰੁਤ (AMRUT) ਮਿਸ਼ਨ ਨੂੰ ਲਾਗੂ ਕਰਨ ਵਿੱਚ ਹੋਈ ਪ੍ਰਗਤੀ ਦਾ ਸਮੀਖਿਆ ਕੀਤੀ।,அம்ருத் இயக்கத்தின் செயலாக்கத்தில் ஏற்பட்டுள்ள முன்னேற்றம் குறித்தும் பிரதமர் ஆய்வு செய்தார்.,అమృత్ మిశన్ అమ‌లు లోని పురోగ‌తి ని ప్ర‌ధాన మంత్రి స‌మీక్షించారు.,وزیراعظم نے اے ایم آر یو ٹی مشن کے نفاذ اور اس کی پیش رفت کا بھی جائزہ لیا۔
"Earlier, at Rajgarh, the Prime Minister will dedicate the Mohanpura Project to the nation.",ইয়াৰ পূৰ্বে ৰাজগড়ত প্ৰধানমন্ত্ৰীয়ে মোহনপুৰা প্ৰকল্প দেশবাসীৰ নামত উচৰ্গা কৰিব।,এর আগে রাজগড়ে আয়োজিত এক অনুষ্ঠানে মোহনপুরা প্রকল্পটি জাতির উদ্দেশে উৎসর্গ করবেন শ্রী নরেন্দ্র মোদী।,"આ પહેલા રાજગઢમાં, પ્રધાનમંત્રી મોહનપુરા પરિયોજના રાષ્ટ્રને સમર્પિત કરશે.",इससे पहले प्रधानमंत्री राजगढ़ में मोहनपुरा परियोजना को देश को समर्पित करेंगे।,ಇದಕ್ಕೆ ಮೊದಲು ಪ್ರಧಾನಿಯವರು ರಾಜ್ ಘರ್ ನಲ್ಲಿ ಮೊಹಾನ್ ಪುರ ಯೋಜನೆಯನ್ನು ರಾಷ್ಟ್ರಕ್ಕೆ ಸಮರ್ಪಿಸುವರು.,അതിന് മുന്നോടിയായി പ്രധാനമന്ത്രി രാജ്ഗഢില്‍ മോഹന്‍പുര പദ്ധതി രാഷ്ട്രത്തിന് സമര്‍പ്പിക്കും.,মসিগী মাংওইননা রাজগরদা প্রধান মন্ত্রীনা মোহনপুরা প্রোজেক্ত লৈবাক মীয়ামদা কত্থোক্কনি।,तत्पूर्वी राजगड येथे पंतप्रधान मोहनपूरा प्रकल्प राष्ट्राला समर्पित करतील.,ଏଥିପୂର୍ବରୁ ପ୍ରଧାନମନ୍ତ୍ରୀ ରାଜଘରଠାରେ ମୋହନପୁରା ପ୍ରକଳ୍ପ ରାଷ୍ଟ୍ରକୁ ଉତ୍ସର୍ଗ କରିବେ ।,"ਇਸ ਤੋਂ ਪਹਿਲਾਂ ਰਾਜਗੜ੍ਹ ਵਿਖੇ ਪ੍ਰਧਾਨ ਮੰਤਰੀ, ਮੋਹਨਪੁਰਾ ਪ੍ਰਾਜੈਕਟ ਰਾਸ਼ਟਰ ਨੂੰ ਸਮਰਪਿਤ ਕਰਨਗੇ।","இந்த நிகழ்ச்சிகளுக்கு முன்னதாக, ராஜ்கரில் பிரதமர், மோகன்புரா திட்டத்தை நாட்டுக்கு அர்ப்பணித்து வைக்கிறார்.",అంత‌కు ముందు మోహ‌న్‌పుర ప‌థ‌కాన్ని రాజ్‌గ‌ఢ్ లో దేశ ప్ర‌జ‌ల‌కు ప్ర‌ధాన మంత్రి అంకితం చేయ‌నున్నారు.,اس سے پہلے راج گڑھ میں وزیراعظم موہن پورہ پراجیکٹ کو قوم کے نام وقف کریں گے۔
"Today, in the twenty-sixth meeting, the Prime Minister reviewed the progress towards handling and resolution of grievances related to post offices, and railways.",আজিৰ ২৬ সংখ্যক বৈঠকত প্ৰধানমন্ত্ৰী ডাকঘৰ আৰু ৰে’লৱেৰ সৈতে জড়িত ৰাজহুৱা অভিযোগ পৰিচালনা আৰু ইয়াৰ সমাধানৰ অগ্ৰগতি সন্দৰ্ভত পৰ্যালোচনা কৰা হয়।,"২৬তম এই বৈঠকে প্রধানমন্ত্রী ডাকঘর এবং রেল সংক্রান্ত অভিযোগ নিষ্পত্তি কতটা এগিয়েছে, সে বিষয়ে পর্যালোচনা করেন।","આજે છવ્વીસમી બેઠક દરમિયાન, પ્રધાનમંત્રીએ પોસ્ટ ઓફિસો અને રેલવેને લગતી ફરિયાદોને ઉકેલવા અને નિરાકરણ માટેની પ્રક્રિયામાં થયેલ પ્રગતિની સમીક્ષા કરી.",आज 26वीं बैठक में प्रधानमंत्री ने डाक घरों और रेल से संबंधित शिकायतों और उनके समाधान के संदर्भ में हुई प्रगति की समीक्षा की।,"೨೬ನೇ ಪ್ರಗತಿ ಸಭೆಯಲ್ಲಿಂದು ಪ್ರಧಾನ ಮಂತ್ರಿಯವರು, ಅಂಚೆ ಕಚೇರಿ ಮತ್ತು ರೈಲ್ವೆ ವಲಯಗಳ ಕುಂದುಕೊರತೆ ನಿರ್ವಹಣೆ ಹಾಗೂ ಪ್ರಗತಿಯನ್ನು ಪರಾಮರ್ಶಿಸಿದರು.",ഇന്നു നടന്ന 26ാമതു യോഗത്തില്‍ പോസ്റ്റ് ഓഫീസുകളുമായും റെയില്‍വേയുമായും ബന്ധപ്പെട്ട പരാതികള്‍ കൈകാരം ചെയ്യുന്നതിലെ പുരോഗതിയാണു പ്രധാനമന്ത്രി മുഖ്യമായും പരിശോധിച്ചത്.,"ঙসি, কুনতরুক শুবা মীফমদা, প্রধান মন্ত্রীনা পোস্ত ওফিসশিং অমসুং রেলৱেজগা মরি লৈনবা গ্রিভানসেসকী হেন্দলিং অমদি রিজোলুসনগী মায়কৈদা চংশিল্লিবা প্রোগ্রেস অদু য়েংশিনখি।",आज 26 व्या बैठकीत पंतप्रधानांनी टपाल कार्यालय आणि रेल्वेतील तक्रारी हाताळणे आणि त्यांचे निरसन याच्या प्रगतीचा आढावा घेतला.,"ଆଜିର ବୈଠକ ଏହି 26ତମ ସଂସ୍କରଣ ଥିଲା ଏବଂ ପ୍ରଧାନମନ୍ତ୍ରୀ ଶ୍ରୀ ମୋଦୀ ଏଥିରେ ଡ଼ାକଘର, ଏବଂ ରେଳବାଇ ସଂପର୍କୀତ ବିଭିନ୍ନ ଜନ ଅସୁବିଧାଗୁଡ଼ିକର ସମାଧାନଜନିତ କାର୍ଯ୍ୟକ୍ରମର ପ୍ରଗତି ସଂପର୍କରେ ସମୀକ୍ଷା କରିଥିଲେ ।","ਅੱਜ 26 ਵੀਂ ਮੀਟਿੰਗ ਵਿੱਚ , ਪ੍ਰਧਾਨ ਮੰਤਰੀ ਨੇ ਡਾਕ ਘਰਾਂ, ਰੇਲਵੇ ਅਤੇ ਬਿਜਲੀ ਖੇਤਰ ਨਾਲ ਸਬੰਧਤ ਸ਼ਿਕਾਇਤਾਂ ਦੇ ਨਿਪਟਾਰੇ ਵਿੱਚ ਹੋਈ ਪ੍ਰਗਤੀ ਦਾ ਸਮੀਖਿਆ ਕੀਤੀ।",26வது சந்திப்பில் இன்று பிரதமர் அஞ்சல் அலுவலகங்கள் மற்றும் ரயில்வே தொடர்பான கையாளுதல் மற்றும் குறை தீர்ப்பு குறித்தும் ஆய்வு செய்தார்.,"ఈ రోజున జ‌రిగిన 26వ స‌మావేశంలో త‌పాలా కార్యాల‌యాలు, ఇంకా రైల్వేల‌కు సంబంధించిన ఫిర్యాదుల స్వీకారం మ‌రియు ప‌రిష్కారం దిశ‌గా న‌మోదైన పురోగ‌తి ని ప్ర‌ధాన మంత్రి స‌మీక్షించారు.",26ویں میٹنگ میں وزیراعظم نے شکایات کے موصول ہونے اور ان کی نوعیت اور ان پر ہوئی کارروائی کا جائزہ لیا، جن کا تعلق ریلوے اور ڈاک گھروں سے تھا۔
"The Prime Minister mentioned the plans to expand the healthcare infrastructure, road network, and oil and gas pipeline infrastructure in the State.","প্ৰধানমন্ত্রীয়ে কয় যে ওড়িশাৰ আন্তঃগাঁথনি, তেল আৰু প্ৰাকৃতিক গেছৰ পাইপ লাইন, পথ যোগাযোগ, আন্তঃগাঁথনি আৰু স্বাস্থ্য সেৱা সম্প্ৰসাৰণৰো পৰিকল্পনা কৰিছে।","প্রধানমন্ত্রী বলেন, ওড়িশার পরিকাঠামো, তেল ও গ্যাস পাইপ লাইন, সড়ক যোগাযোগ, পরিকাঠামো ও স্বাস্থ্য পরিষেবা সম্প্রসারণের পরিকল্পনা রয়েছে।","પ્રધાનમંત્રીએ રાજ્યમાં હેલ્થકેર માળખું, માર્ગ નેટવર્ક તથા ઓઇલ અને ગેસ પાઇપલાઇન માળખાને વધારવાની યોજનાનો ઉલ્લેખ કર્યો હતો.","प्रधानमंत्री ने मूलभूत स्वास्थ्य सेवाओं, सड़क नेटवर्क, तेल और गैस पाइपलाइन से जुड़े बुनियादी ढांचे में विस्तार करने का उल्लेख किया।","ಪ್ರಧಾನಮಂತ್ರಿ ಅವರು ರಾಜ್ಯದಲ್ಲಿ ಆರೋಗ್ಯ ರಕ್ಷಣೆ, ಮೂಲ ಸೌಕರ್ಯ , ರಸ್ತೆ ಜಾಲ, ತೈಲ ಮತ್ತು ಅನಿಲ ಕೊಳವೆ ಮಾರ್ಗ ಮೂಲಸೌಕರ್ಯವನ್ನು ವಿಸ್ತರಿಸುವುದಕ್ಕೆ ಸಂಬಂಧಿಸಿದ ಯೋಜನೆಗಳನ್ನು ಪ್ರಸ್ತಾಪಿಸಿದರು.","സംസ്ഥാനത്തെ ആരോഗ്യപരിരക്ഷയ്ക്ക് വേണ്ട അടിസ്ഥാന സൗകര്യങ്ങള്‍, റോഡ് ശൃംഖല, എണ്ണ, വാതക പൈപ്പ്‌ലൈനിന് ആവശ്യമായ അടിസ്ഥാന സൗകര്യങ്ങള്‍ എന്നിവ വികസിപ്പിക്കാനുള്ള പദ്ധതികളെക്കുറിച്ച് പ്രധാനമന്ത്രി പരാമര്‍ശിച്ചു.","প্রধান মন্ত্রীনা রাজ্য অসিদা হকশেল, ইনফ্রাস্ত্রকচর , লম্বী, থাও, গ্যাস পাইপলাইনগী লমদা থবক পায়খৎনবা থৌরাং তৌরিবশিং পনখি।","राज्यात आरोग्य सुविधा, रस्ते, तेल आणि घरगुती गॅस पाईपलाईन सुरु करण्याचा सरकारचा विचार असल्याचे त्यांनी सांगितले.","ରାଜ୍ୟରେ ସ୍ୱାସ୍ଥ୍ୟସେବା ଭିତ୍ତିଭୂମି, ରାସ୍ତା ନେଟୱାର୍କ, ତୈଳ ଓ ପାଇପଲାଇନ ଭିତ୍ତିଭୂମି ସମ୍ପ୍ରସାରିତ କରିବା ଯୋଜନା ସମ୍ବନ୍ଧରେ ପ୍ରଧାନମନ୍ତ୍ରୀ ସୂଚନା ପ୍ରଦାନ କରିଥିଲେ ।","ਪ੍ਰਧਾਨ ਮੰਤਰੀ ਨੇ ਰਾਜ ਵਿੱਚ ਸਿਹਤ-ਸੰਭਾਲ ਢਾਂਚੇ, ਸੜਕ ਨੈੱਟਵਰਕ ਅਤੇ ਤੇਲ ਅਤੇ ਕੁਦਰਤੀ ਗੈਸ ਪਾਈਪਲਾਈਨ ਢਾਂਚੇ ਦੇ ਵਿਸਤਾਰ ਦੀਆਂ ਯੋਜਨਾਵਾਂ ਦਾ ਜ਼ਿਕਰ ਕੀਤਾ।","ஒடிசா மாநிலத்தில் சுகாதார உள்கட்டமைப்பு, சாலைகள் இணைப்பு, எண்ணெய் மற்றும் எரிவாயு குழாய்கள் உள்கட்டமைப்பு போன்ற விரிவாக்கத் திட்டங்கள் குறித்தும் பிரதமர் விவரித்தார்.","రాష్ట్రం లో ఆరోగ్య సంర‌క్ష‌ణ సంబంధిత మౌలిక స‌దుపాయాల‌ను, రోడ్ నెట్ వ‌ర్కు ను మ‌రియు చ‌మురు- గ్యాస్ గొట్ట‌పు మార్గ సంబంధ అవ‌స్థాప‌న ను విస్త‌రించేందుకు ప్ర‌ణాళిక‌లు ఉన్న‌ట్లు ప్ర‌ధాన మంత్రి ప్ర‌స్తావించారు.",وزیر اعظم نے ریاست میں صحت بنیادی ڈھانچے، روڈ نیٹ ورک، تیل اور گیس پائپ لائن انفرااسٹرکچرکی توسیع سے متعلق منصوبوں کا ذکر کیا۔
The energy intensity of economies will change with focus on green energy and energy efficiency;,পৰিবেশ-অনুকূল শক্তি আৰু শক্তি ব্যৱহাৰত দক্ষতাৰ ওপৰত জোৰ অনাগত দিনত অর্থনীতিত শক্তি ব্যৱহাৰত গুৰুত্বতাত পৰিৱর্তন আহিব।,পরিবেশ-বান্ধব শক্তি এবং শক্তি ব্যবহারে দক্ষতার ওপর জোরআগামীদিনে অর্থনীতিগুলি শক্তি ব্যবহারে নিবিড়তা পরিবর্তন করবে।,ગ્રીન ઊર્જા અને ઊર્જા કાર્યક્ષમતા પર વધુ ધ્યાન કેન્દ્રીત થવાને કારણે અર્થતંત્રની ઊર્જા માટેની આતુરતા ઘટશે.,अर्थव्‍यवस्‍थाओं की ऊर्जा तीव्रता हरित ऊर्जा और ऊर्जा सक्षमता पर फोकस के साथ बदलेगी।,ಆರ್ಥಿಕತೆಯ ಮೇಲಿನ ಇಂಧನದ ತೀವ್ರತೆ ಹಸಿರು ಇಂಧನ ಮತ್ತು ಇಂಧನ ದಕ್ಷತೆಯ ಮೇಲಿನ ಗಮನದೊಂದಿಗೆ ಬದಲಾಗುತ್ತಿದೆ;,സമ്പദ് ഘടനകളുടെ ഊര്‍ജ്ജ തീവ്രതയുടെ ഊന്നല്‍ ഹരിതോര്‍ജ്ജത്തിലേക്കും ഊര്‍ജ്ജക്ഷമതയിലേക്കും മാറും.,সি ও পি-২১ এগ্রীমেন্তদা য়ুমফম ওইবা ক্লাইমেৎ চেঞ্জ এজেন্দাদা মালেম অসিনা ৱাশক্লি;,"अर्थव्यवस्थांची ऊर्जा तीव्रता, हरित ऊर्जा आणि ऊर्जाकार्यक्षमतेवर देण्यात येणारा भर आणि निर्णय यानुसार बदलेल.","ଏହା ଅନୁଯାୟୀ, ଭାରତ ଆସନ୍ତା 25 ବର୍ଷ ମଧ୍ୟରେ ଶକ୍ତି ଚାହିଦାର ପ୍ରମୁଖ ବାହକ ସାଜିବ ।",ਅਰਥਵਿਵਸਥਾਵਾਂ ਦੀ ਊਰਜਾ ਤੀਬਰਤਾ ਹਰੀ ਊਰਜਾ ਅਤੇ ਊਰਜਾ ਕੁਸ਼ਲਤਾ ‘ਤੇ ਫੋਕਸ ਨਾਲ ਬਦਲੇਗੀ।,"பொருளாதாரத்தில் வளர்ந்த நாடுகளின் எரிசக்தித் தேவை, பசுமை எரிசக்தி மற்றும் எரிசக்திச் சிக்கனம் என்பதை நோக்கமாகக் கொண்டு மாறக்கூடும்.","ముమ్మర ఇంధన ఆధారిత ఆర్థిక వ్యవస్థలు హరిత ఇంధనం, ఇంధన సామర్థ్యంపై దృష్టి సారించి మార్పు చెందగలవు;",توانائی کے استعمال میں تبدیلی آئے گی، کیونکہ مختلف معیشتوں کی توجہ سبز توانائی اور توانائی کی بچت پر مرکوز ہے۔
"The Prime Minister said that Chief Ministers of States had played a key role in policy formulation, through sub-groups and committees on issues such as Swachh Bharat Mission, Digital Transactions, and Skill Development.","প্রধানমন্ত্রীয়ে কয় যে মুখ্যমন্ত্রীসকলক লৈ স্বচ্ছ ভাৰত অভিযান, ডিজিটেল লেনদেন আৰু দক্ষতা বিকাশৰ দৰে গুৰুত্বপূর্ণ বিষয়ত গঠিত বিভিন্ন উপ-গোট আৰু কমিটীসমূহে নীতি ৰচনাৰ ক্ষেত্রত মুখ্য ভূমিকা পালন কৰিছে।","প্রধানমন্ত্রী বলেন, মুখ্যমন্ত্রীদের নিয়ে গঠিত বিভিন্ন উপ-গোষ্ঠী ও কমিটিগুলি স্বচ্ছ ভারত অভিযান, ডিজিটাল লেনদেন ও দক্ষতা উন্নয়নের মতো গুরুত্বপূর্ণ বিষয়ে নীতি রচনার ক্ষেত্রে উল্লেখযোগ্য ভূমিকা পালন করেছে।","પ્રધાનમંત્રીએ જણાવ્યું કે રાજ્યોના મુખ્યમંત્રીઓએ પેટા જૂથો અને સ્વચ્છ ભારત અભિયાન, ડિજિટલ લેવડ-દેવડ અને કૌશલ્ય વિકાસ જેવા મુદ્દાઓ અંગેની સમિતિઓના માધ્યમથી નીતિ નિર્માણમાં મહત્વની ભૂમિકા નિભાવી છે.","प्रधानमंत्री ने कहा कि राज्यों के मुख्यमंत्रियों ने स्वच्छ भारत मिशन, डिजिटल लेनदेन एवं कौशल विकास जैसे मुद्वों पर उप-समूहों एवं समितियों के जरिये नीति निर्माण में प्रमुख भूमिका निभाई है।","ಸ್ವಚ್ಛ ಭಾರತ ಅಭಿಯಾನ, ಡಿಜಿಟಲ್ ವಹಿವಾಟು ಮತ್ತು ಕೌಶಲ ಅಭಿವೃದ್ಧಿ ವಿಚಾರಗಳಲ್ಲಿ ಉಪ ಗುಂಪುಗಳು ಮತ್ತು ಸಮತಿಗಳ ಮೂಲಕ ನೀತಿ ನಿರೂಪಣೆಯಲ್ಲಿ ರಾಜ್ಯಗಳ ಮುಖ್ಯಮಂತ್ರಿಗಳು ಮಹತ್ವದ ಪಾತ್ರ ನಿರ್ವಹಿಸಿದ್ದಾರೆ ಎಂದು ಪ್ರಧಾನಮಂತ್ರಿಯವರು ತಿಳಿಸಿದರು.","പ്രശ്‌നങ്ങളില്ലാതെ ആരംഭിക്കാനും നടപ്പാക്കാനും സാധിച്ചത് ഉത്തമോദാഹരണമായി പ്രധാനമന്ത്രി ചൂണ്ടിക്കാട്ടി. സ്വച്ഛ് ഭാരത് ദൗത്യം, ഡിജിറ്റല്‍ ഇടപാടുകള്‍, നൈപുണ്യവികസനം എന്നീ മേഖലകള്‍ക്കായുള്ള സബ്-ഗ്രൂപ്പുകളിലൂടെയും കമ്മിറ്റികളിലൂടെയും നയരൂപീകരണത്തില്‍ മുഖ്യമന്ത്രിമാര്‍ പ്രധാന പങ്കു വഹിച്ചിട്ടുണ്ടെന്ന് അദ്ദേഹം പറഞ്ഞു.","রাজ্যশিংগী মুখ্য মন্ত্রীশিংনা স্বচ্ছ ভারত মিশন, দিজিতেল ত্রাঞ্জেকসন অমসুং স্কিল দিবেলপমেন্তগুম্বা ইশুশিংদা সব-গ্রুপ অমসুং কমিতীশিংগী থোংদা পোলিসী শেম্বদা মরুওইবা থৌদাং অমা লৌরি হায়না প্রধান মন্ত্রীনা ফোংদোকখি।","स्वच्छ भारत अभियान, डिजिटल व्यवहार आणि कौशल्य विकास या सारख्या मुद्यांवर उपगट आणि समित्यांच्या माध्यमातून राज्यांच्या मुख्यमंत्र्यांनी धोरण आखणीत प्रमुख भूमिका बजावली, असे पंतप्रधान म्हणाले.","ପ୍ରଧାନମନ୍ତ୍ରୀ କହିଲେ ଯେ ରାଜ୍ୟର ମୁଖ୍ୟମନ୍ତ୍ରୀମାନେ ନୀତି ନିର୍ଦ୍ଧାରଣରେ ସ୍ୱଚ୍ଛ ଭାରତ ଅଭିଯାନ, ଡ଼ିଜିଟାଲ କାରବାର ଓ କୌଶଳ ବିକାଶ ଆଦି ପ୍ରସଙ୍ଗରେ ଗଠିତ ଉପ-ଗୋଷ୍ଠୀ ଏବଂ କମିଟି ମାଧ୍ୟମରେ ଗୁରୁତ୍ୱପୂର୍ଣ୍ଣ ଭୂମିକା ନିର୍ବାହ କରିଆସିଛନ୍ତି ।","ਪ੍ਰਧਾਨ ਮੰਤਰੀ ਨੇ ਕਿਹਾ ਕਿ ਰਾਜਾਂ ਦੇ ਮੁੱਖ ਮੰਤਰੀਆਂ ਨੇ ਸਵੱਛ ਭਾਰਤ ਮਿਸ਼ਨ, ਡਿਜੀਟਲ ਲੈਣ-ਦੇਣ ਅਤੇ ਕੌਸ਼ਲ ਵਿਕਾਸ ਜਿਹੇ ਮੁੱਦਿਆਂ ’ਤੇ ਸਬ-ਗਰੁੱਪਾਂ ਅਤੇ ਕਮੇਟੀਆਂ ਰਾਹੀਂ ਨੀਤੀ ਨਿਰਮਾਣ ਵਿੱਚ ਪ੍ਰਮੁੱਖ ਭੂਮਿਕਾ ਨਿਭਾਈ ਹੈ।","தூய்மை இந்தியா இயக்கம், டிஜிட்டல் பரிவர்த்தனைகள் மற்றும் திறன் மேம்பாடு போன்ற விவகாரங்களில் துணைக் குழுக்கள் மற்றும் கமிட்டிகள் மூலம் கொள்கை உருவாக்கத்தில் மாநில முதலமைச்சர்கள் முக்கிய பங்காற்றி இருப்பதாக பிரதமர் கூறினார்.","స్వ‌చ్ఛ భార‌త్ మిశన్‌, డిజిట‌ల్ లావాదేవీలు, ఇంకా నైపుణ్యాల అభివృద్ధి తదితర అంశాల‌పైన ఏర్పాటైన సంఘాలు మ‌రియు ఉప బృందాల ద్వారా విధాన రూప‌క‌ల్ప‌న‌ లో రాష్ట్రాల యొక్క ముఖ్య‌మంత్రులు ఒక కీల‌క‌మైన పాత్ర‌ను పోషించార‌ని ప్ర‌ధాన మంత్రి అన్నారు.",وزیر اعظم نے کہا کہ ریاستوں کے وزراء اعلیٰ نے سوچھ بھارت مشن ڈیجیٹل ٹرانزیکشن اور ہنرمندی کی ترقی جیسے معاملات میں ضمنی گروپوں اور کمیٹیوں کے ذریعے پالیسی تیار کرنے کے معاملے میں کلیدی رول ادا کیا ہے۔
Day-2 of PM visit to Gujarat marked the beginning of three day long Vibrant Gujarat Summit-2019.,"প্ৰধানমন্ত্রীৰ গুজৰাট ভ্ৰমণৰ দ্বিতীয় দিনা তিনিদিনীয়া কাৰ্যসুচীৰ ভাইব্ৰেণ্ট গুজৰাট সন্মিলন, ২০১৯ৰ শুভাৰম্ভ হয়।","প্রধানমন্ত্রীর গুজরাট সফরের দ্বিতীয় দিনে তিনদিনব্যাপী ভাইব্র্যান্ট গুজরাট শীর্ষ সম্মেলন, ২০১৯-এর সূচনা হয়।",પ્રધાનમંત્રીની ગુજરાત મુલાકાતના બીજા દિવસે ત્રણ દિવસે વાઇબ્રન્ટ ગુજરાત સમિટ-2019નો શુભારંભ થયો હતો.,प्रधानमंत्री की गुजरात यात्रा का दूसरा दिन तीन दिवसीय वाइब्रेंट गुजरात समिट -2019 की शुरुआत के द्वारा चिन्हित किया गया।,ಎರಡನೇ ದಿನ ಪ್ರಧಾನಮಂತ್ರಿಯವರು ಮೂರು ದಿನಗಳ ವೈಬ್ರೆಂಟ್ ಗುಜರಾತ್ ಶೃಂಗಸಭೆ 2019ಕ್ಕೆ ಚಾಲನೆ ನೀಡಿದರು.,പ്രധാനമന്ത്രിയുടെ ഗുജറാത്ത് സന്ദര്‍ശനത്തിന്റെ രണ്ടാം ദിവസമാണ് വൈബ്രന്റ് ഗുജറാത്ത് ഉച്ചകോടി 2019 ആരംഭിച്ചത്.,প্রধান মন্ত্রীগী গুজরাত খোংচৎকী অনিশুবা নুমীৎতা নুমীৎ হুম্নি চত্থগদবা বাইবরেন্ত গুজরাত সম্মিৎ–২০১৯ হৌদোক্তুনা মার্ক তৌখি।,पंतप्रधानांनी दुसऱ्या दिवशी सुरु होणाऱ्या व्हायब्रंट गुजरात परिषद 2019 ला भेट दिली.,ପ୍ରଧାନମନ୍ତ୍ରୀଙ୍କ ଗସ୍ତର ଦ୍ୱିତୀୟ ଦିନରେ ତିନିଦିନିଆ ଭାଏବ୍ରାଣ୍ଟ ଗୁଜରାଟ ସମ୍ମିଳନୀ ଆରମ୍ଭ ହୋଇଥିଲା ।,ਪ੍ਰਧਾਨ ਮੰਤਰੀ ਦੀ ਗੁਜਰਾਤ ਯਾਤਰਾ ਦੇ ਦੂਜੇ ਦਿਨ ਦੀ ਸ਼ੁਰੂਆਤ ਤਿੰਨ ਦਿਨਾ ਗੁਜਰਾਤ ਸ਼ਿਖਰ ਸੰਮੇਲਨ 2019 ਦੀ ਸ਼ੁਰੂਆਤ ਨਾਲ ਹੋਈ।,"குஜராத்தில் இரண்டாம் நாள் நிகழ்ச்சிகளின் தொடக்கமாக, துடிப்புமிக்க குஜராத் மாநாடு-2019-ஐ பிரதமர் தொடங்கி வைத்தார்.",ప్ర‌ధాని గుజ‌రాత్ ప‌ర్య‌ట‌న‌లో వుండ‌గానే రెండోరోజున మూడు రోజుల పాటు జ‌రిగే ఉజ్వ‌ల గుజ‌రాత్ స‌ద‌స్సు ప్రారంభ‌మైంది.,وزیر اعظم کے دورۂ گجرات کے دوسرے دن تین روزہ طویل وائبرینٹ گجرات چوٹی کانفرنس –2019 کا انعقاد کیا گیا ۔
"These projects are spread over several states including Haryana, Rajasthan, Gujarat, Maharashtra, Uttar Pradesh, Odisha, Bihar, Jharkhand, West Bengal, Telangana, Tamil Nadu and Andhra Pradesh.","এই প্ৰকল্পসমূহ হাৰিয়ানা, ৰাজস্থান, গুজৰাট, মহাৰাষ্ট্ৰ, উত্তৰ প্ৰদেশ, ওড়িশা, বিহাৰ, ঝাৰখণ্ড, পশ্চিমবংগ, তেলেংগানা, তামিলনাডু আৰু অন্ধ্ৰপ্ৰদেশকে ধৰি কেইবাখনো ৰাজ্যত চলি আছে।","পশ্চিমবঙ্গ, বিহার, ঝাড়খন্ড, ওড়িশা সহ ১৩টি রাজ্যে এই প্রকল্পগুলি ছড়িয়ে রয়েছে।","આ પરિયોજનાઓ અનેક રાજ્યોમાં ફેલાયેલી છે જેમ કે હરિયાણા, રાજસ્થાન, ગુજરાત, મહારાષ્ટ્ર, ઉત્તર પ્રદેશ, ઓડીશા, બિહાર, ઝારખંડ, પશ્ચિમ બંગાળ, તેલંગાણા, તમિલનાડુ અને આંધ્રપ્રદેશ.","ये परियोजनाएं हरियाणा, राजस्‍थान, गुजरात, महाराष्‍ट्र, उत्‍तर प्रदेश, बिहार, झारखंड, ओडिशा,पश्‍चिम बंगाल, तेलंगाना, तमिलनाडु और आंध्र प्रदेश समेत विभिन्‍न राज्‍यों से संबंधित हैं।","ಈ ಯೋಜನೆಗಳು ಹರಿಯಾಣ, ರಾಜಸ್ಥಾನ, ಗುಜರಾತ್, ಮಹಾರಾಷ್ಟ್ರ, ಉತ್ತರ ಪ್ರದೇಶ, ಒಡಿಶಾ, ಬಿಹಾರ, ಜಾರ್ಖಂಡ್, ಪಶ್ಚಿಮ ಬಂಗಾಳ, ತೆಲಂಗಾಣ, ತಮಿಳುನಾಡು ಮತ್ತು ಆಂಧ್ರ ಪ್ರದೇಶ ಸೇರಿದಂತೆ ವಿವಿಧ ರಾಜ್ಯಗಳಲ್ಲಿ ಹಂಚಿಕೆಯಾಗಿವೆ.","ഹരിയാന, രാജസ്ഥാന്‍, ഗുജറാത്ത്, മഹാരാഷ്ട്ര, ഉത്തര്‍പ്രദേശ്, ഒഡിഷ, ബിഹാര്‍, ഝാര്‍ഖണ്ഡ്, പശ്ചിമ ബംഗാള്‍, തെലങ്കാന, തമിഴ്‌നാട്, ആന്ധ്രാപ്രദേശ് എന്നിവ ഉള്‍പ്പെടെയുള്ള സംസ്ഥാനങ്ങളിലെ പദ്ധതികളാണ് ഇവ.","প্রজেক্তশিং অসি হরিয়ানা, রাজস্থান, গুজরাত, মহারাষ্ট্রা, উত্তর প্রদেশ, উরিষা, বিহার, ঝারখন্দ, ৱেস্ত বেঙ্গল, তেলঙ্গনা, তামিল নাদু অমদি আন্ধ্র প্রদেশ য়াওনা তোঙন তোঙনবা রাজ্যশিংদা শন্দোক্লি।","महाराष्ट्रासह, हरियाणा, राजस्थान, गुजरात, उत्तर प्रदेश, ओदिशा, बिहार, झारखंड, पश्चिम बंगाल, तेलंगणा, तामिळनाडू आणि आंध्रप्रदेश मध्ये हे प्रकल्प सुरु आहेत.","ଏହିସବୁ ପ୍ରକଳ୍ପ ହରିଆନା, ରାଜସ୍ଥାନ, ଗୁଜରାଟ, ମହାରାଷ୍ଟ୍ର, ଉତ୍ତରପ୍ରଦେଶ, ଓଡ଼ିଶା, ବିହାର, ଝାଡ଼ଖଣ୍ଡ, ପଶ୍ଚିମ ବଙ୍ଗ, ତେଲଙ୍ଗାନା, ତାମିଲନାଡ଼ୁ ଓ ଆନ୍ଧ୍ରପ୍ରଦେଶ ଭଳି ରାଜ୍ୟରେ କାର୍ଯ୍ୟକାରୀ କରାଯାଉଛି ।","ਇਹ ਪ੍ਰੋਜੈਕਟ ਕਈ ਰਾਜਾਂ ਹਰਿਆਣਾ, ਰਾਜਸਥਾਨ, ਗੁਜਰਾਤ, ਮਹਾਰਾਸ਼ਟਰ, ਉੱਤਰ ਪ੍ਰਦੇਸ਼, ਓਡੀਸ਼ਾ, ਬਿਹਾਰ, ਝਾਰਖੰਡ, ਪੱਛਮੀ ਬੰਗਾਲ , ਤੇਲੰਗਾਨਾ, ਤਾਮਿਲਨਾਡੂ, ਅਤੇ ਆਂਧਰਾ ਪ੍ਰਦੇਸ਼ ਤੱਕ ਫੈਲੇ ਹੋਏ ਹਨ।","ஹரியானா, ராஜஸ்தான், குஜராத், மகாராஷ்டிரா, உத்தரபிரேதசம், ஒடிசா, பீஹார், ஜார்கண்ட், மேற்கு வங்காளம், தெலங்கானா, தமிழ்நாடு மற்றும் ஆந்திரப் பிரதேசம் ஆகிய மாநிலங்களில் இத்திட்டங்கள் மேற்கொள்ளப்படுகின்றன.","ఈ ప్రోజెక్టులు హ‌రియాణా, రాజ‌స్థాన్‌, గుజ‌రాత్‌, మ‌హారాష్ట్ర, ఉత్త‌ర్ ప్ర‌దేశ్‌, ఒడిశా, బిహార్‌, ఝార్ ఖండ్‌, ప‌శ్చిమ బెంగాల్‌, తెలంగాణ‌, త‌మిళ నాడు మ‌రియు ఆంధ్ర ప్ర‌దేశ్ ల‌తో స‌హా ప‌లు రాష్ట్రాల‌లో విస్తరించివున్నాయి.",یہ پروجیکٹ ہریانہ ، راجستھان ، گجرات ، مہاراشٹر ، اترپردیش، اڈیشہ ، بہار ، جھارکھنڈ، مغربی بنگال، تلنگانہ، تملناڈو ، آندھراپردیش سمیت متعدد ریاستوں میں واقع ہیں۔
The Union Cabinet chaired by Prime Minister Narendra Modi has approved Signing of Agreement between the India and Ukrain for cooperation in Agriculture and Food Industry.,কৃষি আৰু খাদ্য উদ্যোগত সহযোগিতাৰ বাবে ভাৰত আৰু ইউক্ৰেইনৰ মাজত বুজাবুজিৰ চুক্তিত কেবিনেটৰ অনুমোদন প্ৰধানমন্ত্ৰী নৰেন্দ্ৰ মোদীৰ অধ্যক্ষতাত অনুষ্ঠিত কেন্দ্ৰীয় কেবিনেটে,প্রধানমন্ত্রী শ্রী নরেন্দ্র মোদীর পৌরহিত্যে কেন্দ্রীয় মন্ত্রিসভার বুধবারের বৈঠকে ভারত ও ইউক্রেনের মধ্যে কৃষি ও খাদ্যশিল্প ক্ষেত্রে সহযোগিতার লক্ষে চুক্তি স্বাক্ষরে অনুমোদন পাওয়া গেছে।,પ્રધાનમંત્રી શ્રી નરેન્દ્ર મોદીની અધ્યક્ષતામાં મળેલ કેન્દ્રીય મંત્રીમંડળની બેઠકે કૃષિ અને ખાદ્યાન્ન ઉદ્યોગ ક્ષેત્રે સહયોગ માટે ભારત અને યુક્રેઇન વચ્ચે સંધિ પર હસ્તાક્ષર કરવાને મંજુરી આપી દીધી છે.,प्रधानमंत्री श्री नरेन्‍द्र मोदी की अध्‍यक्षता में केन्‍द्रीय मंत्रिमंडल ने कृषि एवं खाद्य उद्योग के क्षेत्र मे सहयोग के लिए यूक्रेन सरकार और भारत के बीच समझौते पर हस्‍ताक्षर को अपनी मंजूरी दे दी है।,"ಪ್ರಧಾನಮಂತ್ರಿ ಶ್ರೀ ನರೇಂದ್ರ ಮೋದಿ ಅವರ ಅಧ್ಯಕ್ಷತೆಯಲ್ಲಿಂದು ನಡೆದ ಕೇಂದ್ರ ಸಚಿವ ಸಂಪುಟ ಸಭೆ, ಕೃಷಿ ಮತ್ತು ಆಹಾರ ಕೈಗಾರಿಕೆಯಲ್ಲಿನ ಸಹಕಾರಕ್ಕಾಗಿ ಭಾರತ ಮತ್ತು ಉಕ್ರೇನ್ ನಡುವೆ ಒಪ್ಪಂದಕ್ಕೆ ಅಂಕಿತ ಹಾಕಲು ತನ್ನ ಅನುಮೋದನೆ ನೀಡಿದೆ.",കൃഷിയിലും ഭക്ഷ്യ വ്യവസായത്തിലും സഹകരിക്കുന്നതിനായി ഇന്ത്യയും ഉക്രൈനും തമ്മില്‍ കരാര്‍ ഒപ്പുവെക്കുന്നതിന് പ്രധാനമന്ത്രി ശ്രീ നരേന്ദ്രമോദിയുടെ അധ്യക്ഷതയില്‍ ചേര്‍ന്ന കേന്ദ്ര മന്ത്രിസഭാ യോഗം അനുമതി നല്‍കി.,প্রধান মন্ত্রী শ্রী নরেন্দ্র মোদীনা লুচিংবা কেন্দ্রগী মন্ত্রীমন্দলনা ভারত অমসুং য়ুক্রেনগী মরক্তা এগ্রীকলচর অমসুং ফুদ ইন্দস্ত্রীদা তেংবাং পীননবগীদমক্তা য়ানা ৱারোলদা খুৎয়েক পীনবদা অয়াবা পীখ্রে।,कृषी आणि अन्न उद्योग क्षेत्रात सहकार्यासाठी भारत आणि युक्रेन यांच्यातल्या करारावर स्वाक्षऱ्या करण्याला मंत्रिमंडळाने मंजुरी दिली आहे.,ପ୍ରଧାନମନ୍ତ୍ରୀ ଶ୍ରୀ ନରେନ୍ଦ୍ର ମୋଦୀଙ୍କ ଅଧ୍ୟକ୍ଷତାରେ କେନ୍ଦ୍ର କ୍ୟାବିନେଟ କୃଷି ଓ ଖାଦ୍ୟ ଉଦ୍ୟୋଗ କ୍ଷେତ୍ରରେ ସହଯୋଗ ଲାଗି ୟୁକ୍ରେନ ସରକାର ଏବଂ ଭାରତ ମଧ୍ୟରେ ଚୁକ୍ତିକୁ ଅନୁମୋଦନ କରିଛନ୍ତି ।,"ਪ੍ਰਧਾਨ ਮੰਤਰੀ, ਸ਼੍ਰੀ ਨਰੇਂਦਰ ਮੋਦੀ ਦੀ ਅਗਵਾਈ ਹੇਠ ਕੇਂਦਰੀ ਮੰਤਰੀ ਮੰਡਲ ਨੇ ਕੈਬਨਿਟ ਨੋਟ, ‘ਆਰਥਿਕ ਰੂਪ ਨਾਲ ਕਮਜ਼ੋਰ ਵਰਗਾਂ ਦੇ ਲਈ ਸੰਵਿਧਾਨ ਵਿੱਚ ਸੰਸ਼ੋਧਨ ਦੇ ਸੰਦਰਭ ਵਿੱਚ ਸੰਸ਼ੋਧਿਤ ਆਫਿਸ ਮੈਮੋਰੰਡਮ (ਓਐੱਮ) ਨੂੰ ਕਾਰਜ ਉਪਰੰਤ (ਐਕਸ ਪੋਸਟ ਫੈਕਟੋ) ਪ੍ਰਵਾਨਗੀ ਦੇ ਦਿੱਤੀ ਹੈ।",வேளாண் மற்றும் உணவுத் தொழில் துறையில் இந்தியா மற்றும் உக்ரேன் இடையேயான ஒத்துழைப்புக்கான ஒப்பந்தத்திற்கு பிரதமர் திரு நரேந்திர மோடி தலைமையிலான மத்திய அமைச்சரவை ஒப்புதல் அளித்துள்ளது.,భార‌త‌దేశాని కి మ‌రియు యూక్రేన్ కు మ‌ధ్య‌ వ్య‌వ‌సాయం మ‌రియు ఆహార ప‌రిశ్ర‌మ రంగాల లో స‌హ‌కారం కోసం ఒప్పందం పై సంత‌కాల‌ కు ప్ర‌ధాన మంత్రి శ్రీ న‌రేంద్ర మోదీ అధ్య‌క్ష‌త‌న జ‌రిగిన‌ కేంద్ర మంత్రివ‌ర్గ స‌మావేశం ఆమోదం తెలిపింది.,نئی دہلی،06فروری 2019/ وزیراعظم جناب نریندر مودی کی سربراہی میں مرکزی کابینہ نے زراعت اور خوراک کی صنعت میں تعاون کے لئے ہندوستان اور یوکرین کے درمیان ایک سمجھوتے پر دستخط کو منظوری دے دی ہے ۔
"He will also launch the m-Arogya app and door to door waste collection, segregation and processing of Solid Waste in Dadra & Nagar Haveli digitally.","প্ৰধানমন্ত্ৰীয়ে লগতে এম-আৰোগ্য শীৰ্ষক এটা এপ্পো মুকলি কৰিব, তদুপৰি দাদৰ আৰু নগৰ হাফেলীত ডিজিটেলযোগ ঘৰে ঘৰে গৈ আৱৰ্জনা সংগ্ৰহ, গোটা আৱৰ্জনাৰ পৃথকীকৰণ আৰু সংসাধন প্ৰক্ৰিয়া এটাও মুকলি কৰিব।","প্রধানমন্ত্রী ‘এম-আরোগ্য’ অ্যাপ এবং দাদরা ও নগর হাভেলিতে ডিজিটাল মাধ্যমে বাড়ি বাড়ি ঘুরে আবর্জনা সংগ্রহ, পৃথকীকরণ ও কঠিন বর্জ্যের প্রক্রিয়াকরণ চালু করবেন।",તેઓ એમ-આરોગ્ય (M-Arogya) એપ તથા દાદરા અને નગર હવેલીમાં ઘેર-ઘેરથી કચરો એકત્ર કરી તેને જુદો પાડવાની અને ઘન કચરાના પ્રસંસ્કરણની સુવિધાનુ ડિજિટલ પદ્ધતિથી ઉદઘાટન કરશે.,"प्रधानमंत्री एम-आरोग्य ऐप्प का शुभारंभ करेंगे तथा दादर व नागर हवेली में घर-घर से ठोस अपशिष्ट संग्रह करने, पृथक्करण करने तथा प्रसंस्कृत करने के कार्यक्रम का डिजिटल उद्घाटन करेंगे।","ಎಂ-ಆರೋಗ್ಯ ಆಪ್ ನ್ನು ಮತ್ತು ಮನೆ ಮನೆಯಿಂದ ತ್ಯಾಜ್ಯ ಸಂಗ್ರಹಣೆ, ದಾದ್ರಾ ಮತ್ತು ನಗರ ಹವೇಲಿಗಳಲ್ಲಿ ಡಿಜಿಟಲ್ ವ್ಯವಸ್ಥೆಯ ಮೂಲಕ ಘನ ತ್ಯಾಜ್ಯ ವಿಂಗಡಣೆ ಮತ್ತು ಸಂಸ್ಕರಣೆಯ ಕಾರ್ಯಕ್ಕೂ ಅವರು ಚಾಲನೆ ನೀಡುವರು.",ദാദ്ര നഗര്‍ ഹവേലിയിലെ എം-ആരോഗ്യ ആപ്പും ഡിജിറ്റല്‍ സംവിധാനം ഉപയോഗപ്പെടുത്തി വീടുവീടാന്തരം കയറിയുള്ള മാലിന്യ ശേഖരണ പദ്ധതിയും ഖരമാലിന്യ സംസ്‌കരണ സംവിധാനവും അദ്ദേഹം ഉദ്ഘാടനം ചെയ്യും.,"মহাক্না এম-অরোগ্যা এপ্লিকেসন অমসুং দোর তু দোর ৱেস্ত কলেক্সন, দদ্রা অমসুং নগর হবেলিদা দিজিতেল্লি সেগ্রিগেসন অমসুং প্রোসেসিংসু হৌদোক্কনি।","एम आरोग्य ॲपचे पंतप्रधान उद्‌घाटन करतील त्याचबरोबर दादरा नगर हवेलीत घरा-घरातून कचरा गोळा करुन, त्याचे पृथक्करण करणे आणि घनकचऱ्यावरच्या प्रक्रियेचे पंतप्रधान डिजिटल उद्‌घाटन करतील.","ସେ ମଧ୍ୟ ଏମ-ଆରୋଗ୍ୟ ଆପର ଶୁଭାରମ୍ଭ କରିବେ ଏବଂ ଡିଜିଟାଲ ମାଧ୍ୟମରେ ଦାଦ୍ରା ଓ ନଗର ହାଭେଳୀରେ ଘରକୁ ଘର ବର୍ଜ୍ୟ ସଂଗ୍ରହ, ପୃଥକୀକରଣ ଏବଂ କଠିନ ବର୍ଜ୍ୟବସ୍ତୁ ପରିଚାଳନା ବ୍ୟବସ୍ଥାର ଶୁଭାରମ୍ଭ କରିବେ ।","ਪ੍ਰਧਾਨ ਮੰਤਰੀ ਐੱਮ-ਆਰੋਗਯ ਐਪ ਵੀ ਲਾਂਚ ਕਰਨਗੇ ਅਤੇ ਦਾਦਰ ਤੇ ਨਗਰ ਹਵੇਲੀ ਵਿੱਚ ਘਰ-ਘਰ ਤੋਂ ਠੋਸ ਕਚਰੇ ਦੀ ਕਲੈਕਸ਼ਨ ਕਰਨ, ਅਲੱਗ-ਅਲੱਗ ਕਰਨ ਅਤੇ ਉਸ ਦੀ ਪ੍ਰੋਸੈਸਿੰਗ ਕਰਨ ਦੇ ਪ੍ਰੋਗਰਾਮ ਦਾ ਡਿਜੀਟਲੀ ਉਦਘਾਟਨ ਕਰਨਗੇ।","எம்-ஆரோக்கியா செயலி மற்றும் தாத்ரா & நாகர் ஹவேலி-யில் வீடு வீடாக சென்று கழிவுப் பொருட்களை சேகரித்தல், அவற்றை பிரித்தெடுத்தல் மற்றும் திடக்கழிவுகளை டிஜிட்டல் முறையில் பதப்படுத்துவதற்கான பணிகளையும் அவர் தொடங்கி வைக்கவுள்ளார்.","అలాగే ఎం-ఆరోగ్య యాప్, ఇంటింటికీ వెళ్లి చెత్త సేకరించి దాన్ని డిజిటల్ గానే ఘన వ్యర్థాలు, ద్రవ వ్యర్థాలను వేరు చేసే వ్యవస్థను ప్రారంభిస్తారు.",وہ دادر اور نگر حویلی میں ایم-آروگیہ ایپ کا آغاز کریں گے اور ڈیجیٹل طریقے سے گھر گھر ٹھوس کچرے کو یکجا کرنے ، اس کو الگ الگ کرنے اور پروسیسنگ کرنے کا بھی آغاز کریں گے۔
Prime Minister Shri Narendra Modi has saluted Babu Jagjivan Ram on his birth anniversary.,প্ৰধানমন্ত্ৰী শ্ৰী নৰেন্দ্ৰ মোদীয়ে বাবু জগজীৱন ৰামৰ জন্ম বাৰ্ষিকীত তেওঁলৈ প্ৰণাম জনাইছে৷,বাবু জগজীবনরামের জন্মবার্ষিকীতে তাঁকে শ্রদ্ধার সঙ্গে স্মরণ করলেন প্রধানমন্ত্রী শ্রীনরেন্দ্র মোদী।,પ્રધાનમંત્રી શ્રી નરેન્દ્ર મોદીએ બાબૂ જગજીવન રામને તેમની જન્મ જયંતી પર નમન કર્યું હતું.,प्रधानमंत्री श्री नरेंद्र मोदी ने बाबू जगजीवन का उनके जन्मदिन पर अभिवादन किया।,ಪ್ರಧಾನ ಮಂತ್ರಿ ಶ್ರೀ ನರೇಂದ್ರ ಮೋದಿ ಅವರು ಬಾಬು ಜಗಜ್ಜೀವನ್ ರಾಂ ಅವರನ್ನು ಅವರ ಜನ್ಮದಿನಾಚರಣೆಯಂದು ಸ್ಮರಿಸಿಕೊಂಡು ಗೌರವಾರ್ಪಣೆ ಮಾಡಿದರು.,ബാബു ജഗ്ജീവന്‍ റാമിന് അദ്ദേഹത്തിന്റെ ജന്മവാര്‍ഷിക വേളയില്‍ പ്രധാനമന്ത്രി ശ്രീ.,বাবু জগজীবন রামগী মপোক নুমীৎনা লাকপদা প্রধান মন্ত্রী শ্রী নরেন্দ্র মোদীনা মফমদা ইকায় খুম্নবা উৎখ্রে।,पंतप्रधान नरेंद्र मोदी यांनी बाबू जगजीवन राम यांच्या जयंतीनिमित्त त्यांना आदरांजली वाहिली आहे.,ପ୍ରଧାନମନ୍ତ୍ରୀ ଶ୍ରୀ ନରେନ୍ଦ୍ର ମୋଦୀ ବାବୁ ଜଗଜ୍ଜୀବନ ରାମଙ୍କୁ ତାଙ୍କ ଜୟନ୍ତୀ ଦିବସରେ ଶ୍ରଦ୍ଧାଞ୍ଜଳି ଅର୍ପଣ କରିଛନ୍ତି ।,ਪ੍ਰਧਾਨ ਮੰਤਰੀ ਸ਼੍ਰੀ ਨਰੇਂਦਰ ਮੋਦੀ ਨੇ ਬਾਬੂ ਜਗਜੀਵਨ ਰਾਮ ਨੂੰ ਉਨ੍ਹਾਂ ਦੀ ਜਨਮ ਵਰ੍ਹੇਗੰਢ ‘ਤੇ ਸਲਾਮ ਕੀਤਾ ਹੈ।,பாபு ஜெகஜீவன்ராமின் பிறந்தநாளை முன்னிட்டு அவருக்கு பிரதமர் திரு நரேந்திர மோடி அவரை நினைவு கூர்ந்தார்.,బాబూ జగ్ జీవన్ రామ్ గారి జయంతి నాడు ప్ర‌ధాన మంత్రి శ్రీ న‌రేంద్ర మోదీ ఆయ‌న‌కు ప్రణమిల్లారు.,نئی دہلی ،05؍اپریل : وزیراعظم ، جناب نریندرمودی نے بابوجگجیون رام کے یوم ولادت پران کوسلام عقیدت پیش کیاہے۔
"He said that Under Pradhan Mantri Awas Yojana, a massive campaign to provide a permanent house to the poors in cities and villages is underway.",প্ৰধানমন্ত্ৰী আৱাস যোজনাৰ অধীনত পূৰ্বৰ চৰকাৰে ৫ বছৰত মাত্ৰ ২৫লাখ আৱাসগৃহ নিৰ্মাণ কৰিছিল৷ ইয়াৰ বিপৰীতে আমি ৫ বছৰত ১কোটি ২৫ লাখ ঘৰ নিৰ্মাণ কৰিছো বুলিও প্ৰধানমন্ত্ৰীয়ে কয়৷,"তিনি আরও জানান, শহর ও গ্রামাঞ্চলের দরিদ্র মানুষজনকে স্থায়ী গৃহ প্রদানে প্রধানমন্ত্রী আবাস যোজনা রূপায়ণের কাজ চলছে।",તેમણે કહ્યું કે પ્રધાનમંત્રી આવાસ યોજના હેઠળ શહેરો અને ગામડાંમાં લોકોને કાયમી આવાસ પ્રદાન કરવામાં આવી રહી છે.,"उन्होंने कहा कि प्रधानमंत्री आवास योजना के तहत, शहरों और गांवों में गरीबों को एक स्थायी घर प्रदान करने के लिए एक व्यापक अभियान चल रहा है।",ಪ್ರಧಾನ ಮಂತ್ರಿ ಆವಾಸ್ ಯೋಜನೆ ಅಡಿಯಲ್ಲಿ ಬಡವರಿಗೆ ನಗರಗಳಲ್ಲಿ ಮತ್ತು ಹಳ್ಳಿಗಳಲ್ಲಿ ಖಾಯಂ ಮನೆಗಳನ್ನು ನಿರ್ಮಿಸುವ ವ್ಯಾಪಕ ಆಂದೋಲನ ಜಾರಿಯಲ್ಲಿದೆ ಎಂದೂ ಪ್ರಧಾನ ಮಂತ್ರಿ ತಿಳಿಸಿದರು.,നഗരങ്ങളിലും ഗ്രാമങ്ങളിലും ദരിദ്രര്‍ക്ക് സ്ഥിരമായി ഒരു വീട് നല്‍കുന്നതിനുള്ള വന്‍ പ്രചാരണ പരിപാടി പ്രധാനമന്ത്രി ആവാസ് യോജനയുടെ കീഴില്‍ നടന്നുവരുന്നതായും പ്രധാനമന്ത്രി വെളിപ്പെടുത്തി.,মহাক্না হায়খি মদুদি প্রধান মন্ত্রী অৱাস য়োজনাগী মখাদা শহরশিং অমসুং খুঙ্গংশিংদা লৈরিবা লায়রবশিংদা পরমানেন্ত ওইবা য়ুম অমা ফংহন্নবা য়াম্না চাওবা কেম্পেন অমা চত্থরি।,"प्रधानमंत्री आवास योजनेअंतर्गत, शहरी आणि ग्रामीण भागातील गरिबांना स्थायी रूपात घर देण्यासाठी अभियान राबवण्यात येणार आहे.","ସେ କହିଥିଲେ ଯେ ପ୍ରଧାନମନ୍ତ୍ରୀ ଆବାସ ଯୋଜନା ଅଧୀନରେ, ସହର ଏବଂ ଗ୍ରାମର ଗରିବ ଲୋକଙ୍କୁ ସ୍ଥାୟୀ ବାସଗୃହ ଯୋଗାଇବାକୁ ଏକ ବ୍ୟାପକ ଅଭିଯାନ ଆରମ୍ଭ ହୋଇଛି ।","ਉਨ੍ਹਾਂ ਕਿਹਾ ਕਿ ਪ੍ਰਧਾਨ ਮੰਤਰੀ ਆਵਾਸ ਯੋਜਨਾ ਤਹਿਤ, ਸ਼ਹਿਰਾਂ ਅਤੇ ਪਿੰਡਾਂ ਵਿੱਚ ਗ਼ਰੀਬਾਂ ਨੂੰ ਇੱਕ ਸਥਾਈ ਘਰ ਪ੍ਰਦਾਨ ਕਰਨ ਲਈ ਇੱਕ ਵਿਆਪਕ ਅਭਿਆਨ ਚਲ ਰਿਹਾ ਹੈ।","பிரதமரின் வீட்டு வசதித் திட்டத்தின் கீழ், நகரங்களிலும் கிராமங்களிலும் நிரந்தர வீடுகளை ஏழைகளுக்கு வழங்குவதற்காக பெரிய அளவிலான இயக்கம் செயலாக்கத்தில் இருப்பதாகவும் அவர் கூறினார்.","నగరాలు, పల్లెల్లోని పేదలకు శాశ్వత గృహవసతి కల్పించేందుకు ప్రధానమంత్రి ఆవాస యోజన పథకాన్ని ఉద్యమ స్థాయిలో చేపట్టి అమలుచేస్తున్నామన్నారు.",انھوں نے کہا کہ پردھان منتری آواس یوجنا کے تحت شہروں اور گاؤں میں غریبوں کو ایک مستقل گھر فراہم کرنے کے لیے وسیع مہم چل رہی ہے۔
"During the interaction, the Prime Minister highlighted the scope for cooperation in Energy Security and Food Security between the two countries.",আলোচনা কালত প্ৰধানমন্ত্ৰী দুয়ো দেশৰ মাজত শক্তি নিৰাপত্তা আৰু খাদ্য সুৰক্ষাৰ ক্ষেত্ৰত সহযোহিতাৰ পৰিসৰ বৃদ্ধিৰ বিষয়টো আলোকপাত কৰে।,বৈঠকে প্রধানমন্ত্রী নরেন্দ্র মোদী দু দেশের মধ্যে শক্তি ও খাদ্য নিরাপত্তার ক্ষেত্রে সহযোগিতার সম্পর্ক দৃঢ় করার ওপর জোর দেন।,ચર્ચા દરમિયાન પ્રધાનમંત્રીએ બંને દેશો વચ્ચે ઊર્જા સુરક્ષા અને ખાદ્યાન્ન સુરક્ષાનાં ક્ષેત્રમાં સહયોગ અંગેની તકો બાબતે દિશાનિર્દેશ કર્યો હતો.,प्रधानमंत्री ने बातचीत के दौरान दोनों देशों के बीच ऊर्जा सुरक्षा एवं खाद्य सुरक्षा के क्षेत्र में सहयोग की अपार संभावनाओं पर प्रकाश डाला।,"ಈ ಸಂವಾದದ ವೇಳೆ, ಪ್ರಧಾನಿಯವರು ಎರಡೂ ದೇಶಗಳ ನಡುವಿನ ಇಂಧನ ಭದ್ರತೆ ಮತ್ತು ಆಹಾರ ಭದ್ರತೆ ಸಹಕಾರದ ವ್ಯಾಪ್ತಿಯನ್ನು ಒತ್ತಿ ಹೇಳಿದರು.","കൂടിക്കാഴ്ചയില്‍, ഇരു രാജ്യങ്ങളും തമ്മില്‍ ഊര്‍ജ്ജ, ഭക്ഷ്യ സുരക്ഷാ മേഖലകളില്‍ സഹകരിക്കുന്നതിനുള്ള സാധ്യതകള്‍ പ്രധാനമന്ത്രി എടുത്തു പറഞ്ഞു.",ৱারী শানখিবা অদুদা প্রধান মন্ত্রীনা লৈবাক অনিগী মরক্তা ইনর্জী সেক্যুরিতী অমসুং ফুদ সেক্যুরিতীদা তেংবাং পীননবা মীৎয়েং থমখি।,या संवादादरम्यान पंतप्रधानांनी उभय देशांदरम्यान ऊर्जा सुरक्षा आणि अन्न सुरक्षा सहकार्याची व्याप्ती अधोरेखित केली.,କଥାବାର୍ତ୍ତା ବେଳେ ଦୁଇ ଦେଶ ମଧ୍ୟରେ ଖାଦ୍ୟ ଓ ଶକ୍ତି ନିରାପତ୍ତା କ୍ଷେତ୍ରରେ ଅଧିକ ସହଯୋଗ ଲାଗି ରହିଥିବା ବ୍ୟାପକ ସୁଯୋଗ ଉପରେ ପ୍ରଧାନମନ୍ତ୍ରୀ ଗୁରୁତ୍ଵାରୋପ କରିଥିଲେ ।,ਇਸ ਚਰਚਾ ਦੌਰਾਨ ਪ੍ਰਧਾਨ ਮੰਤਰੀ ਨੇ ਊਰਜਾ ਸੁਰੱਖਿਆ ਅਤੇ ਖੁਰਾਕ ਸੁਰੱਖਿਆ ਦੇ ਖੇਤਰ ਵਿੱਚ ਦੋਹਾਂ ਦੇਸ਼ਾਂ ਦਰਮਿਆਨ ਸਹਿਯੋਗ ਦੀ ਸੰਭਾਵਨਾ ਦਾ ਜ਼ਿਕਰ ਕੀਤਾ।,"இந்தக் கலந்துரையாடலின் போது, இருநாடுகளுக்கு இடையே எரிசக்திப் பாதுகாப்பு மற்றும் உணவுப் பாதுகாப்புத் துறைகளில் ஒத்துழைப்பிற்கான வாய்ப்புகள் குறித்து பிரதமர் எடுத்துரைத்தார்.",ముఖాముఖి లో ప్రధాన మంత్రి ఇరు దేశాల మధ్య శక్తి భద్రత మరియు ఆహార భద్రత లలో సహకారానికి ఉన్న అవకాశాలను గురించి ప్రముఖంగా వివరించారు.,بات چیت کے دوران وزیراعظم نے دونوں ملکوں کےدرمیان توانائی کے تحفظ اور خوراک کی سکیورٹی میں تعاؤن کی گنجائش کو اجاگر کیا۔
He emphasized that the government is committed to the wellbeing of the elderly population.,জ্যেষ্ঠ তথা বৃদ্ধলোকসকলৰ কল্যাণৰ দিশত তেওঁৰ চৰকাৰ প্রতিশ্রুতিবদ্ধ বুলি কয় প্রধানমন্ত্রীয়ে।,প্রবীণ ও বৃদ্ধদের কল্যাণে তাঁর সরকার প্রতিশ্রুতিবদ্ধ বলে জানান প্রধানমন্ত্রী।,"તેમણે ભારપૂર્વક કહ્યું હતું કે, સરકાર વયોવૃદ્ધ લોકોની સુખાકારી માટે કટિબદ્ધ છે.",उन्होंने इस बात पर जोर दिया कि सरकार वरिष्ठ नागरिकों के बेहतर जीवन के प्रति प्रतिबद्ध है।,ಹಿರಿಯ ನಾಗರಿಕರ ಹಿತ ಕಾಯಲು ಸರ್ಕಾರವು ಬದ್ಧವಾಗಿದೆ ಎಂದರು.,വയോജനങ്ങളുടെ ക്ഷേമത്തിനായി ഗവണ്‍മെന്റ് പ്രതിജ്ഞാബദ്ധമാണെന്ന് പ്രധാനമന്ത്രി ഊന്നിപ്പറഞ്ഞു.,মখা তারকপদা সেনিয়ার সিতিজনশিংগীদমক্তা লুপা লাখ ২.৫ দগী লাখ ৩ ফাওবগী ইনকম তেক্সকী বেসিক লিমিৎসু হেঙ্গৎলে।,ज्येष्ठ नागरिकांच्या कल्याणासाठी सरकार प्रतिबद्ध असल्याची ग्वाही पंतप्रधानांनी दिली.,ସେ ଗୁରୁତ୍ୱ ପ୍ରଦାନ କରି କହିଥିଲେ ଯେ ସରକାର ବରିଷ୍ଠ ଜନସାଧାରଣଙ୍କ କଲ୍ୟାଣ ପାଇଁ ସଂକଳ୍ପବଦ୍ଧ ।,ਉਨ੍ਹਾਂ ਜ਼ੋਰ ਦਿੱਤਾ ਕਿ ਸਰਕਾਰ ਬਜ਼ੁਰਗ ਨਾਗਰਿਕਾਂ ਦੀ ਭਲਾਈ ਲਈ ਵਚਨਬੱਧ ਹੈ।,வயது முதிர்ந்தவர்களின் நல்வாழ்வில் அரசு உறுதி பூண்டிருப்பதாகவும் அவர் உறுதிபடக் கூறினார்.,వ‌య‌స్సు మీరిన వారి శ్రేయం కోసం ప్ర‌భుత్వం కంక‌ణం క‌ట్టుకొంద‌ని ఆయ‌న స్ప‌ష్టం చేశారు.,انہوں نے اس بات پر زور دیا کہ حکومت نے بزرگ لوگوں کی فلاح و بہبود کا تہیہ کررکھا ہے۔
Protocol for Consultations between the Ministry of Foreign Affairs and MEA for the period 2019-2023,২০১৯–২০২৩ বৰ্ষৰ বাবে বৈদেশিক পৰিক্ৰমা মন্ত্ৰালয় আৰু এমইএৰ মাজত আলোচনাৰ প্ৰ’ট’ক’ল,২০১৯ থেকে ২০২৩ পর্যন্ত রাশিয়ার বিদেশ মন্ত্রক এবং ভারতের বিদেশ মন্ত্রকের মধ্যে আলাপ-আলোচনার জন্য প্রোটোকল,વર્ષ 2019–2023 સુધીનાં સમયગાળા માટે વિદેશ બાબતોનાં મંત્રાલય અને વિદેશ મંત્રાલય વચ્ચે ચર્ચાવિચારણા માટે શિષ્ટાચાર,2019-23 अवधि के लिए दोनों देशों के विदेश मंत्रालयों के बीच परामर्श के लिए प्रोटोकॉल,ವಿದೇಶವ್ಯವಹಾರಗಳಮತ್ತುವಿದೇಶಾಂಗವ್ಯವಹಾರಸಚಿವಾಲಯಗಳನಡುವೆಸಮಾಲೋಚಕ್ಕಾಗಿ2019-2023ರಅವಧಿಗೆಸರಕಾರಿಶೀಷ್ಟಾಚಾರಗಳು.,"2019-2023 കാലയളവില്‍ ഇന്ത്യയുടെ വിദേശ കാര്യ മന്ത്രാലയവും, റഷ്യയുടെ വിദേശകാര്യ മന്ത്രാലയവും തമ്മിലുള്ള കൂടിയാലോചനകള്‍ക്കായുള്ള പ്രോട്ടോകോള്‍",২০১৯-২০২৩গী ওইনা ফোরেন এফেয়র্স মিনিস্ত্রি অমসুং এম ই এগী মরক্তা ৱারি শানবগী প্রোতোগোল,भारत आणि रशिया यांच्या परराष्ट्र व्यवहार मंत्रालयात 2019-2023 या काळासाठी सल्लामसलतीबाबतचा करार,2019-23 ଅବଧି ଲାଗି ବୈଦେଶିକ ବ୍ୟାପାର ମନ୍ତ୍ରଣାଳୟ ଏବଂ ବର୍ହିବ୍ୟାପାର ମନ୍ତ୍ରଣାଳୟ ମଧ୍ୟରେ ପରାମର୍ଶ ସନ୍ଧି,2019-2023 ਦੀ ਮਿਆਦ ਲਈ ਵਿਦੇਸ਼ ਮੰਤਰਾਲੇ ਦਰਮਿਆਨ ਸਲਾਹ ਲਈ ਪ੍ਰੋਟੋਕੋਲ,2019-2023 காலகட்டங்களில் ரஷ்ய வெளியுறவுத்துறை அமைச்சகம் மற்றும் மத்திய வெளியுறவுத் துறை அமைச்சகம் இடையேயான ஆலோசனைகளுக்கான நெறிமுறை,2019-2023 మధ్య కాలానికి విదేశీ వ్యవహారాల మంత్రిత్వ శాఖ కు మరియు ఎంఇఎ కు మధ్య సంప్రదింపులకు ఉద్దేశించి ఒడంబడికల ప్రాథమిక పత్రం,خارجی امور کی وزارت اور ایم ای اے کے درمیان 2023-2019 کے عرصے کیلئے مشاورتی پروٹوکال
The Prime Minister later flagged off the “Run For Unity” from Major Dhyan Chand National Stadium.,ইয়াৰ পাছতে প্ৰধানমন্ত্ৰী মেজৰ ধ্যান চাঁদ ৰাষ্ট্ৰীয় ষ্টেডিয়ামৰ পৰা “একতাৰ বাবে দৌৰ” শীৰ্ষক কাৰ্যসূচীৰ শুভাৰম্ভ কৰে।,"প্রধানমন্ত্রীপরে, মেজর ধ্যানচাঁদ ন্যাশনাল স্টেডিয়াম থেকে ‘একতা দৌড়’-এর সূচনা করেন।",ત્યાર બાદ પ્રધાનમંત્રીએ મેજર ધ્યાનચંદ નેશનલ સ્ટેડિયમ પરથી “એકતા દોડ”ને લીલી ઝંડી દેખાડી હતી.,इसके पश्चात प्रधानमंत्री ने मेजर ध्यानचंद राष्ट्रीय स्टेडियम से “रन फॉर यूनिटी” को हरी झंडी दिखाई।,ನಂತರ ಪ್ರಧಾನಮಂತ್ರಿಯವರು ಮೇಜರ್ ಧ್ಯಾನ್ ಚಂದ್ ರಾಷ್ಟ್ರೀಯ ಕ್ರೀಡಾಂಗಣದಲ್ಲಿ ‘ಏಕತೆಗಾಗಿ ಓಟ’ಕ್ಕೆ ಹಸಿರು ನಿಶಾನೆ ತೋರಿದರು.,മേജര്‍ ധ്യാന്‍ചന്ദ് ദേശീയ സ്റ്റേഡിയത്തില്‍നിന്ന് ‘ഐക്യത്തിനായുള്ള ഓട്ടം’ പ്രധാനമന്ത്രി ഫ്‌ളാഗ് ഓഫ് ചെയ്തു.,মতুংদা প্রধানমন্ত্রীনা মেজোর ধ্যান চন্দ নেস্নেল স্তেদিয়মদগী ‘রন ফোর য়ুনিতী’ লমথাখি।,त्यानंतर पंतप्रधानांनी मेजर ध्यानचंद नॅशनल स्टेडियम येथून “एकता दौड”ला हिरवा झेंडा दाखवला.,ପରେ ପ୍ରଧାନମନ୍ତ୍ରୀ ମେଜର ଧ୍ୟାନଚାନ୍ଦ ଜାତୀୟ ଷ୍ଟାଡ଼ିୟମରେ ପତାକା ଦେଖାଇ ‘ଏକତା ଦୌଡ’ର ଶୁଭାରମ୍ଭ କରିଥିଲେ ।,ਪ੍ਰਧਾਨ ਮੰਤਰੀ ਨੇ ਬਾਅਦ ਵਿੱਚ ਮੇਜਰ ਧਿਆਨ ਚੰਦ ਨੈਸ਼ਨਲ ਸਟੇਡੀਅਮ ਤੋਂ ”ਏਕਤਾ ਲਈ ਦੌੜ” (Run For Unity) ਨੂੰ ਰਵਾਨਾ ਕੀਤਾ।,"பின்னர், மேஜர் தியான்சந்த் தேசிய மைதானத்திலிருந்து “ஒற்றுமைக்கான ஓட்டத்தை” பிரதமர் கொடியசைத்து தொடங்கிவைத்தார்.",ప్ర‌ధాన మంత్రి ఆ త‌రువాత మేజ‌ర్ ధ్యాన్ చంద్ నేష‌న‌ల్ స్టేడియ‌మ్ లో జెండాను ఊప‌డం ద్వారా ‘‘ర‌న్ ఫ‌ర్ యూనిటీ’’ కార్య‌క్ర‌మాన్ని ప్రారంభించారు.,وزیراعظم نے بعد میں میجر دھیان چند نیشنل اسٹیڈیم سے ’رن فار یونٹی‘ کو ہری جھنڈی دکھاکر روانہ کیا۔
Fully automated and State of the art Coastal Installation Project will ensure security of the petroleum products for Andhra Pradesh.,সম্পূর্ণ স্বয়ংক্রিয় আৰু দেশীয় প্রযুক্তিৰেপ্ৰস্তুত কৰা কোষ্টেল ইনষ্টলেশ্যন প্ৰকল্পটো আৰম্ভ হ’লে অন্ধ্রপ্রদেশত পেট্র’লিয়ামজাত সামগ্রী সম্পূর্ণ সুৰক্ষিত থাকিব।,সম্পূর্ণ স্বয়ংক্রিয় এবং দেশীয় প্রযুক্তিতে তৈরি কোস্টাল ইন্সটলেশন প্রোজেক্ট চালু হলে অন্ধ্রপ্রদেশে পেট্রোলিয়ামজাত সামগ্রী সম্পূর্ণ সুরক্ষিত থাকবে।,સંપૂર્ણ પણે સ્વયંસંચાલિત અને સ્ટેટ ઑફ ધ આર્ટ કોસ્ટલ ઇન્સ્ટોલેશન પ્રોજેક્ટ આંધ્રપ્રદેશ માટે પેટ્રોલિયમ પેદાશોની સુરક્ષાની ખાતરી આપશે.,पूरी तरह से स्वचालित और अत्याधुनिक इस तटीय स्थापना परियोजना से आंध्र प्रदेश के लिए पेट्रोलियम उत्पादों की सुरक्षा सुनिश्चित होगी।,ಸಂಪೂರ್ಣ ಸ್ವಯಂಚಾಲಿತವಾದ ಮತ್ತು ಸುಸಜ್ಜಿತ ಕರಾವಳಿ ಅನುಸ್ಥಾಪನಾ ಯೋಜನೆ ಆಂಧ್ರಪ್ರದೇಶದ ಪೆಟ್ರೋಲಿಯಂ ಉತ್ಪನ್ನಗಳ ಸುರಕ್ಷತೆಯನ್ನು ಖಾತ್ರಿಪಡಿಸುತ್ತದೆ.,പൂര്‍ണമായും സ്വയം പ്രവര്‍ത്തിക്കുന്നതും മികച്ച നിലവാരം പുലര്‍ത്തുന്നതുമായ കോസ്റ്റല്‍ ഇന്‍സ്റ്റലേഷന്‍ പദ്ധതി ആന്ധ്രാപ്രദേശിലെ പെട്രോളിയം ഉല്‍പന്നങ്ങള്‍ക്കു സുരക്ഷ ഉറപ്പാക്കാന്‍ ഉതകുന്നതാണ്.,গ্যাস বেজ ইকোনোমীদা অচৌবা ইনোৎ পীরদুনা প্রধান মন্ত্রীনা অন্ধ্র প্রদেশকী কৃষ্ণ-গোদাবরী (কে.জি.),संपूर्णत: स्वयंचलित आणि अत्याधुनिक प्रकल्पामुळे आंध्रप्रदेशच्या ऊर्जा सुरक्षिततेची खातरजमा होणार आहे.,ସମ୍ପୂର୍ଣ୍ଣ ଭାବେ ସ୍ୱୟଂଚାଳିତ ଏବଂ ଅତ୍ୟାଧୁନିକ ଏହି ଉପକୂଳ ସ୍ଥାପନା ପ୍ରକଳ୍ପ ଦ୍ୱାରା ଆନ୍ଧ୍ରପ୍ରଦେଶ ଲାଗି ପେଟ୍ରୋଲିୟମ ଉତ୍ପାଦର ସୁରକ୍ଷା ସୁନିଶ୍ଚିତ ହେବ ।,ਪੂਰੀ ਤਰ੍ਹਾਂ ਨਾਲ ਆਟੋਮੈਟਿਕ ਅਤੇ ਅਤਿ ਆਧੁਨਿਕ ਇਸ ਤਟੀ ਸਥਾਪਨਾ ਪ੍ਰੋਜੈਕਟ ਨਾਲ ਆਂਧਰਾ ਪ੍ਰਦੇਸ਼ ਲਈ ਪੈਟ੍ਰੋਲੀਅਮ ਉਤਪਾਦਾਂ ਦੀ ਸੁਰੱਖਿਆ ਸੁਨਿਸ਼ਚਿਤ ਹੋਵੇਗੀ।,"முற்றிலும் தானியங்கி முறையிலான அதிநவீன வசதிகளைக் கொண்ட இந்த கடலோர முனையம், ஆந்திரப் பிரதேச மாநிலத்திற்கான பெட்ரோலியப் பொருட்கள் பாதுகாப்பை உறுதி செய்யும்.","అత్యాధునిక సౌక‌ర్యాల‌తో, పూర్తి ఆటోమేటిక్ సాంకేతిక‌ప‌రిజ్ఞానంతో ఏర్పాటు కానున్న కోస్ట‌ల్ ఇన్‌స్ట‌లేష‌న్ ప్రాజెక్టు ఆంధ్ర‌ప్ర‌దేశ్‌కు పెట్రోలియం ఉత్ప‌త్తుల‌కు సంబంధించి ఇంధ‌న భ‌ద్ర‌త‌ను క‌ల్పిస్తుంది.",پوری طرح خودکار اور جدید سہولیات سے لیس یہ ساحلی تنصیبی پروجیکٹ آندھراپردیش میں پیٹرولیم پیداوار کی سکیورٹی کو یقینی بنائے گا۔
"At the event, there was mass chanting of Soundarya Lahari.",অনুষ্ঠানত উপস্থিত জনসাধাৰণে একেলগে সৌন্দর্য লহৰীৰ শ্লোক উচ্চাৰণ কৰে।,অনুষ্ঠানে উপস্থিত জনসাধারণ একযোগে সৌন্দর্য লহরীর শ্লোকোচ্চারণ করেন।,આ કાર્યક્રમમાં સૌન્દર્યલહરીનાં શ્લોકોનું સામૂહિક પારાયણ કરવામાં આવ્યું હતું.,इस कार्यक्रम में सौंदर्य लहरी का सामूहिक पाठ किया गया।,ಇಂದಿನ ಸಮಾರಂಭದಲ್ಲಿ ಸೌಂದರ್ಯಲಹರಿಯ ಸಾಮೂಹಿಕ ಪಾರಾಯಣ ನಡೆಯಿತು.,ചടങ്ങില്‍ സൗന്ദര്യലഹരി സംഘമായി ആലപിക്കുകയും ചെയ്തു.,থৌরম অসিদা সৌন্দর্য় লহেরী মীয়াম পুন্না থিমিন্নখি।,या कार्यक्रमात सौंदर्य लहरींचे सामूहिक पठन केले गेले.,ଏହି ସମାରୋହରେ ସୌନ୍ଦର୍ଯ୍ୟ ଲହରୀର ସମବେତ ଉଚ୍ଚାରଣ କରାଯାଇଥିଲା ।,ਇਸ ਸਮਾਰੋਹ ਵਿਚ ਸਮੂਹਿਕ ਪੱਧਰ ਉੱਤੇ ਸੌਂਦਰਯ ਲਹਰੀ ਦਾ ਉਚਾਰਣ ਕੀਤਾ ਗਿਆ।,"இந்த நிகழ்ச்சியில், சவுந்தர்ய லகரியை பொதுமக்கள் கூட்டாக உச்சரித்தனர்.",ఈ కార్య‌క్ర‌మంలో సౌంద‌ర్య ల‌హ‌రి ని సామూహికంగా పారాయ‌ణం చేశారు.,اس تقریب میں بڑی تعداد میں لوگوں نے سوندریہ لہری گیت گائے۔
"Interacting informally with the Prime Minister, they shared their vision of a prosperous, corruption-free India.",অতি ঘৰুৱাভাৱে প্ৰধানমন্ত্ৰীৰ সৈতে সাক্ষাৎ কৰি ছাত্ৰসকলে এখন সমৃদ্ধিশালী তথা দুৰ্নীতিমুক্ত ভাৰত গঢ়াৰ বাবে তেওঁলোকৰ আশা সম্পৰ্কে অৱগত কৰে।,প্রধানমন্ত্রীর সঙ্গে আলাপচারিতায় তারা এক সমৃদ্ধ ওদুর্নীতিমুক্ত ভারতের স্বপ্ন তাঁর সামনে তুলে ধরে।,"પ્રધાનમંત્રીએ અનૌપચારિક વાતચીતમાં તેઓને સમૃદ્ધ, ભ્રષ્ટાચારમુક્ત ભારતનું વિઝન વહેંચ્યું હતું.",प्रधानमंत्री के साथ अनौपचारिक बातचीत में इन विद्यार्थियों ने एक समृद्ध और भ्रष्‍टाचार-मुक्‍त भारत के अपने विजन को साझा किया।,"ಪ್ರಧಾನಮಂತ್ರಿಯವರೊಂದಿಗೆ ಅನೌಪಚಾರಿಕವಾಗಿ ಸಂವಾದ ನಡೆಸಿದ ಅವರು, ಪ್ರಗತಿ ಮತ್ತು ಭ್ರಷ್ಟಾಚಾರ ಮುಕ್ತ ಭಾರತ ಕುರಿತಂತೆ ತಮ್ಮ ನಿಲುವು ಹಂಚಿಕೊಂಡರು.",പ്രധാനമന്ത്രിയുമായി നടത്തിയ അനൗദ്യോഗിക സംവാദത്തിനിടെ അഭിവൃദ്ധി നിറഞ്ഞതും അഴിമതിരഹിതവുമായ ഇന്ത്യയെക്കുറിച്ചുള്ള തങ്ങളുടെ കാഴ്ചപ്പാടുകള്‍ വിദ്യാര്‍ഥികള്‍ പങ്കുവെച്ചു.,প্রধানমন্ত্রীগা লোয়ননা ইচম চম্না উন্নখিবা অদুদা মখোয়না চাওখৎপা অমসুং শেঞ্জা থুমজা লৈতবা ভারত অমগী পান্দম অদু ফোংদোকখি ।,पंतप्रधानांशी अनौपचारिक संवाद साधताना त्यांनी समृद्ध आणि भ्रष्टाचार-मुक्त भारताचे स्वप्न असल्याचे सांगितले.,ପ୍ରଧାନମନ୍ତ୍ରୀଙ୍କ ସହ ଅନୌପଚାରିକ କଥାବାର୍ତ୍ତା ବେଳେ ITBP ଛାତ୍ରମାନେ ଏକ ସମୃଦ୍ଧ ଓ ଭ୍ରଷ୍ଟାଚାର ମୁକ୍ତ ଭାରତ ଗଠନ ସମ୍ପର୍କରେ ସେମାନଙ୍କର ଭବିଷ୍ୟଦୃଷ୍ଟି ଅବଗତ କରାଇଥିଲେ ।,ਉਹ ਅੱਜ ਆਂਧਰਾ ਪ੍ਰਦੇਸ਼ ਦੇ ਅਤਕੁਰ ਵਿੱਚ ਸਵਰਣ ਭਾਰਤ ਟ੍ਰਸਟ ਦੀ ਦੂਜੇ ਵਰ੍ਹੇਗੰਢ ਅਤੇ ਵਿਸ਼ਵ ਕੈਂਸਰ ਦਿਵਸ ਦੇ ਮੌਕੇ ‘ਤੇ ਇੱਕ ਮੈਗਾ ਸਿਹਤ ਕੈਂਪ ਦੇ ਉਦਘਾਟਨ ਸਮਾਰੋਹ ਦੌਰਾਨ ਜਨਸਮੂਹ ਨੂੰ ਸੰਬੋਧਨ ਕਰ ਰਹੇ ਸਨ।,"பிரதமருடன் கலந்துரையாடிய அவர்கள் வளமான, ஊழலற்ற இந்தியா குறித்த தங்களது தொலைநோக்குப் பார்வையை பகிர்ந்து கொண்டனர்.",వారు అవినీతికి చోటు లేని భారతదేశాన్ని గురించిన మరియు సమృద్ధ‌మైన భార‌త‌దేశాన్ని గురించిన త‌మ అభిప్రాయాల‌ను ఈ సందర్భంగా ప్ర‌ధాన మంత్రి తో పంచుకొన్నారు.,وزیراعظم سے غیررسمی ملاقات کے دوران ان طلبأ نے خوشحال، بدعنوانی سے پاک بھارت کے سلسلے میں اپنے نظریات ساجھاکئے ۔
"Our partnership is based on democratic values and commitment to an open, inclusive and rule-based global order.","গণতান্ত্রিক মূল্যবোধ আৰু এক মুক্ত, অন্তর্ভুক্তিমূলক তথা নিয়মনীতি পৰিচালিত বিশ্ব শৃংখলাৰ ভিত্তিতে আমাৰ দুয়ো দেশৰ এই সহযোগিতামুলক সম্পর্ক গঢ় লৈ উঠিছে।","গণতান্ত্রিক মূল্যবোধ এবং এক মুক্ত, অন্তর্ভুক্তিমূলক তথা নিয়মনীতি পরিচালিত বিশ্ব শৃঙ্খলার ভিত্তিতেই গড়ে উঠেছে আমাদের দু’দেশের এই অংশীদারিত্বের সম্পর্ক।","બંને દેશો વચ્ચેની ભાગીદારી લોકતાંત્રિક મૂલ્યો તથા ખુલ્લા, સર્વસમાવેશક અને નિયમ-આધારિત વૈશ્વિક ક્રમ પ્રત્યે કટિબદ્ધ છે.","हमारा सहयोग लोकतांत्रिक मूल्यों तथा एक खुले, समावेशी व कानून आधारित वैश्विक व्यवस्था के प्रतिबद्धता पर आधारित है।","ನಮ್ಮ ಪಾಲುದಾರಿಕೆಯು ಪ್ರಜಾತಂತ್ರದ ಮೌಲ್ಯಗಳ ಆಧಾರದಲ್ಲಿವೆ ಮತ್ತು ಮುಕ್ತ, ಸಮಗ್ರ ಹಾಗೂ ಜಾಗತಿಕ ವ್ಯವಸ್ಥೆಯ ನೀಯಮ ಆಧಾರಿತ ಬದ್ಧತೆಯಿಂದ ಕೂಡಿವೆ.","ജനാധിപത്യ മൂല്യങ്ങളുടെയും, തുറന്നതും, ഉള്‍ച്ചേര്‍ച്ചയുള്ളതും, നിയമാധിഷ്ഠിതവുമായ ഒരു ലോകക്രമത്തെ അടിസ്ഥാനമാക്കിയുള്ളതാണ് നമ്മുടെ പങ്കാളിത്തം.",ঐখোয়গী পার্তনরশিপ অসি দেমোক্রেতিক্কী ওইবা ভেল্যুশিংদা য়ুমফম ওই।,आमची भागीदारी लोकशाही मूल्यांवर आधारित आहे.,"ଏକ ମୁକ୍ତ, ସାମଗ୍ରୀକ ଏବଂ ନିୟମ ଆଧାରିତ ବିଶ୍ୱବ୍ୟବସ୍ଥା ଲାଗି ପ୍ରତିବଦ୍ଧତା ଏବଂ ଗଣତାନ୍ତ୍ରିକ ମୂଲ୍ୟବୋଧ ଉପରେ ଆମର ଭାଗିଦାରୀ ଆଧାରିତ ।","ਸਾਡੀ ਭਾਈਵਾਲੀ ਲੋਕਤੰਤਰੀ ਕਦਰਾਂ ਕੀਮਤਾਂ ਅਤੇ ਇੱਕ ਖੁੱਲ੍ਹੀ, ਸਮਾਵੇਸ਼ੀ ਅਤੇ ਨਿਯਮ ਅਧਾਰਿਤ ਵਿਸ਼ਵ ਵਿਵਸਥਾ ਪ੍ਰਤੀ ਵਚਨਬੱਧਤਾ ‘ਤੇ ਅਧਾਰਿਤ ਹੈ।","நமது நட்புறவு என்பது ஜனநாயக மாண்புகளையும், வெளிப்படையான, அனைவரையும் உள்ளடக்கிய உலக ஒழுங்குவிதிகளைப் பின்பற்றுவதையும், அடிப்படையாகக் கொண்டது.","మన భాగ‌స్వామ్యం ప్ర‌జాస్వామ్య విలువ‌లు, నియ‌మాలపైన ఆధారపడినటువంటి, అంద‌రినీ క‌లుపుకుపోయేట‌టువంటి, అర‌మ‌రిక‌లు లేన‌టువంటి ప్ర‌పంచ వ్యవస్థ కోసం క‌ట్టుబ‌డిన భాగ‌స్వామ్యం.",ہمارے تعلقات جمہوری اقدار اور کھلی شمولیت اور قانون پر مبنی عالمی عہد بستگی پر مبنی ہیں ۔
The Prime Minister urged the people of Gujarat to work on food processing.,প্রধানমন্ত্রীয়ে এই ভাষণ প্ৰসঙ্গতেই গুজৰাটৰ জনসাধাৰণক খাদ্য প্রক্রিয়াকৰণৰ ক্ষেত্রত কাম কৰাহৰ বাবেও আহ্বান জনায়।,প্রধানমন্ত্রী গুজরাটের জনসাধারণকে খাদ্য প্রক্রিয়াকরণের ক্ষেত্রে কাজ করার আহ্বান জানান।,પ્રધાનમંત્રીએ ગુજરાતનાં લોકોને ખાદ્ય પ્રસંસ્કરણ પર કામ કરવા અપીલ કરી હતી.,प्रधानमंत्री ने गुजरात के लोगों से मांग करते हुए कहा कि वे खाद्य प्रसंस्‍करण के क्षेत्र में काम करें।,ಆಹಾರ ಸಂಸ್ಕರಣೆಗೆ ಶ್ರಮಿಸುವಂತೆ ಗುಜರಾತ್ ಜನತೆಗೆ ಪ್ರಧಾನಮಂತ್ರಿ ಮನವಿ ಮಾಡಿದರು.,ഭക്ഷ്യസംസ്‌കരണ മേഖലയില്‍ കൂടുതല്‍ പ്രവര്‍ത്തനങ്ങള്‍ നടത്താന്‍ പ്രധാനമന്ത്രി ഗുജറാത്തിലെ ജനങ്ങളെ ആഹ്വാനം ചെയ്തു.,প্রধান মন্ত্রীনা গুজরাতকী মীয়াম্বু ফুদ প্রোসেসিংদা থবক তৌনবা তকশিনখি।,गुजरातमधल्या जनतेने अन्न प्रक्रिया उद्योगाकडे लक्ष देण्याचे आवाहन पंतप्रधानांनी केले.,ଖାଦ୍ୟ ପ୍ରକ୍ରିୟାକରଣ ଦିଗରେ କାର୍ଯ୍ୟ କରିବାକୁ ଗୁଜରାଟର ଲୋକଙ୍କୁ ପ୍ରଧାନମନ୍ତ୍ରୀ ଆହ୍ୱାନ ଦେଇଥିଲେ ।,ਪ੍ਰਧਾਨ ਮੰਤਰੀ ਨੇ ਗੁਜਰਾਤ ਦੇ ਲੋਕਾਂ ਤੋਂ ਮੰਗ ਕਰਦਿਆਂ ਕਿਹਾ ਕਿ ਉਹ ਫੂਡ ਪ੍ਰੋਸੈੱਸਿੰਗ ਦੇ ਖੇਤਰ ਵਿੱਚ ਕੰਮ ਕਰਨ।,உணவுப் பதப்படுத்துதல் துறையில் குஜராத் மக்கள் கவனம் செலுத்த வேண்டும் என்று பிரதமர் கேட்டுக் கொண்டார்.,ఫూడ్ ప్రాసెసింగ్ అంశం లో కృషి చేయ‌వ‌ల‌సింది గా గుజ‌రాత్ ప్ర‌జ‌ల కు ప్ర‌ధాన మంత్రి విజ్ఞ‌ప్తి చేశారు.,وزیراعظم نے گجرات کے عوام پرزوردیاکہ خوراک کی ڈبہ بندی پرکام کرے ۔
Prime Minister Shri Narendra Modi has condoled the passing away of Kalaignar Karunanidhi.,প্ৰধানমন্ত্ৰী শ্ৰী নৰেন্দ্ৰ মোদীয়ে কে.কৰুণানিধিৰ বিয়োগত গভীৰ শোক প্ৰকাশ কৰিছে৷,ডঃ এম করুণানিধির প্রয়াণে শোক জ্ঞাপন করেছেন প্রধানমন্ত্রী শ্রী নরেন্দ্র মোদী।,પ્રધાનમંત્રી શ્રી નરેન્દ્ર મોદીએ કલાઈનાર કરુણાનિધિનાં નિધન પર શોક વ્યક્ત કર્યો છે.,प्रधानमंत्री श्री नरेन्‍द्र मोदी ने के. करुणानिधि के निधन पर शोक व्‍यक्‍त किया है।,ಕಲೈನಾರ್ ಕರುಣಾನಿಧಿ ನಿಧನಕ್ಕೆ ಪ್ರಧಾನ ಮಂತ್ರಿ ಶ್ರೀ ನರೇಂದ್ರ ಮೋದಿ ಸಂತಾಪ ಸೂಚಿಸಿದ್ದಾರೆ.,കലൈഞ്ജര്‍ കരുണാനിധിയുടെ നിര്യാണത്തില്‍ പ്രധാനമന്ത്രി ശ്രീ.,প্রধান মন্ত্রী শ্রী নরেন্দ্র মোদীনা কে. করুনানিধিনা লৈখিদবদা অৱাবা ফোংদোকখ্রে।,पंतप्रधान नरेंद्र मोदी यांनी के. करुणानिधी यांच्या निधनाबद्दल दु:ख व्यक्त केले आहे.,କେ.କରୁଣାନିଧିଙ୍କ ବିୟୋଗରେ ପ୍ରଧାନମନ୍ତ୍ରୀ ଶ୍ରୀ ନରେନ୍ଦ୍ର ମୋଦୀ ଶୋକ ବ୍ୟକ୍ତ କରିଛନ୍ତି ।,"ਪ੍ਰਧਾਨ ਮੰਤਰੀ, ਸ਼੍ਰੀ ਨਰੇਂਦਰ ਮੋਦੀ ਨੇ ਸ਼੍ਰੀ ਕੇ ਕਰੁਣਾਨਿਧੀ ਦੇ ਅਕਾਲ ਚਲਾਣੇ ’ਤੇ ਅਫ਼ਸੋਸ ਪ੍ਰਗਟ ਕੀਤਾ ਹੈ।",கலைஞர் கருணாநிதியின் மறைவு குறித்து பிரதமர் திரு. நரேந்திர மோடி இரங்கல் தெரிவித்துள்ளார்.,కలైజ్ఞర్ క‌రుణానిధి క‌న్నుమూత ప‌ట్ల ప్ర‌ధాన మంత్రి శ్రీ న‌రేంద్ర మోదీ సంతాపం తెలిపారు.,نئی دہلی،07 اگست / وزیراعظم نریندر مودی نے ڈی ایم کے لیڈر کلینار کرونا ندھی کے انتقال پر گہرے افسوس کا اظہار کیا ہے ۔
The Prime Minister said that the Constitution has been a guardian for us.,প্ৰধানমন্ত্ৰীগৰাকীয়ে কয় যে আমাৰ সংবিধানখন সামাজিক নথি হিচাপেও ব্যাখ্যা কৰা হয়।,"প্রধানমন্ত্রী বলেন, সংবিধান হ’ল আমাদের অভিভাবক অর্থাৎ পথপ্রদর্শক।","પ્રધાનમંત્રીએ કહ્યું હતું કે, બંધારણ આપણાં દેશનું સંરક્ષક છે.",प्रधानमंत्री ने कहा कि संविधान हमारे लिए एक अभिभावक रहा है।,ಸಂವಿಧಾನವು ನಮಗೆ ರಕ್ಷಕನಂತಿದೆ ಎಂದು ಪ್ರಧಾನಿ ಹೇಳಿದರು.,ഭരണഘടന നമുക്കെന്നും രക്ഷിതാവായി നിലകൊള്ളുന്നുവെന്നു പ്രധാനമന്ത്രി പറഞ്ഞു.,প্রধানমন্ত্রীনা হায়খি মদুদি সংবিধান অসি ঐখোয়গী ঙাক-শেনবীবা অমা ওইদুনা লাক্লি।,"पंतप्रधान म्हणाले की, संविधान हे आपल्यासाठी मार्गदर्शक आहे.",ପ୍ରଧାନମନ୍ତ୍ରୀ କହିଥିଲେ ଯେ ସମ୍ବିଧାନ ଆମ ପାଇଁ ଅଭିଭାବକ ଭାବେ କାର୍ଯ୍ୟ କରିଛି ।,ਪ੍ਰਧਾਨ ਮੰਤਰੀ ਨੇ ਕਿਹਾ ਕਿ ਸੰਵਿਧਾਨ ਸਾਡਾ ਸਰਪ੍ਰਸਤ ਰਿਹਾ ਹੈ।,அரசியல் சட்டம் என்பது நமது பாதுகாவலராகத்திகழ்கிறது என்று பிரதமர் கூறினார்.,రాజ్యాంగం మ‌న ఒక సంర‌క్ష‌కుని వ‌లె నిలచింది అని ప్ర‌ధాన మంత్రి అన్నారు.,وزیراعظم نے کہا کہ آئین ہمارا سرپرست رہا ہے۔
• The World is committedto the climate change agendabased on the COP-21agreement.,বিশ্ব চিঅ’পি-২১ চুক্তি অনুসৰি জলবায়ু পৰিৱর্তনৰ বিষয়ত ব্যৱস্থা গ্রহণত প্রতিশ্রুতিৱদ্ধ।,বিশ্ব সিওপি-২১ চুক্তি অনুযায়ী জলবায়ু পরিবর্তনের বিষয়ে ব্যবস্থা গ্রহণেপ্রতিশ্রুতিবদ্ধ।,COP-21 કરાર મુજબ દુનિયા જળવાયુ પરિવર્તન માટે કટિબદ્ધ છે.,विश्‍व सीओपी-21 समझौते के आधार पर जलवायु परिवर्तन एजेंडा के प्रति संकल्‍पबद्ध है।,ಕಾಪ್ 21 ಒಪ್ಪಂದದ ಆಧಾರದ ಮೇಲೆ ವಿಶ್ವ ಹವಾಮಾನ ಬದಲಾವಣೆ ಕಾರ್ಯಕ್ರಮಕ್ಕೆ ಬದ್ಧವಾಗಿದೆ.,പാരീസ് ഉടമ്പടിയില്‍ അധിഷ്ഠിതമായ കാലാവസ്ഥാ വ്യതിയാന അജണ്ടയ്ക്ക് ലോകം പ്രതിജ്ഞാബദ്ധമാണ്.,মথংগী দিকেদ খরদা ইলেক্ত্রিক ভেহিকলশিং এদোপ্ত তৌরকপগা লোয়ননা ত্রান্সপোর্ত সেক্তরদা চাউনা অহোংবা লাক্লগনি;,-सीओपी-२१ करारावर आधारित हवामान बदल कार्यक्रमाप्रति जग कटिबद्ध आहे.,ଗତ ମାସରେ ଏକ ସଂସ୍ଥା ଦ୍ୱାରା କରାଯାଇଥିବା ଶକ୍ତି ଆକଳନ ବିଷୟରେ ମୁଁ ଜାଣିବାକୁ ପାଇଲି ।,ਵਿਸ਼ਵ ਸੀਓਪੀ-21 ਸਮਝੌਤੇ ਦੇ ਅਧਾਰ ‘ਤੇ ਜਲਵਾਯੂ ਪਰਿਵਰਤਨ ਏਜੰਡੇ ਪ੍ਰਤੀ ਵਚਨਬੱਧ ਹੈ।,பருவநிலை மாற்றம் தொடர்பான பாரீஸ் உடன்படிக்கை அம்சங்களைச் செயல்படுத்த உலகநாடுகள் உறுதிபூண்டுள்ளன.,• సిఒపి- 21 ఒప్పందం నిర్దేశాలకు అనుగుణంగా వాతావరణ మార్పు కార్యక్రమానికి ప్రపంచం కట్టుబడి వుంది.,دنیا، تبدیلیٔ آب و ہوا کے معاملے میں سی او پی-21 معاہدے کے ایجنڈا پر عہد بستہ ہے۔
The Governing Council reviews the work done during the previous year and deliberates upon the future developmental priorities.,গবৰ্নিং কাউন্সিলে বিগত বৰ্ষৰ কাম-কাজৰ পৰ্যালোচনা কৰাৰ লগতে ভৱিষ্যতৰ বিকাশৰ অগ্ৰাধিকাৰমুলক দিশত পৰামৰ্শ আগবঢ়ায়।,এই পর্ষদ বিগত বছরের কাজকর্ম পর্যালোচনা করার পাশাপাশি অগ্রাধিকারপ্রাপ্ত ভবিষ্যৎ উন্নয়নমূলক বিষয়গুলি নিয়েও আলোচনা করবে।,ગવર્નિંગ કાઉન્સિલ અગાઉના વર્ષ દરમિયાન કરેલા કાર્યોની સમીક્ષા કરે છે અને ભવિષ્યની વિકાસ પ્રાથમિકતાઓ પર વિચારણા કરે છે.,प्रशासनिक परिषद पिछले वर्ष के दौरान किए गए कार्यों की समीक्षा करता है और भविष्य की विकास प्राथमिकताओं पर विचार-विमर्श करता है।,ಆಡಳಿತ ಮಂಡಳಿಯು ಕಳೆದ ವರ್ಷದ ಅವಧಿಯಲ್ಲಿ ಆಗಿರುವ ಕಾರ್ಯಗಳ ಪರಾಮರ್ಶೆ ನಡೆಸುತ್ತದೆ ಮತ್ತು ಭವಿಷ್ಯದ ಅಭಿವೃದ್ಧಿ ಆದ್ಯತೆಗಳ ಬಗ್ಗೆ ವಿಚಾರ ವಿಮರ್ಶೆ ನಡೆಸುತ್ತದೆ.,യോഗം കഴിഞ്ഞ വര്‍ഷം നടത്തിയ പ്രവര്‍ത്തനങ്ങള്‍ വിലയിരുത്തുകയും വരുംകാലത്തെ വികസനപദ്ധതികള്‍ സംബന്ധിച്ച മുന്‍ഗണനകള്‍ തീരുമാനിക്കുകയും ചെയ്യും.,"নীতি আয়োগকী গবর্নিং কাউন্সিল অসি রাজ্যশিংনা এক্তিব ওইনা শরুক য়াবগা লোয়ননা নেস্নেল দিবেলপমেন্ত প্রায়োরিতিশিং, সেক্তরশিং অমসুং স্ত্রেতেজিজদা থবক তৌরিবা বোদী অমনি।",या बैठकीत गेल्यावर्षी राबवण्यात आलेल्या विविध योजनांचा आढावा घेतला जाईल तसेच भविष्यातल्या योजनांचा प्राधान्यक्रम ठरवला जाईल.,ବିକାଶ ପ୍ରସଙ୍ଗଗୁଡିକର ରୂପରେଖ ପ୍ରସ୍ତୁତ କରିବାରେ ରାଜ୍ୟମାନଙ୍କୁ ସକ୍ରିୟ ଭାବେ ସାମିଲ କରିବା ଦିଗରେ ମଧ୍ୟ ପରିଚାଳନା ପରିଷଦ ଅଗ୍ରଣୀ ଭୂମିକା ତୁଲାଇ ଥାଏ ।,ਗਵਰਨਿੰਗ ਕੌਂਸਲ ਪਿਛਲੇ ਸਾਲ ਦੇ ਦੌਰਾਨ ਕੀਤੇ ਗਏ ਕੰਮ ਦੀ ਸਮੀਖਿਆ ਕਰਦੀ ਹੈ ਅਤੇ ਭਵਿੱਖੀ ਵਿਕਾਸ ਤਰਜੀਹਾਂ ਬਾਰੇ ਵਿਚਾਰ ਕਰਦੀ ਹੈ।,கடந்த ஆண்டு மேற்கொள்ளப்பட்ட செயல்பாடுகள் வருங்கால வளர்ச்சித் திட்ட கவனங்கள் குறித்து இந்த நிர்வாகக்குழு ஆய்வு செய்யும்.,"క్రితం సంవత్సరంలో చేసిన పనులను పాలక మండలి సమీక్షిస్తుంది; అలాగే, భవిష్యత్తులో సాధించవలసిన అభివృద్ధి కి ప్రాధాన్యాలపై చర్చను చేపడుతుంది.",گورننگ کونسل سابقہ سال کے دوران کئے گئے کاموں کا جائزہ لیتی ہے اور ترقی سے متعلق مستقبل کی ترجیحات کے بارے میں صلاح و مشورہ کرتی ہے۔
"Earlier in October 2015, family members of Netaji Subhas Chandra Bose had met PM and requested for declassification of the files relating to Netaji, available with the Government of India.",ইয়াৰ পূৰ্বে প্রধানমন্ত্রীয়ে ২০১৫ৰ অক্টোবৰত নেতাজী সুভাষ চন্দ্র বসুৰ পৰিয়ালৰ সদস্যসকলে দেখা কৰি কেন্দ্রীয় চৰকাৰৰ তত্ত্বাৱধানত থকা নেতাজী সম্পর্কীয় বিভিন্ন ফাইল প্রকাশৰ বাবে তেওঁক অনুৰোধ জনায়।,"এর আগে, ২০১৫-র অক্টোবরে নেতাজী সুভাষ চন্দ্র বসুর পরিবারের সদস্যরা প্রধানমন্ত্রী সঙ্গে দেখা করে কেন্দ্রীয় সরকাররের হেফাজতে থাকা নেতাজী সম্পর্কিত বিভিন্ন ফাইল প্রকাশের জন্য তাঁকে অনুরোধ জানান।",આ અગાઉ ઓક્ટોબર 2015માં નેતાજી સુભાષચંદ્ર બોઝના પરિવારના સભ્યો પ્રધાનમંત્રીશ્રીને મળ્યા હતા અને ભારત સરકાર પાસે પડેલી નેતાજી અંગેની ફાઈલોનું ડીક્લાસીફિકેશન કરવા વિનંતી કરી હતી.,"इससे पहले अक्तूबर, 2015 में नेताजी सुभाष चन्द्र बोस के परिजनों ने प्रधानमंत्री से मुलाकात की थी और भारत सरकार के पास उपलब्ध नेताजी से जुड़ी फाइलों को गैर-वर्गीकृत करने का अनुरोध किया था।",ಇದಕ್ಕೆ ಮೊದಲು 2015 ರ ಅಕ್ಟೋಬರ್ ತಿಂಗಳಲ್ಲಿ ನೇತಾಜಿ ಸುಭಾಷ್ ಚಂದ್ರ ಬೋಸ್ ಅವರ ಕುಟುಂಬದ ಸದಸ್ಯರು ಪ್ರಧಾನಮಂತ್ರಿ ಅವರನ್ನು ಭೇಟಿಯಾಗಿದ್ದರು ಮತ್ತು ಭಾರತ ಸರಕಾರದ ಬಳಿಯಲ್ಲಿರುವ ನೇತಾಜಿ ಅವರಿಗೆ ಸಂಬಂಧಿಸಿದ ಕಡತಗಳನ್ನು ವರ್ಗೀಕರಣದಿಂದ ಮುಕ್ತಮಾಡುವಂತೆ ಕೋರಿದ್ದರು.,നേരത്തെ 2015ല്‍ നേതാജി സുഭാഷ്ചന്ദ്രബോസിന്റെ കുടുംബാംഗങ്ങള്‍ പ്രധാനമന്ത്രിയെ സന്ദര്‍ശിച്ച് നേതാജിയുമായി ബന്ധപ്പെട്ട് ഇന്ത്യാ ഗവണ്‍മെന്റിന്റെ പക്കലുള്ള ഫയലുകള്‍ പരസ്യപ്പെടുത്തണമെന്ന് ആവശ്യപ്പെട്ടിരുന്നു.,মমাংদা ২০১৫গী ওক্তোবর থাদা নেতাজী সুভাস চন্দ্র বোসকী ইমুংগী মীওইশিংনা প্রধান মন্ত্রীগা উনখি অমসুং ভারত সরকারনা ফংলিবা নেতাজীগা মরী লৈনবা ফাইলশিং দিক্লাসিফিকেসন তৌবিনবা হায়জখি।,तत्पूर्वी ऑक्टोबर 2015 मध्ये नेताजी सुभाषचंद्र बोस यांच्या कुटुंबियांनी पंतप्रधानांची भेट घेऊन नेताजींशी संबंधित भारत सरकारकडे उपलब्ध असलेल्या फाइल्स उघड करण्याची विनंती केली होती.,ପୂର୍ବରୁ ଅକ୍ଟୋବର 2015ରେ ନେତାଜୀ ସୁଭାଷ ଚନ୍ଦ୍ର ବୋଷଙ୍କ ପରିବାର ସଦସ୍ୟମାନେ ପ୍ରଧାନମନ୍ତ୍ରୀଙ୍କୁ ଭେଟିଥିଲେ ଏବଂ ଭାରତ ସରକାରଙ୍କ ନିକଟରେ ଥିବା ନେତାଜୀଙ୍କ ସଂକ୍ରାନ୍ତ ଗୋପନୀୟ ଫାଇଲକୁ ଜାରି କରିବା ପାଇଁ ଅନୁରୋଧ କରିଥିଲେ ।,"ਇਸ ਤੋਂ ਪਹਿਲਾਂ ਅਕਤੂਬਰ, 2015 ਵਿੱਚ ਨੇਤਾਜੀ ਸੁਭਾਸ਼ ਚੰਦਰ ਬੋਸ ਦੇ ਪਰਿਵਾਰਕ ਮੈਂਬਰਾਂ ਨੇ ਪ੍ਰਧਾਨ ਮੰਤਰੀ ਨਾਲ ਮੁਲਾਕਾਤ ਕੀਤੀ ਸੀ ਅਤੇ ਭਾਰਤ ਸਰਕਾਰ ਦੇ ਕੋਲ ਉਪਲੱਬਧ ਨੇਤਾਜੀ ਨਾਲ ਜੁੜੀਆਂ ਫਾਈਲਾਂ ਨੂੰ ਗ਼ੈਰ-ਵਰਗੀਕ੍ਰਿਤ ਕਰਨ ਦੀ ਬੇਨਤੀ ਕੀਤੀ ਸੀ।","முன்னதாக, நேதாஜி சுபாஷ் சந்திர போஸின் குடும்ப உறுப்பினர்கள் அக்டோபர் 2015-ல் பிரதமரை சந்தித்து மத்திய அரசிடம் உள்ள நேதாஜி தொடர்பான கோப்புகளை வகை பிரித்து வெளியிட வேண்டும் என்று கேட்டுக் கொண்டனர்.","అంత‌క్రితం 2015వ సంవ‌త్స‌రం అక్టోబ‌రు లో, నేతాజీ సుభాష్ చంద్ర బోస్ కుటుంబ స‌భ్యులు ప్ర‌ధాన మంత్రి తో భేటీ అయ్యి నేతాజీ కి సంబంధించిన‌, ప్ర‌భుత్వం వ‌ద్ద ఉన్న ఫైళ్ళ డీక్లాసిఫికేశన్ కై అభ్య‌ర్ధించారు.",قبل ازیں اکتوبر 2015 میں آنجہانی نیتاجی سبھاش چندر بوس کے کنبے کے لوگوں نے وزیراعظم سے ملاقات کی تھی اور ان سے حکومت ہند کی تحویل میں موجود نیتاجی سے متعلق خفیہ دستاویزات پیش کرنے کی درخواست کی تھی۔
"At Junagadh, the Prime Minister will inaugurate several development projects.",প্ৰধানমন্ত্ৰীয়ে জুনাগড়ত একাধিক উন্নয়নমুলক প্ৰকল্পৰ উদ্বোধন কৰিব।,প্রধানমন্ত্রী জুনাগড়ে একাধিক উন্নয়নমূলক প্রকল্পের উদ্বোধন করবেন।,પ્રધાનમંત્રી જૂનાગઢમાં કેટલીક વિકાસલક્ષી પરિયોજનાઓનું ઉદઘાટન કરશે.,जूनागढ़ में प्रधानमंत्री कई विकास परियोजनाओं का उद्घाटन करेंगे।,ಜುನಾಘಡ್ ನಲ್ಲಿ ಪ್ರಧಾನಮಂತ್ರಿ ಅವರು ವಿವಿಧ ಅಭಿವೃದ್ಧಿ ಯೋಜನೆಗಳನ್ನು ಉದ್ಘಾಟಿಸಲಿದ್ದಾರೆ.,ജുനഗഢില്‍ അദ്ദേഹം പല വികസന പദ്ധതികളുടെയും ഉദ്ഘാടനം നിര്‍വഹിക്കും.,জুনাগরদা প্রধান মন্ত্রীনা চাউখৎ-থৌরাংগী প্রোজেক্তশিং হৌদোক্কনি।,जुनागढ येथे पंतप्रधान विविध विकास योजनांचे उद्‌घाटन करतील.,ଜୁନାଗଡ଼ଠାରେ ପ୍ରଧାନମନ୍ତ୍ରୀ ବିଭିନ୍ନ ବିକାଶମୂଳକ ପ୍ରକଳ୍ପର ଉଦଘାଟନ କରିବେ ।,ਜੂਨਾਗੜ੍ਹ (Junagadh) ਵਿੱਚ ਪ੍ਰਧਾਨ ਮੰਤਰੀ ਕਈ ਵਿਕਾਸ ਪ੍ਰੋਜੈਕਟਾਂ ਦਾ ਉਦਘਾਟਨ ਕਰਨਗੇ।,ஜூனாகடில் பல்வேறு வளர்ச்சித் திட்டங்களையும் பிரதமர் தொடங்கி வைப்பார்.,జూనాగ‌ఢ్ లో అనేక అభివృద్ధి ప‌థ‌కాల‌ను ప్ర‌ధాన మంత్రి ప్రారంభించనున్నారు.,وزیراعظم جونا گڑھ میں مختلف ترقیاتی پروجیکٹس کا افتتاح کریں گے۔
The MoUs provide a platform for Indian Railways to interact and share the latest developments and knowledge in the railway sector.,এই বুজাবুজিৰ চুক্তিসমূহে ভাৰতীয় ৰে’ল বিভাগক এই ক্ষেত্ৰত হৈ থকা শেহতীয়া অগ্ৰগতিসমূহৰ বিষয়ে অৱগত কৰি ৰখাত সহায় কৰিছে।,এই চুক্তির ফলে ভারতীয় রেল ট্রেন চলাচল সংক্রান্ত সর্বশেষ তথ্য জানতে পারবে এবং এক্ষেত্রে ফরাসী সংস্হার সঙ্গে মত বিনিময়ও করতে পারবে।,બી) 2016-17 માટે રાજ્યની પાત્રતા નિર્ધારિત કરવા માટે 2014-15ના રાજ્યના નાણા હિસાબમાં દર્શાવેલ આઈપી/ટીઆરઆર ગુણોત્તર તથા ઋણ/જીએસડીપી ગુણોત્તર પ્રાસંગિક રહેશે.,समझौता ज्ञापन भारतीय रेलवे को रेल क्षेत्र में नवीनतम विकास और ज्ञान के आदान-प्रदान का अवसर प्रदान करता है।,ಈ ತಿಳಿವಳಿಕೆ ಒಪ್ಪಂದವು ಭಾರತೀಯ ರೈಲ್ವೆಗೆ ರೈಲ್ವೆ ವಲಯದಲ್ಲಿನ ಇತ್ತೀಚಿನ ಬೆಳವಣಿಗೆಗಳು ಮತ್ತು ಜ್ಞಾನ ಕುರಿತಂತೆ ಚರ್ಚಿಸಲು ಮತ್ತು ಹಂಚಿಕೊಳ್ಳಲು ವೇದಿಕೆ ಕಲ್ಪಿಸುತ್ತದೆ.,റെയില്‍വേ മേഖലയിലെ ഏറ്റവും പുതിയ വിവരങ്ങളും വിജ്ഞാനവുമായി സംവദിക്കാനും പങ്കുവയ്ക്കാനും ഈ ധാരണാപത്രം ഇന്ത്യന്‍ റെയില്‍വേയ്ക്ക് ഒരു വേദി ലഭ്യമാക്കും.,এমওয়ু অসিনা রেলৱে সেক্তরদা খ্বাইদগী নৌবা দিবলপমেন্ত অমসুং ৱাখল্লোনশিংদা ভারত রেলৱেনা ইন্তরেক্ত অমসুং সেয়ার তৌনবা প্লেতফোর্ম অমা ফংহল্লে ।,या करारामुळे भारतीय रेल्वेला रेल्वे क्षेत्रातील नवीन घडामोडी आणि ज्ञान याबाबत माहितीचे आदान -प्रदान करण्यासाठी एक व्यासपीठ उपलब्ध झाले आहे.,ରେଳବାଇ କ୍ଷେତ୍ରରେ ସଦ୍ୟତମ ବିକାଶ ଓ ଜ୍ଞାନ କୌଶଳର ବିନିମୟ ଏବଂ ବିଚାର ଆଲୋଚନା ଲାଗି ଏହି ଏମଓୟୁ ଭାରତୀୟ ରେଳବାଇକୁ ମଂଚ ପ୍ରଦାନ କରିବ ।,ਐਮ ਓ ਯੂ ਵਿੱਚ ਭਾਰਤੀ ਰੇਲਵੇ ਨੂੰ ਇੱਕ ਪਲੇਟਫਾਰਮ ਮੁਹੱਈਆ ਕਰਵਾਉਣ ਦਾ ਪ੍ਰਬੰਧ ਹੈ ਜਿਸ ਰਾਹੀਂ ਉਹ ਰੇਲਵੇ ਖੇਤਰ ਵਿੱਚ ਤਾਜ਼ਾ ਘਟਨਾਵਾਂ ਅਤੇ ਗਿਆਨ ਬਾਰੇ ਗੱਲਬਾਤ ਸਾਂਝੀ ਕਰ ਸਕਦਾ ਹੈ।,"இந்த புரிந்துணர்வு ஒப்பந்தமானது, இந்திய ரயில்வே, ரயில்வே துறையில் ஏற்பட்டுள்ள நவீன தொழில்நுட்ப வளர்ச்சி குறித்தும் தகவல்களை பகிர்ந்து கொள்ளவும், ஆலோசிக்கவும் வழித்தடத்தை ஏற்படுத்தித் தரும்.","రైల్వే రంగంలో ప్ర‌పంచంలోని ఇత‌ర దేశాల్లో చోటు చేసుకుంటున్న తాజా ప‌రిణామాల‌పై అవ‌గాహ‌నను, విజ్ఞానాన్ని పంచుకొనేందుకు భారతీయ రైల్వేలకు ఒక వేదికను ఈ ఎమ్ ఒ యు లు క‌ల్పిస్తాయి.",یہ مفاہمت نامہ ریلوے کے شعبے میں تازہ ترین پیش رفت اور معلومات کے تبادلے کے لئے بھارتی ریلوے کے لئے ایک پلیٹ فارم فراہم کرے گا۔
"The Prime Minister reviewed the progress of nine infrastructure projects in the railway, road, petroleum, and power sectors.","প্ৰধানমন্ত্ৰীয়ে ৰে’লৱে, পথ, পেট্ৰ’লিয়াম আৰু শক্তিখণ্ডকে ধৰি ৯টা প্ৰধান আন্তঃগাঁথনিমুলক প্ৰকল্পৰ অগ্ৰগতিৰ পৰ্যালোচনা কৰে।","শ্রী মোদী এরপর রেল সড়ক, পেট্রোলিয়াম এবং বিদ্যুৎ ক্ষেত্রে ৯টি পরিকাঠামোমূলক প্রকল্পের প্রগতি সম্পর্কেও পর্যালোচনা করেন।","પ્રધાનમંત્રીએ રેલવે, રોડ, પેટ્રોલિયમ અને ઊર્જાનાં ક્ષેત્રની નવ માળકિય બાંધકામની પરિયોજનાઓમાં થયેલી પ્રગતિની સમીક્ષા કરી હતી.","प्रधानमंत्री ने रेल, सड़क, पेट्रोलियम तथा ऊर्जा क्षेत्रों की 9 अवसंरचना परियोजनाओं की प्रगति की समीक्षा की।","ರೈಲ್ವೆ, ರಸ್ತೆ, ಪೆಟ್ರೋಲಿಯಂ ಮತ್ತು ಇಂಧನ ವಲಯಗಳಲ್ಲಿನ 9 ಮೂಲಸೌಕರ್ಯ ಯೋಜನೆಗಳ ಪ್ರಗತಿಯನ್ನು ಪ್ರಧಾನ ಮಂತ್ರಿ ಪರಾಮರ್ಶಿಸಿದರು.","റെയില്‍വേ, റോഡ്, പെട്രോളിയം, ഊര്‍ജം എന്നീ മേഖലകളിലെ ഒന്‍പത് അടിസ്ഥാനസൗകര്യ വികസന പദ്ധതികളുടെ പുരോഗതി വിലയിരുത്തപ്പെട്ടു.","প্রধান মন্ত্রীনা রেলৱে, রোদ, পেত্রোলিয়ম অমদি পৱার সেক্তরশিংদা পায়খৎলিবা ইনফ্রাস্ত্রকচর প্রোজেক্ত মাপলগী প্রোগ্রেস অদু নৌহৌনা য়েংশিনখি।","रेल्वे, रस्ते, पेट्रोलियम आणि ऊर्जा क्षेत्रातील 9 पायाभूत सुविधा प्रकल्पांच्या प्रगतीचा पंतप्रधानांनी आढावा घेतला.","ପ୍ରଧାନମନ୍ତ୍ରୀ ଏହି ବୈଠକରେ ରେଳବାଇ, ସଡ଼କ, ପେଟ୍ରୋଲିୟମ ଓ ଶକ୍ତି ସେକ୍ଟରର ନଅଟି ଭିତ୍ତିଭୂମି ପ୍ରକଳ୍ପର କାର୍ଯ୍ୟପ୍ରଗତି ସଂପର୍କରେ ସମୀକ୍ଷା କରିଥିଲେ ।","ਪ੍ਰਧਾਨ ਮੰਤਰੀ ਨੇ ਰੇਲਵੇ, ਸੜਕ, ਪੈਟਰੋਲੀਅਮ ਅਤੇ ਬਿਜਲੀ ਖੇਤਰਾਂ ਵਿੱਚ 9 ਬੁਨਿਆਦੀ ਢਾਂਚਾ ਪ੍ਰੋਜੈਕਟਾਂ ਦੀ ਪ੍ਰਗਤੀ ਦਾ ਸਮੀਖਿਆ ਕੀਤੀ।","ரயில்வே, சாலை, பெட்ரோலியம், எரிசக்தித் துறைகளில் உள்ள ஒன்பது உள்கட்டமைப்புத் திட்டங்களின் வளர்ச்சியை பிரதமர் ஆய்வு செய்தார்.","రైల్వేలు, ర‌హ‌దారులు, పెట్రోలియ‌మ్, ఇంకా విద్యుత్తు రంగాల‌లో 9 అవ‌స్థాప‌న ప‌థ‌కాల‌లో చోటు చేసుకొన్న పురోగ‌తి ని ప్ర‌ధాన మంత్రి స‌మీక్షించారు.",وزیراعظم نے ، ریلوے، سڑک، پٹرولیم اور بجلی کے شعبوں کے 9 بنیادی ڈھانچہ پروجیکٹوں کا جائزہ لیا۔
"Under Pradhan Mantri MUDRA Yojana, Government has so fargiven out 12 crore loans worth Rs. 5.75 lakh crore.",ইয়াৰ জৰিয়তে ২৮ শতাংশ অর্থাৎ ৩.২৫ লাখ কোটি টকা মূল্যৰ ঋণ প্রথমবাৰ উদ্যোগ বা ব্যৱসায় আৰম্ভ কৰা উদ্যোগীক দিয়া হৈছে।,প্রধানমন্ত্রী মুদ্রা যোজনার মাধ্যমে এখনও পর্যন্ত ৫ লক্ষ ৭৫ হাজার কোটি টাকা মূল্যের ১২ কোটি ঋণ দেওয়া হয়েছে।,પ્રધાનમંત્રી મુદ્રા યોજના અંતર્ગત સરકારે અત્યાર સુધીમાં 5.75 લાખ કરોડ રૂપિયાની કુલ 12 કરોડ લોન મંજુર કરી છે.,प्रधानमंत्री मुद्रा योजना के अंतर्गत केंद्र सरकार ने अब तक 5.75 लाख करोड़ की राशि के 12 करोड़ रूपए के ऋण प्रदान किये हैं।,"ಪ್ರಧಾನಮಂತ್ರಿಗಳ `ಮುದ್ರಾ’ ಯೋಜನೆಯಡಿ ಕೇಂದ್ರ ಸರಕಾರವು ಇದುವರೆಗೆ 12 ಕೋಟಿ ಸಾಲಗಳನ್ನು ನೀಡಿದ್ದು, ಈ ಮೂಲಕ 5.75 ಲಕ್ಷ ಕೋಟಿ ರೂಪಾಯಿಗಳಷ್ಟು ಹಣವನ್ನು ಒದಗಿಸಿದೆ.",പ്രധാനമന്ത്രി മുദ്രാ യോജനയ്ക്ക് കീഴില്‍ ഗവണ്‍മെന്റ് ഇതുവരെ 5.75 ലക്ഷം കോടി രൂപയുടെ 12 കോടി വായ്പകള്‍ നല്‍കിയിട്ടുണ്ട്.,"প্রধান মন্ত্রী মুদ্রা য়োজনাগী মখাদা, সরকার অসিনা হৌজিক ফাওবদা লোন কোতি ১২, শেনফম ওইনা লুপা কোতি লাখ ৫.৭৫ পীখ্রে।",प्रधानमंत्री मुद्रा योजनेअंतर्गत सरकारने आतापर्यंत 12 कोटी रुपये कर्जापैकी 5.75 लाख कोटी रुपयांचे कर्ज वितरीत केले आहे.,ପ୍ରଧାନମନ୍ତ୍ରୀ ମୁଦ୍ରା ଯୋଜନା ଅଧୀନରେ ସରକାର ଏପର୍ଯ୍ୟନ୍ତ 5.75ଲକ୍ଷ କୋଟି ଟଙ୍କାର ବାର କୋଟି ଋଣ ପ୍ରଦାନ କରିଛନ୍ତି ।,ਪ੍ਰਧਾਨ ਮੰਤਰੀ ਮੁਦਰਾ ਯੋਜਨਾ ਤਹਿਤ ਕੇਂਦਰ ਸਰਕਾਰ ਨੇ ਹੁਣ ਤੱਕ 5.75 ਲੱਖ ਕਰੋੜ ਦੀ ਰਾਸ਼ੀ ਦੇ 12 ਕਰੋੜ ਰੁਪਏ ਦੇ ਕਰਜ਼ੇ ਪ੍ਰਦਾਨ ਕੀਤੇ ਹਨ।,"பிரதமரின் முத்ரா திட்டத்திற்கு கீழ், அரசு இதுவரை ரூ.5.75 லட்சம் கோடி மதிப்பிலான 12 கோடி கடன்களை வழங்கியிருக்கிறது.","ప్ర‌ధాన మంత్రి ముద్ర యోజ‌న లో భాగంగా, ప్ర‌భుత్వం ఇంత‌వ‌ర‌కు 5.75 ల‌క్ష‌ల కోట్ల విలువైన 12 కోట్ల రుణాల‌ను ఇచ్చింది.",پردھان منتری مدرا یوجنا کے تحت حکومت نے اب تک 5.75 لاکھ کروڑ روپئے پر مشتمل 12 کروڑ قرض تقسیم کئے ہیں ۔
"The Prime Minister stressed on providing maximum benefit to the poor and marginalized sections of society, under this scheme.",প্ৰধানমন্ত্ৰীয়ে এই আঁচনিৰ অধীনত সমাজৰ দাৰিদ্ৰ তথা প্ৰান্তঃৱৰ্তী অংশটোক সৰ্বাধিক সুবিধা প্ৰদানৰ ক্ষেত্ৰত গুৰুত্ব প্ৰদান কৰিছে৷,"প্রধানমন্ত্রী এই বিমা প্রকল্পের সুযোগ যাতে সমাজের দরিদ্র এবং প্রান্তিক মানুষ সব থেকে বেশি পায়, সে ব্যাপারে নজর দেওয়ার ওপর জোর দেন।",પ્રધાનમંત્રીએ આ યોજના હેઠળ સમાજના ગરીબ અને પછાત વર્ગના લોકોને વધુમાં વધુમાં લાભ મળે તે માટે ભારપૂર્વક જણાવ્યું હતું.,प्रधान मंत्री ने इस योजना के तहत समाज के गरीब और निचले तबके के लोगों के लिए अधिकतम लाभ सुनिश्चित करने पर जोर दिया।,ಈ ಯೋಜನೆಯಡಿ ಸಮಾಜದ ಬಡ ಹಾಗೂ ದುರ್ಬಲ ವರ್ಗದವರಿಗೆ ಗರಿಷ್ಠ ಪ್ರಯೋಜನ ಒದಗಿಸಿಕೊಡಲು ಒತ್ತು ನೀಡಬೇಕೆಂದು ಪ್ರಧಾನಿ ಪ್ರತಿಪಾದಿಸಿದರು.,"ഈ പദ്ധതി മുഖേന സമൂഹത്തിലെ പാവപ്പെട്ടവര്‍ക്കും, പാര്‍ശ്വവല്‍ക്കരിക്കപ്പെട്ടവര്‍ക്കും പരമാവധി പ്രയോജനം ലഭ്യമാക്കേണ്ടതിന്റെ പ്രാധാന്യം പ്രധാനമന്ത്രി ഊന്നി പറഞ്ഞു.",স্কিম অসিগী মখাদা লাইরবা অমসুং খুন্নাইগী শোত্থরবা কাংলুপশিংদা খ্বাইদগী য়াম্না কান্নবা ফংহন্নবা প্রধান মন্ত্রীনা অকনবা ৱাফম থমখি।,"या योजनेचा लाभ समाजातल्या अतिशय गरीब आणि खऱ्या गरजू लोकांना मिळावा, यावर पंतप्रधान मोदी यांनी भर दिला.",ଆୟୁଷ୍ମାନ ଭାରତ ଯୋଜନା ଅଧିନରେ ସବୁ ଗରୀବ ଓ ନିଷ୍ପେସିତ ପରିବାରକୁ ସର୍ବାଧିକ ସ୍ୱାସ୍ଥ୍ୟ ସେବାର ସୁବିଧା ପହଞ୍ଚାଇବା ଉପରେ ପ୍ରଧାନମନ୍ତ୍ରୀ ଗୁରୁତ୍ୱାରୋପ କରିଥିଲେ ।,ਪ੍ਰਧਾਨ ਮੰਤਰੀ ਨੇ ਇਸ ਸਕੀਮ ਦੇ ਤਹਿਤ ਸਮਾਜ ਦੇ ਗ਼ਰੀਬ ਅਤੇ ਹਾਸ਼ੀਏ ’ਤੇ ਗਏ ਵਰਗਾਂ ਨੂੰ ਵੱਧ ਤੋਂ ਵੱਧ ਲਾਭ ਦੇਣ ’ਤੇ ਜ਼ੋਰ ਦਿੱਤਾ।,இந்தத் திட்டத்தின் கீழ் சமுதாயத்தில் உள்ள ஏழை மற்றும் ஒடுக்கப்பட்டக் குடும்பங்களுக்கு அதிகபட்சப் பயன்களை அளிக்க வேண்டியதன் முக்கியத்துவத்தை பிரதமர் வலியுறுத்தினார்.,స‌మాజం లోని పేద‌లు మ‌రియు అణ‌గారిన వ‌ర్గాల వారికి గ‌రిష్ఠ ప్ర‌యోజ‌నాన్ని ఈ ప‌థ‌కంలో భాగంగా అంద‌జేయాల‌ని ప్ర‌ధాన మంత్రి నొక్కి చెప్పారు.,وزیراعظم نے اس موقع پر غربیو ںاور سماج کے حاشئے پر پڑے لوگوں کو اس اسکیم سے زیادہ سے زیادہ فائدہ پہنچانے پر زور دیا ۔
He also spoke of the benefits that the other development projects launched today would bring about.,সম্প্রসাৰিত আৰু অত্যাধুনিক এই প্রকল্পটোক তেওঁ নব্য ভাৰত গঠনৰ এক শক্তিশালী সঁজুলি বুলি কয়।,যে উন্নয়ন প্রকল্পগুলির আজ সূচনা হল সেগুলিও আখেরে সাধারণের উপকারে আসবে বলে মন্তব্য করেন প্রধানমন্ত্রী।,આજના દિવસે અન્ય વિકાસ કાર્યો કે જેમનું લોકાર્પણ કરવામાં આવ્યું હતું તેમના ફાયદાઓ અંગે પણ તેમણે માહિતી આપી હતી.,उन्होंने उन फायदों के बारे में भी बताया जो आज लांच की गई अन्य विकास परियोजनाओं से सुनिश्चित होंगे।,ಇಂದು ಚಾಲನೆ ನೀಡಲಾದ ವಿವಿಧ ಅಭಿವೃದ್ಧಿ ಯೋಜನೆಗಳಿಂದ ಆಗುವ ಪ್ರಯೋಜನದ ಬಗ್ಗೆಯೂ ಅವರು ಮಾತನಾಡಿದರು.,ഇന്ന് ഉദ്ഘാടനം ചെയ്യപ്പെട്ട മറ്റു പദ്ധതികള്‍കൊണ്ട് ഉണ്ടാകാന്‍ പോകുന്ന നേട്ടങ്ങളും പ്രധാനമന്ത്രി വിശദീകരിച്ചു.,ঙসি হৌদোকখিবা অতোপ্পা দিবেলপমেন্ত প্রোজেক্তশিংনা পুরক্কদৌরিবা কান্নবশিং অদুসু মহাক্না পনখি।,त्यांच्या उपस्थितीत शुभारंभ झालेल्या विविध विकास प्रकल्पांचीही त्यांनी माहिती दिली.,ସରକାର ଆଜି ପ୍ରବର୍ତ୍ତନ କରିଥିବା ବିଭିନ୍ନ କଲ୍ୟାଣକର ଯୋଜନାର ସୁଫଳ ସଂପର୍କରେ ପ୍ରଧାନମନ୍ତ୍ରୀ ଉପସ୍ଥିତ ହିତାଧିକାରୀମାନଙ୍କୁ ସୂଚୀତ କରିଥିଲେ ।,ਉਨ੍ਹਾਂ ਨੇ ਉਨ੍ਹਾਂ ਲਾਭਾਂ ਬਾਰੇ ਵੀ ਦੱਸਿਆ ਜੋ ਅੱਜ ਲਾਂਚ ਕੀਤੇ ਗਏ ਵਿਕਾਸ ਪ੍ਰੋਜੈਕਟਾਂ ਨਾਲ ਸੁਨਿਸ਼ਚਿਤ ਹੋਣਗੇ।,இன்று தொடங்கப்பட்ட இதர வளர்ச்சித்திட்டங்களும் மக்களுக்கு பெரும் பயன் அளிக்கும் என்று அவர் கூறினார்.,ఈ రోజు ప్రారంభించిన ఇత‌ర అభివృద్ధి ప‌థ‌కాలు అందించగలిగిన ప్రయోజనాల‌ను గురించి కూడా ఆయ‌న ఏకరువు పెట్టారు.,ان کے فوائد کے بارے میں بھی باتیں کہیں جو دوسرے ترقیاتی پروجیکٹ جن کا افتتاح ہورہا ہے ان سے آئیں گی۔
"Speaking on the occasion, Prime Minister saluted the courage and sacrifice of policemen who laid down their lives for the service of the nation.",অনুষ্ঠানত প্ৰধানমন্ত্ৰীয়ে ৰাষ্ট্ৰৰ সেৱাৰ বাবে প্ৰাণ আহুতি দিয়া আৰক্ষী জোৱানসকলৰ সাহস আৰু ত্যাগক শ্ৰদ্ধাৰে সোঁৱৰণ কৰে৷,অনুষ্ঠানে প্রধানমন্ত্রী দেশের সেবায় জীবন উৎসর্গ করেছেন এমন বীর ও সাহসী পুলিশকর্মীদের কুর্ণিশ জানান।,આ પ્રસંગે પ્રધાનમંત્રીએ દેશની સેવા કાજે પોતાનાં પ્રાણની આહૂતિ આપનાર પોલીસ કર્મચારીઓનાં સાહસ અને બલિદાનને સલામી આપી હતી.,इस अवसर पर प्रधानमंत्री ने राष्ट्र की सेवा करने के लिए अपना जीवन न्यौछावर करने वाले पुलिस कर्मियों के साहस और बलिदान को सलाम किया।,ಪ್ರಧಾನಮಂತ್ರಿ ಅವರು ರಾಷ್ಟ್ರ ಸೇವೆಯಲ್ಲಿ ತಮ್ಮ ಜೀವದಾನ ಮಾಡಿದ ಪೊಲೀಸರುಗಳ ಸಮರ್ಪಣೆ ಹಾಗೂ ಧೈರ್ಯಗಳಿಗೆ ಗೌರವ ಸಲ್ಲಿಸಿದರು.,"ചടങ്ങില്‍ പ്രസംഗിക്കവേ, രാഷ്ട്ര സേവനത്തിനായി ജീവന്‍ ബലിയര്‍പ്പിച്ച പൊലീസുകാര്‍ക്ക് അദ്ദേഹം അഭിവാദ്യം അര്‍പ്പിച്ചു.",থৌরম অদুদা প্রধান মন্ত্রীনা লৈবাক্কীদমক থৱায় কৎখ্রবা পুলিসকী মীওইশিংদা ইকাইখুম্নবা উৎখি।,या प्रसंगी बोलताना पंतप्रधानांनी देशसेवेसाठी आपले जीवन समर्पित केलेल्या पोलिसांच्या धैर्याला व बलिदानाला सलाम केला.,ଏହି ଅବସରରେ ବକ୍ତବ୍ୟ ରଖି ପ୍ରଧାନମନ୍ତ୍ରୀ ଦେଶ ପାଇଁ ଜୀବନ ଉତ୍ସର୍ଗ କରିଥିବା ପୁଲିସମାନଙ୍କର ସାହସ ଏବଂ ତ୍ୟାଗକୁ ସାଲ୍ୟୁଟ କରିଥିଲେ ।,"ਮੌਕੇ 'ਤੇ ਬੋਲਦਿਆਂ, ਪ੍ਰਧਾਨ ਮੰਤਰੀ ਨੇ ਰਾਸ਼ਟਰ ਦੀ ਸੇਵਾ ਲਈ ਆਪਣੀਆਂ ਜਾਨਾਂ ਕੁਰਬਾਨ ਕਰਨ ਵਾਲੇ ਪੁਲਿਸ ਕਰਮੀਆਂ ਦੇ ਸਾਹਸ ਤੇ ਕੁਰਬਾਨੀ ਨੂੰ ਨਮਨ ਕੀਤਾ।","நிகழ்ச்சியில் பேசிய பிரதமர், தேசிய சேவையில், தங்கள் இன்னுயிரை ஈந்த தீரச் செயலுக்காக காவல் பணியாளர்களை வணங்குவதாக பிரதமர் கூறினார்.","దేశమాత సేవలో ప్రాణాలర్పించిన పోలీసుల అసమాన ధైర్యసాహసాలు, త్యాగనిరతిని ప్రధానమంత్రి తన ప్రసంగంలో కొనియాడుతూ వారికి వందనం సమర్పించారు.",اس موقع پر خطاب کرتے ہوئے وزیر اعظم نے قوم کی خدمت کے لیے اپنی جان نچھاور کرنے والے پولیس اہلکاروں کے حوصلے اور قربانی کو سلام کیا۔
We also need to move towards transparent and flexible markets for both oil and gas.,উৎপাদক আৰু গ্রাহক উভয়ৰ স্বার্থৰ মাজত ভাৰসাম্য আনিব লাগিব।,তেল এবং গ্যাসের বাজারের ক্ষেত্রে আমাদের আরও বেশি করে স্বচ্ছ এবং স্হিতিস্হাপক দৃষ্টিভঙ্গি গ্রহণ করতে হবে।,આપણે ઓઇલ અને ગેસ એમ બંનેનાં પારદર્શક અને અનુકૂળ બજારો તરફ આગળ વધવાની જરૂર પણ છે.,उन्होंने कहा कि हमें तेल और गैस दोनों के लिए पारदर्शी और लचीले बाजारों की तरफ बढ़ना होगा।,ನಾವು ತೈಲ ಮತ್ತು ಅನಿಲಕ್ಕೆ ಸಂಬಂಧಿಸಿ ಪಾರದರ್ಶಕ ಮತ್ತು ಹೊಂದಾಣಿಕೆಯ ಮಾರುಕಟ್ಟೆಗಳತ್ತ ಸಾಗಬೇಕಾದ ಆವಶ್ಯಕತೆ ಇದೆ.,അതുപോലെ എണ്ണയ്ക്കും വാതകത്തിനും സുതാര്യവും അയവുള്ളതുമായ ഒരു വിപണിയിലേക്കും നമുക്ക് നീങ്ങേണ്ടതുണ്ട്.,থাও অমসুং গ্যাস অনিমক্কী ত্রান্সপরেন্ত অমসুং ফ্লেক্সিবল মার্কেৎশিংগী মায়কৈদসু ঐখোয়না চিংশিনবা মথৌ তাই।,"त्याच्याच पुढे जात, तेल आणि नैसर्गिक वायूच्या बाजारपेठेत पारदर्शकता आणि लवचिकता आणण्याची गरज आहे.",ଆମେ ମଧ୍ୟ ଉଭୟ ତୈଳ ଓ ଗ୍ୟାସ ଲାଗି ଏକ ସ୍ୱଚ୍ଛ ଏବଂ ତନ୍ୟତା ବିଶିଷ୍ଟ ବଜାର ସୃଷ୍ଟି କରିବାକୁ ପଡିବ ।,ਉਨ੍ਹਾਂ ਕਿਹਾ ਕਿ ਸਾਨੂੰ ਤੇਲ ਅਤੇ ਗੈਸ ਦੋਹਾਂ ਲਈ ਪਾਰਦਰਸ਼ੀ ਅਤੇ ਲਚੀਲੇ ਬਜ਼ਾਰਾਂ ਵੱਲ ਵਧਣਾ ਹੋਵੇਗਾ।,எண்ணெய் மற்றும் எரிவாயு சந்தைகளில் நாம் வெளிப்படைத்தன்மையையும் சாதகமான சூழலையும் ஏற்படுத்த வேண்டும்.,ఈ రెంటికీ పార‌ద‌ర్శ‌క‌మైన మ‌రియు స‌ర‌ళ‌త‌ర‌మైన విప‌ణుల దిశ గా కూడా సాగ వ‌ల‌సిన అవ‌స‌రం కూడా ఉంది.,ہمیں تیل اور گیس کے لئے شفافیت سے بھرپور اور لچک دار بازاروں کی جانب بھی بڑھنے کی ضرورت ہے۔
He recalled that the Union Government had earlier rolled out the Jan Dhan Yojana to establish financial inclusion.,অনুষ্ঠানত প্ৰধানমন্ত্ৰীয়ে কয় যে ইণ্ডিয়া প’ষ্ট পেমেণ্টছ বেংকৰ জৰিয়তে দেশৰ অতি দুৰ্গম স্থানৰ লোকেও এতিয়া বেংক সেৱা লাভ কৰিব৷,আর্থিক অন্তর্ভুক্তিকরণের লক্ষ্যে প্রধানমন্ত্রী কেন্দ্রীয় সরকারের জন ধন যোজনা চালু করার কথাও স্মরণ করেন।,"આ કાર્યક્રમમાં પ્રધાનમંત્રીએ યાદ કર્યું હતું કે, અગાઉ કેન્દ્ર સરકારે નાણાકીય સર્વસમાવેશતા સ્થાપિત કરવા જન-ધન યોજના શરૂ કરી હતી.",उन्होंने स्‍मरण किया कि केंद्र सरकार ने इससे पहले वित्तीय समावेश सुनिश्चित करने के लिए ‘जन धन योजना’ शुरू की थी।,ಈ ಮೊದಲು ಜನ ಧನ ಯೋಜನೆಯನ್ನು ವಿತ್ತೀಯ ಸೇರ್ಪಡೆಗಾಗಿ ಜಾರಿಗೆ ತರಲಾಯಿತು ಎಂಬುದನ್ನು ಪ್ರಧಾನ ಮಂತ್ರಿ ಅವರು ಸ್ಮರಿಸಿಕೊಂಡರು.,സാമ്പത്തിക ഉള്‍ച്ചേര്‍ക്കല്‍ ലക്ഷ്യമിട്ടു കേന്ദ്ര ഗവണ്‍മെന്റ് നേരത്തേ ജന്‍ധന്‍ യോജനയ്ക്കു തുടക്കമിട്ട കാര്യം അദ്ദേഹം ഓര്‍മിപ്പിച്ചു.,মহাক্না নীংশিংখি মদুদি কেন্দ্র সরকারনা মসিগী মমাংদা ফাইনান্সিয়েল ইনক্লুজন শেমগৎনবগীদমক্তা ‘জন ধন য়োজনা’ হৌদোকখি।,त्यांनी यावेळी सरकारने या अगोदर लागू केलेल्या जनधन योजनेला उजाळा दिला.,ଆର୍ଥିକ ଅନ୍ତର୍ଭୂକ୍ତୀକରଣ ଉଦ୍ଦେଶ୍ୟରେ କେନ୍ଦ୍ର ସରକାର ପୂର୍ବରୁ ଜନଧନ ଯୋଜନା କାର୍ଯ୍ୟକାରୀ କରିଥିବା ସେ ସ୍ମରଣ କରାଇଦେଇଥିଲେ ।,ਉਨ੍ਹਾਂ ਨੇ ਯਾਦ ਕੀਤਾ ਕਿ ਕੇਂਦਰ ਸਰਕਾਰ ਨੇ ਇਸ ਤੋਂ ਪਹਿਲਾਂ ਵਿੱਤੀ ਸਮਾਵੇਸ਼ ਸੁਨਿਸ਼ਚਿਤ ਕਰਨ ਲਈ ‘ਜਨ ਧਨ ਯੋਜਨਾ’ ਸ਼ੁਰੂ ਕੀਤੀ ਸੀ ।,அனைவரையும் உள்ளடக்கிய நிதிச் சேவையை உருவாக்க ஏற்கெனவே ஜன்தன் எனும் மக்கள் நிதித் திட்டத்தை மத்திய அரசு தொடங்கியதை அவர் நினைவுக்கூர்ந்தார்.,ఆర్థిక స‌మ్మిళితం ల‌క్ష్యాన్ని సాధించడం కోసం కేంద్ర ప్ర‌భుత్వం ఇంత‌కు ముందు ‘జ‌న్ ధ‌న్ యోజ‌న’ ను ప్ర‌వేశ పెట్టిన విష‌యాన్ని ఆయ‌న గుర్తు చేశారు.,انہوں نے یاد دلایا کہ مرکزی حکومت نے اس سے پہلے مالی شمولیت کو یقینی بنانے کے لیے ’جن دھن منصوبہ‘ شروع کیا تھا۔
He will also address the gathering.,এই উপলক্ষে তেওঁ এক জনসভাতো ভাষণ আগবঢ়াব।,পরে একটি জনসমাবেশে ভাষণও দেবেন তিনি।,પછી તેઓ જનસભાને સંબોધિત કરશે.,वे समारोह को संबोधित भी करेंगे।,ಅವರು ಸಾರ್ವಜನಿಕ ಸಭೆಗಳನ್ನುದ್ದೇಶಿಸಿಯೂ ಮಾತನಾಡುವರು.,പൊതുയോഗത്തെ അഭിസംബോധന ചെയ്യുന്നുമുണ്ട്.,মহাক্না মীয়াম তিনবা মীফম অমদসু ৱা ঙাংগনি।,ते उपस्थितांना संबोधितही करणार आहेत.,ସେ ଏକ ଜନସଭାକୁ ମଧ୍ୟ ସମ୍ବୋଧିତ କରିବେ ।,ਉਹ ਇੱਕ ਜਨ ਸਭਾ ਨੂੰ ਵੀ ਸੰਬੋਧਨ ਕਰਨਗੇ।,பொதுக்கூட்டத்திலும் அவர் உரையாற்றுவார்.,అంతేకాకుండా జ‌న స‌మూహాన్ని ఉద్దేశించి ప్ర‌సంగిస్తారు.,اس موقع پر وہ عوامی جلسے سے خطاب بھی کریں گے۔
"The Sides noted the importance of cooperation in the area of transport education, personnel training and scientific support in the implementation of international transport corridors.","দুয়ো পক্ষই পৰিৱহণ, কর্মী প্রশিক্ষণ আৰু আন্তঃৰাষ্ট্ৰীয় পৰিৱহণ কৰিড’ৰ প্রকল্প ৰূপায়ণত প্রযুক্তিগত সহায়ৰ দৰে ক্ষেত্রত সহযোগিতাৰ ওপৰত গুৰুত্ব দিছে।","উভয় পক্ষই পরিবহণ, কর্মী প্রশিক্ষণ এবং আন্তর্জাতিক পরিবহণ করিডর প্রকল্প রূপায়ণে প্রযুক্তিগত সহায়তার মতো ক্ষেত্রে সহযোগিতার ওপর গুরুত্ব দিয়েছে।","બંને પક્ષોએ આંતરરાષ્ટ્રીય પરિવહન કોરિડોરનાં અમલ માટે પરિવહન શિક્ષણ, કર્મચારી તાલીમ અને વૈજ્ઞાનિક સમર્થનનાં ક્ષેત્રમાં સહયોગનાં મહત્ત્વ પર ભાર મૂક્યો.","दोनों पक्षों ने अंतर्राष्ट्रीय यातायात गलियारों के कार्यान्वयन के लिए यातायात शिक्षा, कार्मिक प्रशिक्षण तथा वैज्ञानिक समर्थन के क्षेत्र में सहयोग के महत्व को रेखांकित किया।","ಸಾರಿಗೆ ಶಿಕ್ಷಣ , ಸಿಬ್ಬಂದಿ ತರಬೇತಿ ಮತ್ತು ಅಂತಾರಾಷ್ಟ್ರೀಯ ಸಾರಿಗೆ ಕಾರಿಡಾರುಗಳ ಅನುಷ್ಟಾನದಲ್ಲಿ ವೈಜ್ಞಾನಿಕ ಬೆಂಬಲ ನೀಡುವ ನಿಟ್ಟಿನಲ್ಲಿ ಸಹಕಾರದ ಮಹತ್ವವನ್ನು ಎರಡೂ ಕಡೆಯವರು ಮನವರಿಕೆ ಮಾಡಿಕೊಂಡರು.","ഗതാഗതം, വിദ്യാഭ്യാസം, രാജ്യാന്തര ഗതാഗത ഇടനാഴികള്‍ എന്നിവ നടപ്പാക്കുമ്പോള്‍ ആവശ്യമായ വ്യക്തിപരമായ പരിശീലനം, ശാസ്ത്രീയ പിന്തുണ എന്നീ മേഖലകളിലുള്ള സഹകരണത്തിന്റെ പ്രധാന്യം ഇരുകക്ഷികളും നിരീക്ഷിച്ചു.","ত্রান্সপোর্ত ইজুকেসন, ইন্তরনেসনেল ত্রান্সপোর্ত কোরিদোরগী ত্রেনিং পীবগী মতাংদা মতেং পীনবগী মরুওইবা নাকল অনিনা খঙজিনখি।","आंतरराष्ट्रीय वाहतूक कॉरीडॉरच्या अंमलबजावणीसाठी वाहतूक शिक्षण, कार्मिक प्रशिक्षण, आणि वैज्ञानिक मदत या क्षेत्रात सहकार्याचे महत्व दोनही बाजूनी अधोरेखित केले.","ଉଭୟ ପକ୍ଷ ଅନ୍ତରାଷ୍ଟ୍ରୀୟ ଯାତାୟାତ କରିଡ଼ରକୁ କାର୍ଯ୍ୟାନ୍ୱୟନ ସକାଶେ ପରିବହନ ଶିକ୍ଷା, କାର୍ମିକ ତାଲିମ ଏବଂ ବୈଜ୍ଞାନିକ ସହଯୋଗର ମହତ୍ୱ ଉପରେ ଗୁରୁତ୍ୱାରୋପ କରିଛନ୍ତି ।","ਦੋਹਾਂ ਧਿਰਾਂ ਨੇ ਅੰਤਰਰਾਸ਼ਟਰੀ ਟ੍ਰਾਂਸਪੋਰਟ ਗਲਿਆਰਿਆਂ ਦੇ ਲਾਗੂਕਰਨ ਲਈ ਟ੍ਰਾਂਸਪੋਰਟ ਸਿੱਖਿਆ, ਕਰਮਚਾਰੀ ਟਰੇਨਿੰਗ ਅਤੇ ਵਿਗਿਆਨਕ ਸਮਰਥਨ ਦੇ ਖੇਤਰ ਵਿੱਚ ਸਹਿਯੋਗ ਦੇ ਮਹੱਤਵ ਨੂੰ ਰੇਖਾਂਕਿਤ ਕੀਤਾ।","சர்வதேச போக்குவரத்துத் தொழில்களை நிறைவேற்றும்போது, அவற்றில் போக்குவரத்துக் கல்வி, பணியாளர் பயிற்சி, அறிவியல் உதவி ஆகியவற்றை கருத்தில் கொள்ள வேண்டியதன் முக்கியத்துவத்தை இரு தரப்பினரும் குறிப்பிட்டனர்.","రవాణా సంబంధిత విద్య, సిబ్బంది శిక్షణ మరియు అంతర్జాతీయ రవాణా కారిడార్ల అమలు లో సాంకేతిక సహకారానికి గల ప్రాముఖ్యాన్ని రెండు బృందాలు గుర్తించాయి.",طرفین عالمی ٹرانسپورٹ کاریڈور کے نفاذ میں ٹرانسپورٹ ایجوکیشن ، عملہ کی تربیت اور سائنسی تعاون کے شعبے میں امداد باہمی کی اہمیت کو تسلیم کیا۔
India has jumped 42 places in three years to enter the top hundred in the World Bank’s Ease of Doing Business Report 2018.,"সেয়ে, ভাৰতৰ সৈতে ব্যৱসায়-বাণিজ্য চলাই যোৱা বিষয়টো এতিয়া বিনিয়োগকাৰীসকলৰ সমূখত যথেষ্টখিনি সহজ হৈ উঠিছে।",বাণিজ্যিক কাজকর্ম সহজতর করে তোলার প্রসঙ্গে বিশ্ব ব্যাঙ্কের ২০১৮ সালের প্রতিবেদন অনুযায়ী ৪২টি স্থান অতিক্রম করে ভারতের অবস্থান এখন শীর্ষস্থানীয় ১০০টি দেশের মধ্যে।,વિશ્વ બેંકના વ્યાપાર-વાણિજ્ય માટે સરળતા માટેના 2018ના અહેવાલમાં ભારતે છેલ્લા ત્રણ વર્ષમાં 42 ક્રમની છલાંગ લગાવી છે અને હવે ભારત મોખરાના 100 દેશમાં આવી ગયો છે.,भारत पिछले तीन वर्षों के दौरान विश्‍व बैंक की ‘कारोबार में सुगमता’ रिपोर्ट 2018 में 42 पायदान ऊपर चढ़कर शीर्ष 100 पायदान में शामिल हो गया है।,"ವಿಶ್ವ ಬ್ಯಾಂಕ್‍ನ 2018ರ ಸುಗಮ ವಹಿವಾಟು ವರದಿಯಲ್ಲಿ ಭಾರತದ ಸ್ಥಾನ ಸುಧಾರಿಸಿದ್ದು, ಕಳೆದ ಮೂರು ವರ್ಷದಲ್ಲಿ 42 ಸ್ಥಾನದಿಂದ ಮೇಲೇರಿದ್ದು, ಮೊದಲ ನೂರು ದೇಶಗಳಲ್ಲಿ ಸ್ಥಾನ ಪಡೆದುಕೊಂಡಿದೆ.",ലോകബാങ്കിന്റെ 2018 ലെ ബിസിനസ്സ് ചെയ്യല്‍ സുഗമമാക്കല്‍ റിപ്പോര്‍ട്ടില്‍ ഇന്ത്യ മൂന്ന് വര്‍ഷം കൊണ്ട് 42 സ്ഥാനം താണ്ടി ആദ്യ നൂറിലെത്തി.,ৱার্ল্দ বেঙ্কগী ইজ ওফ দুইং ব্যুজিনেস রিপোর্ত ২০১৮গী মকোক ১০০গী মনুংদা য়াওনবা ভারতনা চহি অহুমগী মনুংদা মফম ৪২ হাইগৎলকখি।,जागतिक बँकेच्या व्यवसाय सुलभता अहवाल 2018मध्ये भारताने तीन वर्षांत 42 स्थानांची झेप घेऊन अव्वल शंभरमध्ये स्थान पटकावले आहे.,"ବିଗତ ତିନି ଭିତରେ ଭାରତ 42ଟି ସ୍ଥାନ ଆଗକୁ ଡ଼େଇଁ ଏବେ ବିଶ୍ୱ ବ୍ୟାଙ୍କର ଇଜ୍‌ ଅଫ୍‌ ଡ଼ୁଇଂ ବିଜିନେସ ସୂଚୀ ରିପୋର୍ଟ, 2018ରେ ବେଶ୍‌ ଅନୁକୂଳ ସ୍ଥିତିରେ ରହିଛି ।","ਭਾਰਤ ਪਿਛਲੇ ਤਿੰਨ ਵਰ੍ਹਿਆਂ ਦੌਰਾਨ ਵਿਸ਼ਵ ਬੈਂਕ ਦੀ ‘ਕਾਰੋਬਾਰ ਵਿੱਚ ਸਰਲਤਾ’ ਰਿਪੋਰਟ, 2018 ਵਿੱਚ 42 ਦਰਜੇ ਚੜ੍ਹ ਕੇ ਸਿਖ਼ਰਲੇ 100 ਦਰਜ਼ਿਆਂ ਵਿੱਚ ਸ਼ਾਮਲ ਹੋ ਗਿਆ ਹੈ।","உலக வங்கியின் ஆய்வறிக்கையின்படி, தொழில் தொடங்குவதற்கு உகந்த சூழல் பற்றிய 2018-ஆம் ஆண்டுக்கான பட்டியலில், இந்தியா கடந்த மூன்று ஆண்டுகளில் 42 இடங்கள் முன்னேறி முதல் 100 இடங்களுக்குள் இடம் பிடித்துள்ளது.","ప్ర‌పంచ బ్యాంకు ప్ర‌చురించిన‌ సుల‌భ‌త‌ర వ్యాపార నిర్వ‌హ‌ణ నివేదిక 2018 లో గ‌త మూడు సంవ‌త్స‌రాల‌ను తీసుకుంటే, భార‌త‌దేశ స్థానం 42 స్థానాలు ఎగ‌బాకింది.",بھارت عالمی بینک کی ’کاروبار کرنے میں آسانی سے متعلق رپورٹ 2018‘ میں تین برسوں میں 42 ویں مقام پر پہنچ گیا ہے اور اس طرح یہ سب سے بہتر 100 ملکوں میں شامل ہوگیا ہے۔
"The Prime Minister, Shri Narendra Modi, today laid the foundation stone of various projects of the Government of India and Government of Jharkhand, at an event in Sindri.",ঝাৰখণ্ডত প্ৰধানমন্ত্ৰীয়ে আজি ছিন্দৰীৰ এক অনুষ্ঠানত ভাৰত চৰকাৰ আৰু ঝাৰখণ্ড চৰকাৰৰ কেইবাটাও প্ৰকল্পৰ আধাৰশিলা স্থাপন কৰে।,প্রধানমন্ত্রী শ্রী নরেন্দ্র মোদী আজ সিন্ধ্রিতে এক অনুষ্ঠানে কেন্দ্রীয় সরকার এবং ঝাড়খন্ড সরকারের বিভিন্ন প্রকল্পের শিলান্যাস করেন।,"પ્રધાનમંત્રી શ્રી નરેન્દ્ર મોદીએ આજે (25 મે, 2018) સિંદરી ખાતે એક કાર્યક્રમ પ્રસંગે ભારત સરકાર અને ઝારખંડ સરકારના અનેકવિધ પ્રકલ્પોનો શિલાન્યાસ કર્યો.",प्रधानमंत्री श्री नरेन्‍द्र मोदी ने आज सिंदरी में आयोजित एक समारोह में भारत सरकार और झारखंड सरकार की कई विकास परियोजनाओं का शिलान्‍यास किया।,"ಪ್ರಧಾನಮಂತ್ರಿ ಶ್ರೀ ನರೇಂದ್ರ ಮೋದಿ ಅವರು, ಸಿಂಧ್ರಿಯಲ್ಲಿಂದು ನಡೆದ ಕಾರ್ಯಕ್ರಮದಲ್ಲಿ ಭಾರತ ಸರ್ಕಾರ ಮತ್ತು ಜಾರ್ಖಂಡ್ ಸರ್ಕಾರ ಕೈಗೆತ್ತಿಕೊಂಡಿರುವ ನಾನಾ ಅಭಿವೃದ್ಧಿ ಕಾರ್ಯಗಳಿಗೆ ಶಂಕುಸ್ಥಾಪನೆ ನೆರವೇರಿಸಿದರು.",സിന്ധ്രിയില്‍ നടന്ന ചടങ്ങില്‍ കേന്ദ്ര ഗവണ്‍മെന്റിന്റെയും ഝാര്‍ഖണ്ഡ് ഗവണ്‍മെന്റിന്റെയും വിവിധ പദ്ധതികള്‍ക്കു പ്രധാനമന്ത്രി ശ്രീ.,প্রধান মন্ত্রী শ্রী নরেন্দ্র মোদীনা ঙসি সিন্দ্রীদা পাংথোকপা থৌরম অমদা কেন্দ্র সরকার অমসুং ঝারখন্দ সরকারগী তোঙান তোঙানবা প্রোজেক্তশিংগী উরেপ উয়ুং তমখ্রে।,पंतप्रधान नरेंद्र मोदी यांनी आज झारखंडमध्ये सिंद्री येथे आयोजित कार्यक्रमात केंद्र आणि राज्य शासनाच्या विविध प्रकल्पांची पायाभरणी केली.,ପ୍ରଧାନମନ୍ତ୍ରୀ ଶ୍ରୀ ନରେନ୍ଦ୍ର ମୋଦୀ ଆଜି ସିନ୍ଦ୍ରିଠାରେ ଆୟୋଜିତ ଏକ କାର୍ଯ୍ୟକ୍ରମରେ କେନ୍ଦ୍ର ଏବଂ ଝାଡ଼ଖଣ୍ଡ ସରକାରଙ୍କ ବିଭିନ୍ନ ପ୍ରକଳ୍ପ ପାଇଁ ଶିଳାନ୍ୟାସ କରିଥିଲେ ।,"ਪ੍ਰਧਾਨ ਮੰਤਰੀ, ਸ੍ਰੀ ਨਰੇਂਦਰ ਮੋਦੀ ਨੇ ਅੱਜ ਸਿੰਦਰੀ ਵਿਖੇ ਆਯੋਜਿਤ ਇੱਕ ਪ੍ਰੋਗਰਾਮ ਵਿੱਚ ਭਾਰਤ ਸਰਕਾਰ ਅਤੇ ਝਾਰਖੰਡ ਸਰਕਾਰ ਦੇ ਕਈ ਪ੍ਰੋਜੈਕਟਾਂ ਦਾ ਨੀਂਹ ਪੱਥਰ ਰੱਖਿਆ।",பிரதமர் திரு. நரேந்திர மோடி இன்று சிந்திரியில் நடந்த நிகழ்ச்சியில் மத்திய அரசு மற்றும் ஜார்க்கண்ட் மாநில அரசின் பல்வேறு திட்டங்களுக்கு அடிக்கல் நாட்டினார்.,ప్ర‌ధాన మంత్రి శ్రీ న‌రేంద్ర మోదీ ఈ రోజు సింద్రీ లో జ‌రిగిన ఒక కార్య‌క్ర‌మం లో భార‌త ప్ర‌భుత్వం మరియు ఝార్ ఖండ్ ప్ర‌భుత్వం చేప‌డుతున్న వివిధ ప‌థ‌కాల‌కు శంకుస్థాప‌న చేశారు.,نئی دہلی،25 مئی / وزیراعظم جناب نریندر مودی نے آج سندری میں منعقدہ ایک تقریب میں حکومت ہند اور حکومت جھارکھنڈ کے مختلف ترقیاتی پروجیکٹس کا سنگھ بنیاد رکھا۔
He remarked that he has himself visited the North East more than 25 times in the last 4 years.,প্ৰধানমন্ত্ৰী মোদীয়ে কয় যে বিগত চাৰি বছৰত তেওঁ ২৫বাৰতকৈও অধিক উত্তৰ-পূর্বাঞ্চলৰ ৰাজ্যসমূহ ভ্ৰমণ কৰিছে।,"শ্রী মোদী বলেন, গত চার বছরে তিনি ২৫বারেরও বেশি উত্তর-পূর্বাঞ্চলীয় রাজ্যগুলি সফর করেছেন।",તેમણે એ બાબતનો પણ ઉલ્લેખ કર્યો કે છેલ્લા 4 વર્ષ દરમિયાન તેઓ 25 વખત ઉત્તર પૂર્વની મુલાકાત લઇ ચુક્યા છે.,उन्‍होंने कहा कि वे स्‍वयं पिछले चार वर्षों में 25 बार से अधिक पूर्वोत्‍तर क्षेत्र में आ चुके हैं।,ಕಳೆದ ನಾಲ್ಕು ವರ್ಷಗಳ ಅವಧಿಯಲ್ಲಿ ತಾವು 25ಕ್ಕೂ ಹೆಚ್ಚು ಬಾರಿ ಈಶಾನ್ಯಕ್ಕೆ ಭೇಟಿ ನೀಡಿದ್ದನ್ನು ಉಲ್ಲೇಖಿಸಿದರು.,കഴിഞ്ഞ നാലു വര്‍ഷത്തിനിടെ താന്‍ 25 തവണയിലേറെ വടക്കുകിഴക്കന്‍ മേഖല സന്ദര്‍ശിച്ചിട്ടുണ്ടെന്ന് അദ്ദേഹം ഓര്‍മിപ്പിച്ചു.,রিজন অসিদা ইনফ্রাস্ত্রকচর ফগৎহন্নবা কেন্দ্র সরকারনা চাওনা শাফু পীরি হায়না প্রধান মন্ত্রীনা হায়খি।,ईशान्य भारतात आपण स्वत: येत्या चार वर्षात 25 वेळा आलो असेही त्यांनी सांगितले.,ସେ ନିଜେ ଗତ 4 ବର୍ଷ ମଧ୍ୟରେ ଉତ୍ତର-ପୂର୍ବାଞ୍ଚଳକୁ 25 ଥର ଗସ୍ତ କରିଛନ୍ତି ବୋଲି ପ୍ରଧାନମନ୍ତ୍ରୀ କହିଥିଲେ ।,ਉਨ੍ਹਾਂ ਕਿਹਾ ਕਿ ਪਿਛਲੇ ਚਾਰ ਸਾਲਾਂ ਵਿੱਚ ਉਨ੍ਹਾਂ ਨੇ 25 ਵਾਰੀ ਉੱਤਰ ਪੂਰਬੀ ਖੇਤਰ ਦਾ ਦੌਰਾ ਕੀਤਾ ਹੈ।,கடந்த நான்கு ஆண்டுகளில் தாம் வடகிழக்குப் பகுதிக்கு 25 முறைக்கும் கூடுதலாக வந்திருப்பதாக அவர் குறிப்பிட்டார்.,తాను గ‌త 4 సంవ‌త్స‌రాల‌లో 25 సార్ల‌కు పైగా ఈశాన్య ప్రాంతాల‌ను స్వ‌యంగా సంద‌ర్శించిన విషయాన్ని ఆయ‌న గుర్తు చేశారు.,انہوں نے بتایا کہ وہ گزشتہ 4برسوں کے دوران 25 بار سے زائد شمال مشرق کے دورے پر آ چکے ہیں۔
The Prime Minister will also unveil a plaque to mark the inauguration of a public housing project of 624 houses.,প্ৰধানমন্ত্ৰীয়ে লগতে ৬২৪টা গৃহৰ এক ৰাজহুৱা গৃহ প্ৰকল্পৰ শুভাৰম্ভণি উপলক্ষে এক নামফলকো উন্মোচন কৰিব।,"এরপর, প্রধানমন্ত্রী ৬২৪টি বাড়ির একটি সরকারি আবাসন প্রকল্পের সূচনা করবেন।",પ્રધાનમંત્રી 624 મકાનોનાં સરકારી હાઉસિંગ પ્રોજેક્ટનું ઉદઘાટન દર્શાવતી તકતીનું અનાવરણ પણ કરશે.,प्रधानमंत्री 624 आवासों की एक सार्वजनिक आवास परियोजना के उद्घाटन को चिन्हित करने के लिए एक पट्टिका का अनावरण भी करेंगे।,ಪ್ರಧಾನಮಂತ್ರಿ ಅವರು ಸಾರ್ವಜನಿಕ ವಸತಿ ಯೋಜನೆಯಡಿ ನಿರ್ಮಿಸಿದ 624 ವಸತಿಗಳನ್ನು ಉದ್ಘಾಟನೆಯ ಸಂಕೇತವಾಗಿ ಫಲಕದ ಅನಾವರಣ ಮಾಡಲಿದ್ದಾರೆ.,624 വീടുകള്‍ ഉള്‍പ്പെടുന്ന ഭവനപദ്ധതിയുടെ ഉദ്ഘാടന ശിലാഫലകത്തിന്റെ അനാച്ഛാദനം അദ്ദേഹം നിര്‍വഹിക്കും.,প্রধান মন্ত্রীনা মীয়ামগী য়ুম ৬২৪ শানবগী হাউসিং প্রোজেক অমা থবক হৌনবগী মাইখুম হাংদোক্কনি।,त्यानंतर तेथील 624 घरांच्या गृहनिर्माण प्रकल्पाची कोनशिला पंतप्रधानाच्या हस्ते ठेवली जाईल.,ପ୍ରଧାନମନ୍ତ୍ରୀ 624 ଆବାସ ବିଶିଷ୍ଟ ଏକ ସର୍ବସାଧାରଣ ବାସଭବନ ପ୍ରକଳ୍ପକୁ ଫଳକ ଉନ୍ମୋଚନ ପୂର୍ବକ ଉଦଘାଟନ କରିବେ ।,ਪ੍ਰਧਾਨ ਮੰਤਰੀ 624 ਮਕਾਨਾਂ ਦੇ ਇੱਕ ਜਨਤਕ ਹਾਊਸਿੰਗ ਪ੍ਰੋਜੈਕਟ ਦਾ ਉਦਘਾਟਨ ਕਰਨ ਲਈ ਤਖ਼ਤੀ ਤੋਂ ਪਰਦਾ ਹਟਾਉਣਗੇ।,"மேலும், பொதுமக்களுக்கான வீட்டு வசதி திட்டத்தின்கீழ், 624 வீடுகள் கட்டிமுடிக்கப்பட்டதன் திறப்புவிழாவை குறிக்கும் வகையில், கல்வெட்டு ஒன்றையும் பிரதமர் திறந்து வைக்கிறார்.",ప్ర‌ధాన మంత్రి 624 గృహాల తో కూడిన ఒక ప్ర‌జా గృహ నిర్మాణ ప‌థ‌కాని కి ప్రారంభ సూచ‌కంగా ఒక ఫ‌ల‌కాన్ని కూడా ఆవిష్క‌రిస్తారు.,وزیر اعظم 624 گھروں کے ایک سرکاری رہائشی منصوبے کے افتتاح کے لیے ایک تختی کی بھی نقاب کشائی کریں گے ۔
"The Prime Minister said that the health sector requires good doctors, and paramedical staff.",প্ৰধানমন্ত্ৰীয়ে স্বাস্থ্য খণ্ডত দক্ষ চিকিৎসক আৰু পেৰামে়ডিকেল কর্মীৰ প্রয়োজনীয়তাৰ কথা উল্লেখ কৰে।,"স্বাস্থ্য ক্ষেত্রে দক্ষ চিকিৎসক ও আধা-চিকিৎসা কর্মীর প্রয়োজনীয়তার কথা উল্লেখ করে প্রধানমন্ত্রী বলেন, “আমরা চাই চিকিৎসা – সাজসরঞ্জাম ও অন্যান্য উপকরণ ভারতেই তৈরি হোক”।","પ્રધાનમંત્રીએ જણાવ્યું હતું કે, આરોગ્ય ક્ષેત્રને સારાં ડૉક્ટર અને પેરામેડિકલ સ્ટાફની જરૂર છે.",प्रधानमंत्री ने कहा कि स्वास्थ्य क्षेत्र में अच्छे डॉक्टरों और अर्ध चिकित्सा कर्मचारियों की आवश्यकता है।,ಆರೋಗ್ಯ ಕ್ಷೇತ್ರಕ್ಕೆ ಉತ್ತಮ ವೈದ್ಯರ ಮತ್ತು ರೋಗಚಿಕಿತ್ಸಾ ವೈದ್ಯಕೀಯ ಸಿಬ್ಬಂದಿಗಳ ಆವಶ್ಯಕತೆಯಿದೆ.,"മികച്ച ഡോക്ടര്‍മാരെയും, പാരാമെഡിക്കല്‍ സ്റ്റാഫിനെയും ആരോഗ്യമേഖലയ്ക്ക് ആവശ്യമുണ്ടന്ന് അദ്ദേഹം പറഞ്ഞു.",প্রধান মন্ত্রীনা হায়খি মদুদি হকশেলগী লমদা অফবা দোক্তরশিং অমসুং পেরামেদিকেল স্তাফকী মথৌ তাই।,आरोग्य क्षेत्राला उत्तम डॉक्टर आणि वैद्यक क्षेत्राशी निगडीत कर्मचाऱ्यांची गरज आहे.,"ପ୍ରଧାନମନ୍ତ୍ରୀ କହିଥିଲେ ଯେ, ସ୍ୱାସ୍ଥ୍ୟ କ୍ଷେତ୍ରରେ ଭଲ ଡାକ୍ତର ଏବଂ ସ୍ୱାସ୍ଥ୍ୟ କର୍ମୀଙ୍କର ଆବଶ୍ୟକତା ରହିଛି ।",ਪ੍ਰਧਾਨ ਮੰਤਰੀ ਨੇ ਕਿਹਾ ਕਿ ਸਿਹਤ ਖੇਤਰ ਨੂੰ ਚੰਗੇ ਡਾਕਟਰਾਂ ਅਤੇ ਪੈਰਾ ਮੈਡੀਕਲ ਸਟਾਫ ਦੀ ਜ਼ਰੂਰਤ ਹੈ।,சுகாதாரத் துறைக்கு நல்ல மருத்துவர்கள் மற்றும் துணை மருத்துவ பணியாளர்கள் தேவைப்படுவதாக பிரதமர் கூறினார்.,మంచి వైద్యుల తో పాటు పారామెడిక‌ల్ స్టాఫ్ కూడా ఆరోగ్య రంగానికి అవ‌స‌ర‌మ‌ని ప్ర‌ధాన మంత్రి అన్నారు.,وزیراعظم نے کہا کہ صحت کے شعبے میں اچھے ڈاکٹروں اور پیرا میڈیکل عملے کی ضرورت ہے ۔
Prime Minister Oli stated that his government attaches high importance to further strengthening friendly relations with India.,প্রধানমন্ত্রী অ’লিয়ে কয় যে তেওঁৰ চৰকাৰে ভাৰতৰ সৈতে থকা মৈত্রী সম্পর্কক অধিক সুদৃঢ় কৰি তোলাৰ বিষয়টো বিশেষ গুৰুত্বপূর্ণ বুলি বিশ্বাস কৰে।,প্রধানমন্ত্রীওলি বলেন যে তাঁর সরকার ভারতের সঙ্গে মৈত্রী সম্পর্ককে আরও জোরদার করে তোলারবিষয়টিকে বিশেষভাবে গুরুত্বপূর্ণ বলে মনে করে।,"પ્રધાનમંત્રી ઓલીએ જણાવ્યું હતું કે, તેમની સરકાર ભારત સાથે મૈત્રીપૂર્ણ સંબંધોને વધારે મજબૂત કરવાની અતિ મહત્ત્વપૂર્ણ બાબતોને સમજે છે.",प्रधानमंत्री ओली ने कहा कि उनकी सरकार भारत के साथ मैत्रीपूर्ण संबंधों को और अधिक मजबूत बनाने को अत्यधिक महत्व देती है।,ಪ್ರಧಾನ ಮಂತ್ರಿ ಓಲಿ ಅವರು ತಮ್ಮ ಸರಕಾರ ಭಾರತದ ಜತೆ ಸ್ನೇಹ ಸೌಹಾರ್ದತೆಯ ಸಂಬಂಧವನ್ನು ಬಲಪಡಿಸಲು ಗರಿಷ್ಟ ಮಹತ್ವ ನೀಡುತ್ತದೆ ಎಂದರು.,ഇന്ത്യയുമായുള്ള ബന്ധം കൂടുതല്‍ ശക്തിപ്പെടുത്തുന്നതിനാണ് തന്റെ ഗവണ്‍മെന്റ് കൂടുതല്‍ പ്രാധാന്യം നല്‍കുന്നതെന്ന് പ്രധാനമന്ത്രി ഒലി വ്യക്തമാക്കി.,ভারতকা লোইননা মরূপ ওইবগী মরিশিং মখা তানা চেৎশিলহন্নবগীদমক মহাক্কী সরকারনা মরুওইবা খোংথাং লৌখৎলি হায়না প্রধান মন্ত্রী ওলীনা ফোংদোকখি।,भारताबरोबर मैत्रीपूर्ण संबंध अधिक मजबूत करण्याला आपले सरकार अधिक महत्व देते असे पंतप्रधान ओली यांनी नमूद केले.,ପ୍ରଧାନମନ୍ତ୍ରୀ ଓଲି କହିଥିଲେ ଯେ ଭାରତ ସହ ବନ୍ଧୁତ୍ୱପୂର୍ଣ୍ଣ ସମ୍ପର୍କକୁ ଆହୁରି ସୁଦୃଢ଼ କରିବା ସକାଶେ ଚଳିତ ସରକାର ଅଧିକ ଗୁରୁତ୍ୱାରୋପ କରୁଛନ୍ତି ।,ਪ੍ਰਧਾਨ ਮੰਤਰੀ ਓਲੀ ਨੇ ਕਿਹਾ ਕਿ ਉਨ੍ਹਾਂ ਦੀ ਸਰਕਾਰ ਭਾਰਤ ਦੇ ਨਾਲ ਨਿੱਘੇ ਸਬੰਧਾਂ ਨੂੰ ਹੋਰ ਮਜ਼ਬੂਤ ਬਣਾਉਣ ਨੂੰ ਬਹੁਤ ਮਹੱਤਵ ਦਿੰਦੀ ਹੈ।,இந்தியாவுடன் நட்பான உறவுகளை மேலும் வலுப்படுத்துவதற்கு தமது அரசு மிகுந்த முக்கியத்துவம் கொடுப்பதாகப் பிரதமர் திரு. ஒளி குறிப்பிட்டார்.,భార‌త‌దేశంతో స్నేహ‌పూర్వ‌క సంబంధాల‌ను మ‌రింత ప‌టిష్టం చేసుకోవ‌డానికి త‌న ప్ర‌భుత్వం అత్యధిక ప్రాముఖ్యాన్ని ఇస్తోంద‌ని ప్ర‌ధాని శ్రీ ఓలీ స్ప‌ష్టం చేశారు.,وزیر اعظم اولی نے کہا کہ ان کی حکومت ہندوستان کے ساتھ دوستانہ تعلقات کو مزید مستحکم کرنے کو بہت اہمیت دیتی ہے ۔
"The PM added,“It is our constant endeavour to simplify procedures for small entrepreneurs.","প্ৰধানমন্ত্ৰীয়ে লগতে কয়, “ক্ষুদ্ৰ উদ্যোগীসকলৰ বাবে প্ৰক্ৰিয়াসমূহ সৰল কৰি তোলাৰ ক্ষেত্ৰত আমি ধাৰাবাহিকভাৱে প্ৰচেষ্টা অব্যাহত ৰাখিছো।","শ্রী মোদী বলেন, ছোট ছোট উদ্যোগপতিদের জন্য ব্যবসা-বাণিজ্য করার প্রণালী আরও সহজ করার প্রচেষ্টা অব্যাহত রেখেছে সরকার।","પ્રધાનમંત્રીએ ઉમેર્યું હતું કે, “લઘુ ઉદ્યોગસાહસિકો માટે વેપાર-વાણિજ્ય કરવાની પ્રક્રિયા સરળ બનાવવા અમે સતત પ્રયાસરત છીએ.","प्रधानमंत्री ने कहा, ‘हम छोटे कारोबारियों के लिए प्रक्रियाओं को सरल बनाने का लगातार प्रयास कर रहे हैं।",“ ಸಣ್ಣ ಉದ್ಯಮಗಳಿಗೆ ಅನುಕೂಲವಾಗುವಂತೆ ಪ್ರಕ್ರಿಯೆಗಳನ್ನು ಸರಳಗೊಳಿಸುವುದಕ್ಕೆ ನಾವು ಸತತವಾಗಿ ಪ್ರಯತ್ನಿಸುತ್ತಿದ್ದೇವೆ .,ചെറിയ സംരംഭകര്‍ പാലിക്കേണ്ട നടപടിക്രമങ്ങള്‍ ലളിതമാക്കാനുള്ള നിരന്തരശ്രമമാണ് ഞങ്ങള്‍ നടത്തിവരുന്നത്.,"প্রধান মন্ত্রীনা মখা তাখি, “অপিকপা ইন্তর্প্রিনরশিংগীদমক প্রোসেদ্যুর লায়থোকহন্নবা ঐখোয়না লেপ্পা লৈতনা হোৎনরি।",आम्ही छोट्या उद्योजकांसाठी प्रक्रिया सोप्या करण्याचा सातत्याने प्रयत्न करत आहोत.,"ପ୍ରଧାନମନ୍ତ୍ରୀ ପୁଣି କହିଲେ, “କ୍ଷୁଦ୍ର ଉଦ୍ୟୋଗୀମାନଙ୍କ ପାଇଁ ପ୍ରପ୍ରିୟାକୁ ସରଳୀକୃତ କରିବା ପାଇଁ ଆମେ ନିୟମିତ ଭାବେ ପ୍ରଚେଷ୍ଟା କରୁଛୁ ।","ਪ੍ਰਧਾਨ ਮੰਤਰੀ ਨੇ ਕਿਹਾ, ‘ਅਸੀਂ ਛੋਟੇ ਕਾਰੋਬਾਰੀਆਂ ਲਈ ਪ੍ਰਕਿਰਿਆਵਾਂ ਨੂੰ ਸਰਲ ਬਣਾਉਣ ਦਾ ਲਗਾਤਾਰ ਯਤਨ ਕਰ ਰਹੇ ਹਾਂ।",“சிறு தொழில்முனைவோருக்கான நடைமுறைகளை எளிமையாக்குவதற்கு நாங்கள் தொடர்ந்து பெருமுயற்சிகள் எடுத்து வருகிறோம்.,"చిన్న, న‌వ పారిశ్రామికుల కోసం ప్ర‌క్రియ‌ల‌ ను స‌ర‌ళ‌త‌రం చేయాల‌నేది మా నిరంత‌ర ప్ర‌య‌త్నం గా ఉంది.",وزیراعطم نے مزید کہاکہ ہماری لگاتارکوشش یہی ہے کہ ضوابط کو چھوٹے صنعت کاروں کے لئے آسان بنایاجائے ۔
"In that context, India has to make its place in the world, he added.",এই ক্ষেত্ৰত ভাৰতে বিশ্বত স্থান নিগাজী কৰিব লাগিব বুলি প্ৰধানমন্ত্ৰীয়ে কয়।,কারণ এই ভাবেই ভারতসমগ্র বিশ্বে নিজের বিশেষ স্হানটি খুঁজে নিতে পারবে।,"તેમણે ઉમેર્યું હતું કે, આ સંદર્ભમાં ભારતે દુનિયામાં પોતાનું સ્થાન મેળવવું પડશે.",उन्‍होंने कहा कि उसी संदर्भ में भारत को दुनिया में अपनी जगह बनानी होगी।,ಈ ನಿಟ್ಟಿನಲ್ಲಿ ಭಾರತ ವಿಶ್ವದಲ್ಲಿ ತನ್ನ ಸ್ಥಾನ ಕಂಡುಕೊಳ್ಳಬೇಕು ಎಂದರು.,ഈ വിഷയത്തില്‍ ഇന്ത്യ ലോകത്തില്‍ അതിന്റെ സ്ഥാനം ഉറപ്പിക്കണമെന്നും അദ്ദേഹം കൂട്ടിച്ചേര്‍ത്തു.,"মদুগী মনুং চন্না, পৃথীবি অসিদা ভারতকীশু মফম থমগদবনি হায়না মহাক্না মখা তাখি ।","यासंदर्भात, जगात, भारताला आपले स्थान निर्माण करावे लागेल असे पंतप्रधान म्हणाले.",ଏହି ପରିପ୍ରେକ୍ଷୀରେ ଭାରତକୁ ବିଶ୍ୱ ଦରବାରରେ ତାର ନିଜସ୍ୱ ଏକ ସ୍ୱତନ୍ତ୍ର ସ୍ଥାନ ଓ ପରିଚୟ ବାଛିବାକୁ ପଡିବ ।,ਇਸ ਸੰਦਰਭ ਵਿੱਚ ਭਾਰਤ ਨੂੰ ਦੁਨੀਆ ਵਿੱਚ ਆਪਣੀ ਜਗ੍ਹਾ ਬਣਾਉਣੀ ਚਾਹੀਦੀ ਹੈ।,"இந்த் சூழ்நிலையில், இந்தியா உலகில் தனக்கென ஓர் இடத்தை அடையவேண்டும்” என்றும் கூறினார்.",ఈ దృష్టికోణంలో నుండి చూస్తూ భారతదేశం ప్రపంచంలో తన స్థానాన్ని పదిలపరచుకోవాలని ఆయన చెప్పారు.,اس تناظر میں ہندوستان کو دنیا میں اپنا مقام بنانا ہوگا۔
"The Prime Minister, Shri Narendra Modi, has greeted the people of Telangana, on the Statehood Day.",প্ৰধানমন্ত্ৰী শ্ৰী নৰেন্দ্ৰ মোদীয়ে তেলেংগানাৰ প্ৰতিষ্ঠা দিৱস উপলক্ষে ৰাজ্যবাসীক শুভেচ্ছা জ্ঞাপন কৰে।,তেলেঙ্গানা রাজ্য প্রতিষ্ঠা দিবসে প্রধানমন্ত্রী নরেন্দ্র মোদী রাজ্যবাসীকে শুভেচ্ছা জানিয়েছেন।,પ્રધાનમંત્રી શ્રી નરેન્દ્ર મોદીએ રાજ્ય દિવસ નિમિત્તે તેલંગાણાનાં લોકોને શુભેચ્છા પાઠવી છે.,प्रधानमंत्री श्री नरेंद्र मोदी ने तेलंगाना के स्‍थापना दिवस पर तेलंगाना के लोगों को शुभ-कामनायें दी हैं।,"ನರೇಂದ್ರ ಮೋದಿ ಅವರು, ತೆಲಂಗಾಣ ರಾಜ್ಯದ ಜನತೆಗೆ ರಾಜ್ಯೋದಯ ದಿನದ ಸಂದರ್ಭದಲ್ಲಿ ಶುಭ ಕೋರಿದ್ದಾರೆ.",സംസ്ഥാനപ്പിറവി ദിനത്തില്‍ തെലങ്കാനയിലെ ജനങ്ങള്‍ക്ക് പ്രധാനമന്ത്രി ശ്രീ.നരേന്ദ്ര മോദി ആശംസകള്‍ നേര്‍ന്നു.,স্তেতহুদ দেনা লাকপদা প্রধান মন্ত্রী শ্রী নরেন্দ্র মোদীনা তেলঙ্গনাগী মীয়ামদা য়াইফ–পাউজেল পীখ্রে।,पंतप्रधान नरेंद्र मोदी यांनी तेलंगणाच्या जनतेला राज्य स्थापना दिनाच्या शुभेच्छा दिल्या आहेत.,ରାଜ୍ୟ ସ୍ଥାପନା ଦିବସ ଅବସରରେ ତେଲଙ୍ଗାନାର ଅଧିବାସୀମାନଙ୍କୁ ପ୍ରଧାନମନ୍ତ୍ରୀ ଶ୍ରୀ ନରେନ୍ଦ୍ର ମୋଦୀ ଅଭିନନ୍ଦନ ଜଣାଇଛନ୍ତି ।,ਪ੍ਰਧਾਨ ਮੰਤਰੀ ਸ਼੍ਰੀ ਨਰੇਂਦਰ ਮੋਦੀ ਨੇ ਰਾਜ ਦਿਵਸ ’ਤੇ ਤੇਲੰਗਾਨਾ ਦੇ ਲੋਕਾਂ ਨੂੰ ਵਧਾਈਆਂ ਦਿੱਤੀਆਂ।,தெலங்கானா மாநில தினத்தை முன்னிட்டு பிரதமர் திரு. நரேந்திர மோடி தெலங்கானா மக்களுக்கு வாழ்த்து தெரிவித்துள்ளார்.,తెలంగాణ రాష్ట్ర ఆవిర్భావ దినం నాడు ఆ రాష్ట్ర ప్ర‌జ‌లకు ప్ర‌ధాన మంత్రి శ్రీ న‌రేంద్ర మోదీ శుభాకాంక్ష‌లు తెలిపారు.,نئی دہلی۔02 جون ، 2018؛ وزیراعظم جناب نریندر مودی نے یوم قیام کے موقع پر وہاں کے عوام کو مبارکباد دی ہے۔
He will unveil the plaque to mark the serving of 3rd billionth meal by Akshaya Patra Foundation at Vrindavan Chandrodaya Mandir.,তেওঁ বৃন্দাবন চন্দ্ৰোদয় মন্দিৰত অক্ষয় পাত্ৰ ফাইণ্ডেচনৰ ৩ বিলিয়নসংখ্যক ভোজন সেৱা আগবঢ়োৱা অনুষ্ঠান মুকলি কৰিব৷,বৃন্দাবনের চন্দ্রোদয় মন্দিরে তিনি অক্ষয়পাত্র ফাউন্ডেশনের উদ্যোগে থার্ড বিলিয়ন্থ খাবার বিতরণের বিষয়টি উদযাপনের অঙ্গ হিসাবে একটি ফলকের আবরণ উন্মোচন করবেন।,શ્રી મોદી વૃંદાવનમાં ચંદ્રોદય મંદિરમાં અક્ષયપાત્ર ફાઉન્ડેશન દ્વારા 3 અબજમા ભોજન માટે સેવાનાં પ્રતીક સ્વરૂપે એક તકતીનું અનાવરણ કરશે.,श्री मोदी वृंदावन चंद्रोदय मंदिर में अक्षय पात्र फाउंडेशन द्वारा 3 अरबवें भोजन के लिए सेवा के प्रतीक के रूप में पट्टिका का अनावरण करेंगे।,ಅಕ್ಷಯ ಪಾತ್ರಾ ಪ್ರತಿಷ್ಠಾನದ 3ನೇ ಶತಕೋಟಿ ಊಟ ಪೂರೈಸುವ ಅಂಗವಾಗಿ ಬೃಂದಾವನದ ಚಂದ್ರೋದಯ ಮಂದಿರದಲ್ಲಿ ಅವರು ಫಲಕ ಅನಾವರಣ ಮಾಡಲಿದ್ದಾರೆ.,വൃന്ദാവന്‍ ചന്ദ്രോദയ മന്ദിറില്‍ അക്ഷയപാത്ര ഫൗണ്ടേഷന്റെ തേഡ് ബില്യന്‍ത് മീല്‍ വിതരണം ഫലകം അനാച്ഛാദനം ചെയ്തുകൊണ്ട് അദ്ദേഹം ഉദ്ഘാടനം ചെയ്യും.,মহাক্না ব্রিন্দাবন চন্দ্রোদয়া মন্দিরদা অক্স্য পত্র ফাউন্দেসন্নগী চাকলেন বিল্লিয়ন ৩ পীজবগী খুদম ওইনবা প্লেক মায়খুম হাংদোক্কনি।,वृंदावन चंद्रोदय मंदिर येथे अक्षय पात्र फाऊंडेशन च्या तीन अब्ज मुलांना जेवण पुरविणाऱ्या पॅकचे अनावरण पंतप्रधान बटन दाबून करतील.,ବୃନ୍ଦାବନ ଚନ୍ଦ୍ରୋଦୟ ମନ୍ଦିରରେ ଅକ୍ଷୟ ପାତ୍ର ଫାଉଣ୍ଡେସନ ଦ୍ୱାରା ଆୟୋଜନ କରାଯାଉଥିବା 3ଶହ କୋଟିତମ ଭୋଜନ(Meal) ପ୍ରଦାନ ସକାଶେ ଏକ ଫଳକ ଉନ୍ମୋଚନ କରିବେ ।,ਸ਼੍ਰੀ ਮੋਦੀ ਵ੍ਰਿੰਦਾਵਨ ਚੰਦ੍ਰੋਦਯ ਮੰਦਿਰ ਵਿੱਚ ਅਕਸ਼ੈ ਪਾਤ੍ਰ ਫਾਊਂਡੇਸ਼ਨ ਵੱਲੋਂ 3 ਅਰਬਵੀ ਥਾਲ਼ੀ ਲਈ ਸੇਵਾ ਦੇ ਪ੍ਰਤੀਕ ਵਿੱਚ ਤਖ਼ਤੀ ਤੋਂ ਪਰਦਾ ਹਟਾਉਣਗੇ।,பிருந்தாவனம் சந்திரோதயா மந்திரில் உள்ள அட்சயப் பாத்திர அமைப்பின் 300-ஆவது கோடி அன்னதானத்தைக் குறிக்கும் பெயர்ப்பலகையை அவர் திறந்துவைக்கிறார்.,అనంత‌రం ప్ర‌ధాని ఆ కార్య‌క్ర‌మానికి హాజ‌రైన వారినుద్దేశించి ప్ర‌సంగిస్తారు.,وہ ورنداون چندر اودے مندر میں اکشے پاتر فاؤنڈیشن کے زیر اہتمام 3 ارب ویں کھانا پیش کرنے کے لیے تختی کی نقاب کشائی کریں گے۔
"While he was Chief Minister of Gujarat, he had inaugurated the memorial dedicated to Shyamji Krishna Varma in Kutch.",হাৰিয়ানাত তেওঁ সমাজ সংস্কাৰত ছাৰ ছোটু ৰামৰ মুৰ্তি মুকলি কৰিছিল৷,গুজরাটের মুখ্যমন্ত্রী থাকাকালীন শ্রী মোদী কচ্ছে শ্যামজী কৃষ্ণ ভার্মার স্মৃতিতে একটি স্মারক উদ্বোধন করেছিলেন।,પ્રધાનમંત્રી જ્યારે ગુજરાતના મુખ્યમંત્રી હતા ત્યારે તેમણે કચ્છમાં શામજી કૃષ્ણ વર્માની સ્મૃતમાં રચાયેલા એક સ્મારકનું ઉદઘાટન કર્યું હતું.,"जब प्रधानमंत्री गुजरात के मुख्यमंत्री थे, उन्होंने श्री श्याम जी कृष्ण बर्मा को समर्पित एक स्मारक का उद्घाटन किया था।",ನರೇಂದ್ರ ಮೋದಿ ಅವರು ಗುಜರಾತ್ ನ ಮುಖ್ಯಮಂತ್ರಿಯಾಗಿದ್ದ ವೇಳೆ ಕಛ್ ನಲ್ಲಿ ಶಾಮ್ ಜಿ ಕೃಷ್ಣ ವರ್ಮಾ ಸ್ಮಾರಕವನ್ನು ಸಮರ್ಪಿಸಿದ್ದರು.,ഗുജറാത്ത് മുഖ്യമന്ത്രി ആയിരിക്കെ കച്ചില്‍ ശ്യാംജി കൃഷ്ണ വര്‍മയുടെ സ്മാരകം അദ്ദേഹം ഉദ്ഘാടനം ചെയ്തു.,মহাক্না গুজরাতকী মুখ্য মন্ত্রী ওইরিঙৈ মতমদা কতচতা মহাক্না শ্যামজী কৃষ্ণ বর্মদা কত্থোকপা মেমোরিয়েল অমা শঙ্গাখি।,गुजरातचे मुख्यमंत्री असताना त्यांनी कच्छ मधील श्यामजी कृष्णा वर्मा यांना समर्पित स्मारकांचे उद्‌घाटन केले.,ଗୁଜରାଟ ମୁଖ୍ୟମନ୍ତ୍ରୀ ଥିବା ସମୟରେ ସେ କଚ୍ଛଠାରେ ଶ୍ୟାମଜୀ କୃଷ୍ଣ ବର୍ମାଙ୍କ ପ୍ରତି ସମର୍ପିତ ଏକ ସ୍ମାରକର ଉଦଘାଟନ କରିଥିଲେ ।,"ਜਦੋਂ ਪ੍ਰਧਾਨ ਮੰਤਰੀ ਗੁਜਰਾਤ ਦੇ ਮੁੱਖ ਮੰਤਰੀ ਸਨ, ਉਨ੍ਹਾਂ ਨੇ ਸ਼੍ਰੀ ਸ਼ਯਾਮ ਜੀ ਕ੍ਰਿਸ਼ਣ ਵਰਮਾ ਨੂੰ ਸਮਰਪਿਤ ਇੱਕ ਸਮਾਰਕ ਦਾ ਉਦਘਾਟਨ ਕੀਤਾ ਸੀ।","அவர் குஜராத் முதலமைச்சராக இருந்தபோது, கட்ச் நகரில் சியாம்ஜி கிருஷ்ணா வர்மாவுக்கு அர்ப்பணிக்கப்பட்ட நினைவிடத்தை தொடங்கி வைத்தார்.",శ్రీ మోదీ గుజరాత్ ముఖ్యమంత్రి గా ఉన్నపుడు కచ్ఛ్ ప్రాంతం లో శ్యాం జీ కృష్ణవర్మ కు స్మారకాన్ని ప్రారంభించారు.,گجرات میں وزیر اعلیٰ رہتے ہوئے ، انہوں نے کچھ میں شیام جی کرشنا ورما کے نام وقت کئے گئے میموریل کا افتتاح کیا ۔
The Government has undertaken a range of transformational initiatives.,এই ক্ষেত্ৰত ভাৰত এতিয়া সবাতোকৈ আকাংক্ষিত বিনিয়োগৰ লক্ষ্যস্থান হৈ পৰিছে।,পরিবর্তন বারূপান্তর সম্ভব করে তোলার লক্ষ্যে বেশ কিছু পদক্ষেপ গ্রহণ করেছে আমাদের সরকার।,સરકારે અનેક પરિવર્તનકારક પહેલો કરી છે.,सरकार ने परिवर्तनकारी पहलों की एक श्रृंखला शुरू की है।,ಸರಕಾರವು ಹಲವು ಪರಿವರ್ತನಾಶೀಲ ಕ್ರಮಗಳನ್ನು ಕೈಗೊಂಡಿದೆ.,പരിവര്‍ത്തനപരമായ നിരവധി മുന്‍കൈകള്‍ ഗവണ്‍മെന്റ് സ്വീകരിച്ചുകഴിഞ്ഞിട്ടുണ്ട്.,সরকার অসিনা পাক চাওরবা ত্রান্সফোর্মেস্নেল ইনিসিয়েতিবশিং পায়খৎলে ।,सरकारने आतापर्यंत या क्षेत्रात सुधारणांसाठी अनेक उपक्रम राबवले आहेत.,ସରକାର ଆର୍ଥିକ ସଂସ୍କାର ପ୍ରକ୍ରିୟାର ଏକ ସିରିଜ୍ ଆରମ୍ଭ କରିଛନ୍ତି ।,ਸਰਕਾਰ ਨੇ ਕਈ ਤਬਦੀਲੀ ਸਬੰਧੀ ਪਹਿਲਕਦਮੀਆਂ ਹੱਥ ਵਿੱਚ ਲਈਆਂ ਹਨ।,பல சீரமைப்பு நடவடிக்கைகளை இந்திய அரசு மேற்கொண்டுவருகிறது.,ప్రభుత్వం చాలా పరివర్తన కార్యక్రమాలను చేపడుతోంది.,حکومت نے تغیر کے قابل پہل کا ایک سلسلسہ شروع کیا ہے۔
He said the awards also indicate the priorities of the Government.,তেওঁ কয় যে এনে বঁটাসমূহে চৰকাৰৰ অগ্ৰাধিকাৰকে সূচায়।,শ্রী মোদী উল্লেখ করেন যে পুরস্কারগুলি সরকারের গুরুত্ব প্রদানের দিকগুলি তুলে ধরে।,તેમણે કહ્યું કે પુરસ્કારો સરકારની પ્રાથમિકતાને પણ દર્શાવે છે.,उन्‍होंने कहा कि यह पुरस्‍कार सरकार की प्राथमिकताओं को भी इंगित करता है।,ಈ ಪ್ರಶಸ್ತಿಗಳು ಸರ್ಕಾರದ ಆದ್ಯತೆಗಳನ್ನು ಸೂಚಿಸುತ್ತವೆ ಎಂದೂ ಸಹ ಅವರು ಹೇಳಿದರು.,അവാര്‍ഡുകള്‍ ഗവണ്‍മെന്റിന്റെ മുന്‍ഗണനയുടെ സൂചകങ്ങള്‍കൂടി ആണെന്നു പ്രധാനമന്ത്രി വ്യക്തമാക്കി.,মনাশিং অসিনা সরকারগী প্রায়োরিতিশিং অদুসু থিন্দুনা তাক্লি হায়না মহাক্না হায়খি।,या पुरस्कारांवरून सरकारचे प्राधान्य दिसून येते असे ते म्हणाले.,ସେ କହିଥିଲେ ଯେ ଏହି ପୁରସ୍କାର ସରକାରଙ୍କ ପ୍ରାଥମିକତାକୁ ପ୍ରତିଫଳିତ କରୁଛି ।,ਉਨ੍ਹਾਂ ਕਿਹਾ ਕਿ ਇਹ ਪੁਰਸਕਾਰ ਸਰਕਾਰ ਦੀਆਂ ਪਹਿਲਾਂ ਨੂੰ ਦਰਸਾਉਂਦੇ ਹਨ।,அரசின் முன்னுரிமைகளை சுட்டிக் காட்டும் வகையில் இந்த விருதுகள் அமைகின்றன என்றும் அவர் குறிப்பிட்டார்.,ఈ అవార్డులు ప్ర‌భుత్వ ప్రాధాన్య‌ాల‌ను సూచించేవి కూడా అని ఆయ‌న అన్నారు.,انہوں نے کہا کہ یہ ایوارڈ حکومت کی ترجیحات کا بھی اشاریہ ہے ۔
"He said that the Union and State Governments have both worked together towards improving EoDB, in the spirit of cooperative, competitive federalism.",প্ৰধানমন্ত্রীয়ে কয় যে সহযোগিতা আৰু প্ৰতিযোগিতামূলক যুক্তৰাষ্ট্রীয় ধাৰণাৰে কেন্দ্ৰ আৰু ৰাজ্য চৰকাৰসমূহে সহজে ব্যৱসায় কৰাৰ দিশত আৰু অধিক উন্নতি কৰিবলৈ একেলগে কাম কৰি আহিছে।,"প্রধানমন্ত্রী বলেন, সহযোগিতা ও প্রতিযোগিতামূলক যুক্তরাষ্ট্রীয়তার ধারণায় কেন্দ্র ও রাজ্য সরকারগুলি সহজে ব্যবসার সুযোগকে আরও উন্নত করতে একযোগে কাজ করে চলেছে।","તેમણે જણાવ્યું હતું કે, કેન્દ્ર અને રાજ્યો સરકારો બંનેએ વેપાર-વાણિજ્યની સરળતામાં સુધારો કરવા માટે ખભેખભો મિલાવીને કામ કર્યું છે, જે સહકારી, સ્પર્ધાત્મક સંઘવાદનાં જુસ્સાનું પ્રતિક છે.",उन्होंने कहा कि सहयोगी और प्रतिस्पर्धात्मक संघीय ढांचे की मूल भावना पर चलते हुए केंद्र और राज्य सरकारों ने मिलकर ईओडीबी को सुधारने की दिशा में काम किया है।,ಮತ್ತು ಉನ್ನತ 50 ಗುರಿಯಿಂದ ತುಸು ಕೆಳಗಿದೆ ಎಂದವರು ಹೇಳಿದರು.ಇ.ಒ.ಡಿ.ಬಿ.,"സഹകരണാടിസ്ഥാനത്തിലും മത്സരാടിസ്ഥാനത്തിലും കേന്ദ്ര, സംസ്ഥാന ഗവണ്‍മെന്റുകള്‍ ഇതിനായി ഒരുമിച്ചു പ്രവര്‍ത്തിച്ചുവെന്നും പ്രധാനമന്ത്രി പറഞ്ഞു.",কোওপরেতিপ অমসুং কম্পিতিতিব ফেদেরেলিজমগী ৱাখল্লোনদা ই ও দি বি ফগৎহন্নবা কেন্দ্র অমসুং রাজ্য সরকারশিংনা পুন্না থবক তৌমিন্নরি।,"पंतप्रधान पुढे म्हणाले की, व्यवसाय सुलभीकरणातील यशासाठी केंद्र आणि राज्य सरकारने सहकारिता , स्पर्धात्मकतेच्या भावनेने एकत्रित काम केले आहे.",ସହଯୋଗୀ ଏବଂ ପ୍ରତିଦ୍ୱନ୍ଦ୍ୱିତାମୂଳକ ସଂଘୀୟବାଦର ଉତ୍ସାହ ନେଇ ବ୍ୟବସାୟିକ ସୁଗମତାରେ ଉନ୍ନତି ଆଣିବା ଲାଗି କେନ୍ଦ୍ର ଏବଂ ରାଜ୍ୟ ସରକାର ମିଳିତ ଭାବେ କାର୍ଯ୍ୟ କରିଥିବା ସେ କହିଥିଲେ ।,ਉਨ੍ਹਾਂ ਕਿਹਾ ਕਿ ਕੇਂਦਰ ਅਤੇ ਰਾਜ ਸਰਕਾਰਾਂ ਮਿਲਕੇ ਸਹਿਕਾਰਤਾ ਅਤੇ ਪ੍ਰਤੀਯੋਗੀ ਸੰਘਵਾਦ ਦੀ ਭਾਵਨਾ ਤਹਿਤ ਈਓਡੀਬੀ ਵਿੱਚ ਸੁਧਾਰ ਕਰਨ ਲਈ ਕੰਮ ਕਰ ਰਹੀਆਂ ਹਨ।,"எளிதில் தொழில் தொடங்கும் நிலையை மேம்படுத்துவதில் இந்திய அரசும் மாநில அரசுகளும் ஒத்துழைத்து, போட்டித் தன்மையுடன் கூடிய கூட்டாட்சி உணர்வுடன் பாடுபட்டு வருகின்றன.","ఇఒడిబి ని మెరుగు ప‌ర‌చ‌డం లో కేంద్రం మ‌రియు రాష్ట్ర ప్ర‌భుత్వాలు స‌హ‌కార భ‌రితం, స్ప‌ర్ధాత్మ‌క స‌మాఖ్య త‌త్వం ల స్ఫూర్తి తో క‌ల‌సి కృషి చేశాయ‌ని ఆయ‌న అన్నారు.",مرکزی اور ریاستی سرکار وں نے مقابلہ جاتی وفاقیت کے جذبے سے اسے بہتر بنانے کے لئے مل کر کام کیا ہے ۔
India’s own far-reaching journey of transformation gives pride of place to our people.,ৰূপান্তৰৰ লক্ষ্যৰে ভাৰতে হাতত লোৱা সুদূৰপ্রসাৰী উদ্যোগ আৰু প্রচেষ্টা সমগ্ৰ দেশবাসীৰ বাবেই এক গৌৰৱৰ বিষয়।,রূপান্তরেরলক্ষ্যে ভারতের সুদূরপ্রসারী উদ্যোগ ও প্রচেষ্টা দেশবাসীর কাছে এক বিশেষ গর্বেরবিষয়।,ભારતની પોતાની પરિવર્તન લાવવાની લાંબી સફર પર અમારા નાગરિકોને ગર્વ છે.,परिवर्तन की भारत की अपनी दूरगामी यात्रा हमारे लोगों को गौरव का अनुभव कराती है।,ಭಾರತದ ಪರಿವರ್ತನೆಯ ದೂರಗಾಮಿ ಪಯಣವು ನಮ್ಮ ಜನರಿಗೆ ಹೆಮ್ಮೆ ತಾಣ ಒದಗಿಸಿದೆ.,ഇന്ത്യയുടെ ദൂരവ്യാപകമായ ഫലമുള്ള മാറ്റത്തിന്റെ യാത്ര നമ്മുടെ ജനങ്ങള്‍ക്ക് അഭിമാനം പകരുന്നു.,ভারত মসাগী ত্রান্সফোর্মেসনগী লাপ্না লাক্লিবা খোংচৎনা ঐখোয়গী প্রজাদা চাওথোকচবগী মফম অমা পিরি ।,भारताच्या स्वतःच्या परिवर्तनाचा हा प्रदीर्घ प्रवास आमच्या जनतेसाठी अभिमानास्पद आहे.,ଭାରତର ନିଜସ୍ୱ ରୂପାନ୍ତରଣକାରୀ ଦୂରଗାମୀ ଯାତ୍ରା ଆମର ଲୋକମାନଙ୍କୁ ସମ୍ମାନଜନକ ସ୍ଥାନ ଦେଇଛି ।,ਭਾਰਤ ਦੀ ਆਪਣੀ ਕਾਇਆਪਲਟ ਦੀ ਦੂਰ ਤੱਕ ਪ੍ਰਭਾਵਿਤ ਕਰਨ ਵਾਲੀ ਯਾਤਰਾ ਸਾਡੇ ਲੋਕਾਂ ਨੂੰ ਮਾਣ ਵਾਲਾ ਸਥਾਨ ਦਿਵਾਉਂਦੀ ਹੈ।,"மாற்றத்திற்கான இந்தியாவின் நீண்ட கால பயணம், எங்களது மக்களுக்கு பெருமையான இடத்தை அளித்துள்ளது.",ప‌రివ‌ర్త‌న దిశ‌గా భార‌త‌దేశం సాగిస్తున్న సుదూర యాత్ర మా ప్ర‌జ‌ల‌కు గ‌ర్వ‌కార‌ణంగా ఉంది.,تبدیلی کے اپنے دور رس سفر میں ہندوستان ایک اہم مقام پر ہے ۔
"Acknowledging the greetings of the Anganwadi workers, the Prime Minister expressed his happiness that they had assembled from all parts of the country to meet him today.",অংগনৱাড়ী কর্মীসকলৰ অভিনন্দন গ্রহণ কৰি প্রধানমন্ত্রীয়ে তেওঁৰ সৈঙ্গে সাক্ষাৎ কৰাৰ বাবে দেশৰ বিভিন্ন প্রান্তৰ পৰা অহা কর্মীসকলৰ প্ৰতি সন্তুষ্টি ব্যক্ত কৰে।,"অঙ্গনওয়াড়ি কর্মীদের অভিনন্দন গ্রহণ করে প্রধানমন্ত্রী, তাঁর সঙ্গে সাক্ষাৎ করার জন্য দেশের বিভিন্ন প্রান্ত থেকে আগত কর্মীদের কাছে সন্তোষ ব্যক্ত করেন।",આંગણવાડી કાર્યકર્તાઓની શુભેચ્છા સ્વીકારીને પ્રધાનમંત્રીએ પ્રસન્નતા વ્યક્ત કરી હતી કે તેમને મળવા દેશભરનાં તમામ વિસ્તારોમાંથી આંગણવાડી કાર્યકર્તાઓ આવી છે.,"आंगनवाड़ी कार्यकर्ताओं की बधाई को स्‍वीकार करते हुए, प्रधानमंत्री ने प्रसन्‍नता व्‍यक्‍त की कि उनसे मुलाकात करने के लिए वे देश के सभी हिस्‍सों से आई हैं।","ಅಂಗನವಾಡಿ ಕಾರ್ಯಕರ್ತರ ಶುಭಾಶಯ ಸ್ವೀಕರಿಸಿದ ಪ್ರಧಾನಮಂತ್ರಿಯವರು, ಇಂದು ತಮ್ಮನ್ನು ಭೇಟಿ ಮಾಡುವುದಕ್ಕಾಗಿ ದೇಶದ ಎಲ್ಲ ಭಾಗದಿಂದ ಆಗಮಿಸಿ ಒಂದೆಡೆ ಸೇರಿದ್ದಕ್ಕಾಗಿ ಸಂತಸ ವ್ಯಕ್ತಪಡಿಸಿದರು.","അംഗന്‍വാടി വര്‍ക്കര്‍മാരുടെ ആശംസയ്ക്കു നന്ദി അറിയിച്ച പ്രധാനമന്ത്രി, രാജ്യത്തിന്റെ വിവിധ ഭാഗങ്ങളില്‍നിന്നുള്ളവര്‍ ഒരുമിച്ചു കാണാനെത്തിയതില്‍ സന്തോഷം പ്രകടിപ്പിച്ചു.",আঙ্গনৱারী ৱাকরশিংগী নুংঙাই-পাউজেল অদু তরাম্না ওক্লদুনা প্রধান মন্ত্রীনা লৈবাক অসিগী শরুক খুদিংমক্তগী ঙসি মহাক্কা উননবা পুল্লরিবা অসিদা নুংঙাইবা ফোংদোকখি।,"पंतप्रधानांनी, देशभरातून अंगणवाडी कामगार त्यांना आज भेटायला एकत्रित आल्याबद्दल समाधान व्यक्त केले.",ଅଙ୍ଗନୱାଡ଼ି କର୍ମୀମାନଙ୍କର ଅଭିନନ୍ଦନକୁ ସ୍ୱୀକାର କରିବା ସହିତ ଦେଶର ସମସ୍ତ ଭାଗରୁ ତାଙ୍କୁ ଭେଟିବା ଲାଗି ଆସିଥିବା କାରଣରୁ ପ୍ରଧାନମନ୍ତ୍ରୀ ପ୍ରସନ୍ନତା ବ୍ୟକ୍ତ କରିଥିଲେ ।,"ਆਂਗਨਵਾੜੀ ਵਰਕਰਾਂ ਦੀ ਵਧਾਈਆਂ ਨੂੰ ਸਵੀਕਾਰਦਿਆਂ, ਪ੍ਰਧਾਨ ਮੰਤਰੀ ਨੇ ਪ੍ਰਸੰਨਤਾ ਪ੍ਰਗਟਾਈ ਕਿ ਅੱਜ ਉਨ੍ਹਾਂ ਨਾਲ ਮੁਲਾਕਾਤ ਕਰਨ ਲਈ ਉਹ ਦੇਸ਼ ਦੇ ਸਾਰੇ ਹਿੱਸਿਆਂ ਤੋਂ ਆਈਆਂ ਹਨ।","அங்கன்வாடி பணியாளர்களின் வாழ்த்துக்களை ஏற்றுக் கொண்ட பிரதமர், தம்மை சந்திப்பதற்காக நாட்டின் பல்வேறு பகுதிகளிலிருந்தும் வந்ததற்காக தமது மகிழ்ச்சியை தெரிவித்துக் கொண்டார்.","ఆంగ‌న్‌వాడీ వ‌ర్క‌ర్ల అభినంద‌న‌ల‌ ను ప్ర‌ధాన మంత్రి స్వీక‌రిస్తూ, వారు త‌న‌తో భేటీ కావడం కోసం దేశం లోని అన్ని ప్రాంతాల నుండి ఈ రోజు ఇక్క‌డ‌కు రావ‌డం ప‌ట్ల సంతోషాన్ని వెలిబుచ్చారు.",آنگن واڑی کارکنوں کی مبارکباد کو قبول کرتے ہوئے وزیر اعظم نے خوشی ظاہر کی کہ وہ آج ان سے ملنے کے لئے پورے ملک سے یہاں آئے ہیں۔
"Inclusion of Monpa, Memba, Sartang, Sajolong (Miji) in serial No. 9 in lieu of ‘Momba’.","ক্ৰমিক নম্বৰ ৯ত ‘মোম্বা’ শব্দটিৰ পৰিৱর্তে ‘মনপা’, ‘মেম্বা’, ‘ছাৰতাং’, ‘সাজোলং’ (মিজি)সকলক অন্তর্ভুক্ত কৰা হ’ব;","অন্যদিকে, ৯ নম্বর সিরিয়ালে ‘মোম্বা’ শব্দটির পরিবর্তে ‘মনপা’, ‘মেম্বা’, ‘সারতাং’, ‘সাজোলং’ (মিজি)-দের অন্তর্ভুক্ত করা হবে।","મોન્પા, મેમ્બા, સરતાંગ, સજોલોંગ, (મિજી) નો સમાવેશ ક્રમ નં.9 માં 'મોમ્બા'ને બદલે કરવામાં આવશે.","क्रम संख्या 9 में ‘मोम्बा’ के स्थान पर मोन्पा, मेम्बा, सरतांग, सजोलोंग (मिजी) को शामिल करना","iv. ಕ್ರಮ ಸಂಖ್ಯೆ 9ರಲ್ಲಿ 'ಮೊಂಬಾ' ಬದಲಾಗಿ ಮೋನ್ಪಾ, ಮೆಂಬಾ, ಸರ್ತಂಗ್ (ಮಿಜಿ) ಸೇರ್ಪಡೆ ಮಾಡಲು","4. ക്രമനമ്പര്‍ ഒന്‍പതില്‍ 'മോംബ'യ്ക്കു പകരം മോന്‍പ, മെംബ, സര്‍തങ്, സജോലോങ് (മിജി) എന്നിവ ഉള്‍പ്പെടുത്തല്‍.","সেরিয়েল নম্বর ৯দা ‘মোম্বা’গী মহুৎ মোনপা, মেম্বা, সার্তাং, সাজোলোং(মিজি) হাপচিনবা।","अनुक्रमांक 9 मध्ये ‘मोम्बा’ ऐवजी मोन्पा, मेम्बा, सरतांग, सजोलोंग (मिजी) समाविष्ट करणे","4. କ୍ରମିକ ସଂଖ୍ୟା 9ରେ “ମୋମ୍ବା’ ସ୍ଥାନରେ ମୋନ୍ପା, ମେମ୍ବା, ସରତାଙ୍ଗ, ସଜୋଲଙ୍ଗ (ମିଜୀ)କୁ ସାମିଲ କରିବା","ਸੀਰੀਅਲ ਨੰਬਰ 9 ਵਿੱਚ ਮੋਮਬਾ ਦੇ ਸਥਾਨ 'ਤੇ ਮੋਂਪਾ, ਮੇਂਬਾ ਸਰਤਾਂਗ, ਸਜੋਲੋਂਜ (ਮਿਜੀ) ਨੂੰ ਸ਼ਾਮਲ ਕਰਨਾ।","வரிசை எண் 9-ல் ‘மொம்பா’-வுக்கு மாற்றாக மொன்பா, மெம்பா, சர்டங், சஜோலோங் (மிஜி) ஆகியவற்றை சேர்த்தல்.","క్రమ సంఖ్య 9 లో ‘మొమ్బా’ స్థానం లో మొన్పా, మెమ్బా, స‌ర్ తాంగ్‌, స‌జోలోంగ్‌ (మిజీ) లను చేర్చడం. v.",نمبرشمار9 میں مومبا کے عوض/ بدلے میں مونیا، میمبا، سارتنگ ، سجو لونگ( میجی) کو شامل کیا ہے۔
The 28 PRAGATI meetings so far have seen a cumulative review of projects with a total investment of over Rs. 11.75 lakh crore.,২৮তম প্ৰগতি সন্মিলনত প্ৰায় ১১.৭৫ কোটি টকা মুঠ বিনিয়োগৰ সমূহ প্ৰকল্পৰ পৰ্যাৱেক্ষণ কৰা হৈছিল৷ ৰাজহুৱা অভিযোগসমূহো পুনৰীক্ষণ কৰা হৈছিল৷,২৮তম প্রগতি বৈঠকে ১১.৭৫ লক্ষ কোটি টাকা বিনিয়োগ যুক্ত বিভিন্ন প্রকল্পের পর্যালোচনা করা হয়েছিল।,પ્રગતિની 28 બેઠકોમાં અત્યાર સુધી સંયુક્તપણે 11.75 લાખ કરોડ રૂપિયાથી વધુના કુલ રોકાણ સાથેના પ્રોજેક્ટની એકત્રિત સમીક્ષા કરવામાં આવી હતી.,अब तक परियोजनाओं की समीक्षा के लिए ‘प्रगति’ की 28 बैठक हो चुकी हैं जिनमें कुल 11.75 लाख करोड़ के निवेश हुए।,"ಈವರೆಗೆ ಪ್ರಗತಿಯ ಇಪ್ಪತ್ತೆಂಟು ಸಭೆಗಳಲ್ಲಿ, ಒಟ್ಟು 11.75 ಲಕ್ಷ ಕೋಟಿ ರೂಪಾಯಿ ಹೂಡಿಕೆಯ ಯೋಜನೆಗಳ ಸಮಗ್ರ ಪರಾಮರ್ಶೆ ಮಾಡಲಾಗಿದೆ.",ഇതുവരെ നടന്ന 28 പ്രഗതി യോഗങ്ങളില്‍ ആകെ അവലോകനം ചെയ്യപ്പെട്ടത് 11.75 ലക്ഷം കോടിയിലേറെ രൂപയുടെ നിക്ഷേപമുള്ള പദ്ധതികളാണ്.,২৮শুবা প্রগতিগী মীফমদা লুপা লাখ ক্রোর ১১.৭৫ রোমগী প্রোজেক্তশিংগী থবকশিং অমুক হন্না য়েংশিনখি।,प्रगतीच्या 28 व्या बैठकीत 11.75 लाख कोटी रुपये एकूण गुंतवणुकीच्या प्रकल्पांचा आढावा घेण्यात आला.,ଏଥିରେ ମୋଟ 11.75 ଲକ୍ଷ କୋଟି ଟଙ୍କାର ନିବେଶରେ କାର୍ଯ୍ୟକାରୀ ହେଉଥିବା ପ୍ରକଳ୍ପର ସମୀକ୍ଷା କରାଯାଇସାରିଲାଣି ।,ਹੁਣ ਤੱਕ ਹੋਈਆਂ 28 ‘ਪ੍ਰਗਤੀ’ ਮੀਟਿੰਗਾਂ ਵਿੱਚ ਕੁੱਲ 11.75 ਲੱਖ ਕਰੋੜ ਰੁਪਏ ਦੇ ਨਿਵੇਸ਼ ਵਾਲੇ ਪ੍ਰੋਜੈਕਟਾਂ ਦਾ ਜਾਇਜ਼ਾ ਲਿਆ ਜਾ ਚੁੱਕਾ ਹੈ।,இதுவரை நடைபெற்ற 28 பிரகதி கூட்டங்களில் ரூ.11.75 லட்சம் கோடி மொத்த முதலீட்டுத் திட்டங்கள் சம்பந்தமான ஆய்வுகள் மேற்கொள்ளப்பட்டுள்ளன.,ఇంత వ‌ర‌కు జ‌రిగిన ఇర‌వై ఎనిమిది ‘ప్ర‌గ‌తి’ స‌మావేశాల లో మొత్తం 11.75 ల‌క్ష‌ల కోట్ల రూపాయ‌ల‌ కు పైగా పెట్టుబ‌డి తో కూడిన ప‌థ‌కాల ను స‌మీక్షించ‌డ‌మైంది.,28 پرگتی میٹنگوں میں اب تک ، کل 11.75 لاکھ کروڑ سے زیادہ سرمایے کے پروجیکٹوں کا مسلسل جائزہ لیا گیا ہے ۔
More than one lakh houses have been completed in the State of Gujarat.,গুজৰাট ৰাজ্যত ইতিমধ্যে ১ লাখতকৈ অধিক গৃহৰ নিৰ্মাণ সম্পূৰ্ণ হৈছে।,এই কর্মসূচির মাধ্যমে গুজরাটে ১ লক্ষেরও বেশি বাড়ি নির্মিত হয়েছে।,ગુજરાતમાં એક લાખથી વધારે મકાનોનું નિર્માણ પૂર્ણ થઈ ગયું છે.,गुजरात राज्य में एक लाख से अधिक आवासों का निर्माण पूरा कर लिया गया है।,ಗುಜರಾತ್ ನಲ್ಲಿ ಒಂದು ಲಕ್ಷಕ್ಕೂ ಅಧಿಕ ವಸತಿಗಳ ನಿರ್ಮಾಣವಾಗಿದೆ.,ഗുജറാത്തില്‍ ഒരു ലക്ഷത്തിലേറെ വീടുകളുടെ നിര്‍മാണം പൂര്‍ത്തിയാക്കപ്പെട്ടിട്ടുണ്ട്.,গুজরাত রাজ্যদা য়ুম লাখ অমদগী হেন্না শাবা লোইরে।,गुजरातमध्ये एक लाखापेक्षा जास्त घरे पूर्ण झाली आहेत.,ସୂଚନାଯୋଗ୍ୟ ଯେ “ସମସ୍ତଙ୍କ ପାଇଁ ଆବାସ” ଲକ୍ଷ୍ୟ ନେଇ କେନ୍ଦ୍ର ସରକାରଙ୍କ ଫ୍ଲାଗସିପ କାର୍ଯ୍ୟକ୍ରମ ଅନ୍ତର୍ଗତ ଏହି ଯୋଜନା କାର୍ଯ୍ୟକାରୀ କରାଯାଉଛି ।,ਗੁਜਰਾਤ ਰਾਜ ਵਿੱਚ ਇੱਕ ਲੱਖ ਤੋਂ ਅਧਿਕ ਮਕਾਨਾਂ ਦਾ ਨਿਰਮਾਣ ਪੂਰਾ ਕਰ ਲਿਆ ਗਿਆ ਹੈ।,குஜராத் மாநிலத்தில் ஒரு லட்சத்திற்கும் அதிகமான வீடுகள் கட்டி முடிக்கப்பட்டுள்ளன.,గుజ‌రాత్ రాష్ట్రం లో ఒక ల‌క్ష‌ కు పైగా ఇళ్ళ నిర్మాణం పూర్తి అయింది.,واضح ہو کہ گجرات میں ایک لاکھ سے زائد مکانات کی تعمیر مکمل کی جاچکی ہے۔
He exhorted them to study hard and develop a keen interest in sports as well.,প্রধানমন্ত্রীয়ে তেওঁলোকক মন দি পঢ়া-শুনা কৰাৰ লগতে খেলাধূলাৰ প্ৰতি অধিক আগ্রহী কৰি তোলাৰ পৰামর্শ আগবঢ়ায়।,প্রধানমন্ত্রী তাদের মন দিয়ে পড়াশুনা করার ও খেলাধূলায় আগ্রহ বাড়িয়ে তোলার পরামর্শ দেন।,તેમણે બાળકોને અભ્યાસ કરવા અને રમતગમતમાં રસ દાખવવા પ્રોત્સાહન આપ્યું હતું.,उन्होंने बच्चों से मेहनत के साथ पढ़ाई करने और साथ-साथ खेलकूद में दिलचस्पी विकसित करने का आह्वान किया।,ಕಷ್ಟಪಟ್ಟು ಓದುವಂತೆ ಮತ್ತು ಕ್ರೀಡೆಯಲ್ಲೂ ಆಸಕ್ತಿ ಮೂಡಿಸಿಕೊಳ್ಳುವಂತೆ ಅವರು ತಿಳಿಸಿದರು.,നന്നായി പഠിക്കാനും കായിക ഇനങ്ങളില്‍ തീക്ഷ്ണമായ താല്‍പര്യം വളര്‍ത്താനും അദ്ദേഹം കുട്ടികളെ ആഹ്വാനം ചെയ്തു.,প্রধান মন্ত্রীনা মখোয়দা লাইরিক কন্না তম্বগা লোইননা শান্ন-খোৎনবদসু হৈনবী থম্নবা খঙহনখি।,पंतप्रधानांनी त्यांना अभ्यासासाठी मेहनत आणि क्रीडा क्षेत्रात रुची निर्माण करण्याचा सल्ला दिला.,ପାଠପଢା ସହ ସେମାନେ ଶାରୀରିକ ଶିକ୍ଷା ଓ କ୍ରୀଡ଼ା ପ୍ରତି ମନରେ ବିଶେଷ ଆଗ୍ରହ ରଖିବାକୁ ପ୍ରଧାନମନ୍ତ୍ରୀ ସେମାନଙ୍କୁ ପରାମର୍ଶ ଦେଇଥିଲେ ।,ਪ੍ਰਧਾਨ ਮੰਤਰੀ ਨੇ ਉਨ੍ਹਾਂ ਨੂੰ ਮਿਹਨਤ ਨਾਲ ਅਧਿਐਨ ਕਰਨ ਅਤੇ ਨਾਲ ਹੀ ਖੇਡਾਂ ਵਿੱਚ ਚੋਖੀ ਦਿਲਚਸਪੀ ਵਿਕਸਿਤ ਲਈ ਪ੍ਰੇਰਿਤ ਕੀਤਾ।,மாணவர்கள் கவனத்துடன் படித்து விளையாட்டுகளில் ஆர்வம் செலுத்த வேண்டும் என்று அவர் கேட்டுக் கொண்டார்.,"శ్రద్ధ తో విద్య ను అభ్యసిస్తూ, మరి అలాగే ఆట‌ల‌ లో సైతం మక్కువను కలిగివుండండంటూ వారికి ఆయ‌న ఉద్బోధించారు.",وزیراعظم نے بچوں سے زور دے کر کہا کہ انھیں انتہائی محنت کے ساتھ پڑھنا چاہئے، لیکن اس کے ساتھ ہی کھیل کود میں بھی حصہ لینا چاہئے۔
"The Prime Minister said that the Swachh Seva Samman Kosh, announced today would help the sanitation workers and their families, in times of need.",স্বচ্ছ ভাৰত অভিযান তীব্ৰতাৰে আগুৱাই গৈছে বুলি উল্লেখ কৰি প্ৰধানমন্ত্ৰীয়ে কয় যে মহাত্মা গান্ধীৰ ১৫০সংখ্যক জন্মজয়ন্তীৰ পূৰ্বে ভাৰতবৰ্ষ মুকলিত শৌচমুক্ত দেশত পৰিণত হ’ব৷,"প্রধানমন্ত্রী বলেন, স্বচ্ছ সেবা সম্মান কোষ যেটির আজ ঘোষণা করা হল, সেটি সাফাইকর্মী ও তাদের পরিবারকে প্রয়োজনের সময় সাহায্য করতে পারবে।",પ્રધાનમંત્રીએ જણાવ્યું હતું કે આજે જેની જાહેરાત કરવામાં આવી છે તે સ્વચ્છ સેવા સન્માન કોશથી સફાઈ કર્મચારીઓ અને તેમના પરિવારોને જરૂરિયાતના સમયે સહાય મળશે.,प्रधानमंत्री ने कहा कि आज घोषित स्वच्छ सेवा सम्मान कोष स्वच्छता कार्यकर्ताओं और उनके परिवारों की जरूरत के समय मदद करेगा।,"ಇಂದು ಸ್ವಚ್ಛ ಸೇವಾ ಸಮ್ಮಾನ ಕೋಶ ಪ್ರಕಟಿಸಲಾಗಿದೆ, ಇದು ಅಗತ್ಯವಿರುವ ಸಂದರ್ಭಗಳಲ್ಲಿ ಸ್ವಚ್ಛತಾ ಕಾರ್ಯಕರ್ತರು ಮತ್ತು ಅವರ ಕುಟುಂಬದವರಿಗೆ ನೆರವಾಗಲಿದೆ ಎಂದು ಪ್ರಧಾನಮಂತ್ರಿ ಹೇಳಿದರು.",ഇന്നു പ്രഖ്യാപിക്കപ്പെട്ട സ്വച്ഛ് സേവാ സമ്മാന്‍ കോശ് ശുചീകരണ തൊഴിലാളികള്‍ക്കും അവരുടെ കുടുംബങ്ങള്‍ക്കും അവശ്യഘട്ടങ്ങളില്‍ സഹായകമാകുമെന്ന് അദ്ദേഹം പറഞ്ഞു.,"প্রধান মন্ত্রীনা হায়খি, ঙসি লাউথোকলিবা স্বচ্ছ সেবা সম্মান কোস অসিনা সেনিতেসন ৱার্করশিং অমসুং মখোয়গী ইমুং-মনুংগী মীওইশিং মতেং পাংলগনি।","आज जाहीर केलेल्या स्वच्छ सेवा सन्मान कोषामुळे स्वच्छता कर्मचारी आणि त्यांच्या कुटुंबियांना गरजेच्या काळात सहाय्य होईल, असे त्यांनी सांगितले.",ପ୍ରଧାନମନ୍ତ୍ରୀ କହିଲେ ଯେ ଆଜି ଘୋଷିତ ସ୍ୱଚ୍ଛତା ସେବା ସମ୍ମାନ କୋଷ ସ୍ୱଚ୍ଛତା କାର୍ଯ୍ୟକର୍ତ୍ତା ଏବଂ ସେମାନଙ୍କ ପରିବାରର ଆବଶ୍ୟକତା ସମୟରେ ସହାୟତା କରିବ ।,ਪ੍ਰਧਾਨ ਮੰਤਰੀ ਨੇ ਕਿਹਾ ਕਿ ਅੱਜ ਐਲਾਨਿਆਂ ਗਿਆ ਸਵੱਛ ਸੇਵਾ ਸਨਮਾਨ ਫੰਡ ਸਵੱਛਤਾ ਵਰਕਰਾਂ ਅਤੇ ਉਨ੍ਹਾਂ ਦੇ ਪਰਿਵਾਰਾਂ ਦੀ ਜ਼ਰੂਰਤ ਸਮੇਂ ਮਦਦ ਕਰੇਗਾ ।,"தூய்மைப் பணியாளர்களுக்கான கௌரவ விருது இன்று அறிவிக்கப்பட்டிருப்பது, துப்புரவுப் பணியாளர்களுக்கும் அவர்களது குடும்பத்தினருக்கும் தக்க தருணத்தில் துணைநிற்கும் என்று பிரதமர் கூறினார்.",ఈ రోజు న ప్ర‌క‌టించిన‌టువంటి ‘స్వ‌చ్ఛ సేవా స‌మ్మాన్‌ కోశ్’ పారిశుధ్య శ్రామికుల‌ కు మ‌రియు వారి కుటుంబాల‌ కు అవ‌స‌ర కాలం లో స‌హాయ‌కారి గా ఉండగల‌ద‌ని ప్ర‌ధాన మంత్రి పేర్కొన్నారు.,وزیراعظم نے کہا کہ سوچھ سیوا سمان کوش ، جس کا آج اعلان کیا گیا ہے ، صفائی ورکروں اور ان کے اہل خانہ کو ضرورت کے وقت مدد کرے گا۔
"The Prime Minister recalled Dr. Ambedkar’s words, that we should make our political democracy, a social democracy as well.",প্ৰধানমন্ত্ৰীগৰাকীয়ে ড০ আম্বেদকাৰক স্মৰণ কৰি কয় যে আমি ৰাজনৈতিক গণতন্ত্ৰৰ লগতে সামাজিক গণতন্ত্ৰও গঢ়িব লাগিব।,রাজনৈতিক গণতন্ত্রের পাশাপাশি সামাজিক গণতন্ত্রওপ্রতিষ্ঠিত হওয়া প্রয়োজন – ডঃ আম্বেদকর-এর এই কথাগুলি প্রসঙ্গত স্মরণ করেন শ্রীনরেন্দ্র মোদী।,"પ્રધાનમંત્રીએ ડૉ. આંબેડકરનાં એ શબ્દોને યાદ કર્યા હતાં કે, આપણે રાજકીય રીતે લોકશાહી રાષ્ટ્ર બનવાની સાથે સામાજિક દ્રષ્ટિએ પણ લોકશાહી રાષ્ટ્ર બનવું જોઈએ.",प्रधानमंत्री ने डॉ. अंबेडकर के शब्‍दों को याद किया कि हमें अपने राजनीतिक लोकतंत्र के साथ-साथ एक सामाजिक लोकतंत्र का भी निर्माण करना चाहिए।,"ಡಾ. ಅಂಬೇಡ್ಕರ್ ಅವರ ಪದಗಳನ್ನು ಸ್ಮರಿಸಿದ ಪ್ರಧಾನಿ, ನಾವು ನಮ್ಮ ರಾಜಕೀಯ ಪ್ರಜಾಪ್ರಭುತ್ವದ ಜೊತೆಗೆ, ಸಾಮಾಜಿಕ ಪ್ರಜಾಪ್ರಭುತ್ವವನ್ನು ರೂಪಿಸಬೇಕೆಂದರು.",നമ്മുടെ രാഷ്ട്രീയ ജനാധിപത്യത്തെ സാമൂഹിക ജനാധിപത്യം കൂടിയാക്കണമെന്ന ഡോ.അംബേദ്ക്കറുടെ വാക്കുകള്‍ പ്രധാനമന്ത്രി അനുസ്മരിച്ചു.,প্রধানমন্ত্রীনা দা. অম্বেদকরগী ৱাফমশিং নৌহৌনা নিংশিংখি মদুদি ঐখোয়না ঐখোয়গী পোলিতিকেল দেমোক্রেসি লোয়ন লোয়ননা সোসিয়েল দেমোক্রেসি অমা শেমগদবনি ।,राजकीय लोकशाही ही सामाजिक लोकशाहीत रुपांतरीत केली पाहिजे या डॉ. आंबेडकरांच्या विचारांचा त्यांनी उल्लेख केला.,"ଡ. ଆମ୍ବେଦକରଙ୍କ ଉକ୍ତି ବିଷୟରେ ଉଲ୍ଲେଖ କରି ପ୍ରଧାନମନ୍ତ୍ରୀ କହିଥିଲେ ଯେ ଆମେ ଆମ ରାଜନୈତିକ ଗଣତନ୍ତ୍ରକୁ, ଏକ ସାମାଜିକ ଗଣତନ୍ତ୍ରରେ ପରିଣତ କରିବା ଆବଶ୍ୟକ ।",ਪ੍ਰਧਾਨ ਮੰਤਰੀ ਨੇ ਡਾ. ਅੰਬੇਡਕਰ ਦੇ ਸ਼ਬਦਾਂ ਨੂੰ ਯਾਦ ਕੀਤਾ ਕਿ ਸਾਨੂੰ ਆਪਣੇ ਰਾਜਨੀਤਕ ਲੋਕਤੰਤਰ ਦੇ ਨਾਲ ਇੱਕ ਸਮਾਜਿਕ ਲੋਕਤੰਤਰ ਵੀ ਬਣਾਉਣਾ ਚਾਹੀਦਾ ਹੈ।,நமது அரசியல் ஜனநாயகம் சமூக ஜனநாயகமாக்க வேண்டும் என்ற அம்பேத்கரின் வார்த்தைகளை அவர் நினைவுகூர்ந்தார்.,మ‌న రాజ‌కీయ ప్ర‌జాస్వామ్యాన్ని ఒక సాంఘిక ప్ర‌జాస్వామ్యంగా కూడా మ‌ల‌చాల‌ని డాక్ట‌ర్ ఆంబేడ్క‌ర్ చెప్పిన మాట‌ల‌ను ప్ర‌ధాన మంత్రి గుర్తు చేశారు.,جناب مودی نے ڈاکٹر امبیڈ کر کے الفاظ کی یاد دلاتے ہوئے کہا کہ باباصاحب نے کہا کہ ہماری سیاسی جمہوریت ایک سماجی جمہوریت بھی ہے ۔
"Reiterating his strong stance against corruption, PM said that his Government is committed to eliminating middlemen and corruption.",দুৰ্নীতিৰ বিৰুদ্ধে কঠোৰ মন্তব্য কৰি প্ৰধানমন্ত্ৰীয়ে কয় যে চৰকাৰে মধ্যভোগী আৰু দুৰ্নীতি নিবাৰণৰ বাবে প্ৰতিশ্ৰুতিবদ্ধ৷ তেওঁ কয় যে প্ৰধানমন্ত্ৰী সদায়েই সজাগ হৈ আছে৷,"দুর্নীতির বিরুদ্ধে তাঁর কঠোর অবস্থানের কথা পুনরায় উল্লেখ করে প্রধানমন্ত্রী বলেন, বর্তমান কেন্দ্রীয় সরকার দালালদের অযাচিত হস্তক্ষেপ ও দুর্নীতি চিরতরে দূরীকরণে অঙ্গীকারবদ্ধ।","ભ્રષ્ટાચાર વિરૂદ્ધ પોતાનું આકરું વલણ દર્શાવતા પ્રધાનમંત્રીએ જણાવ્યું હતું કે, તેમની સરકાર ભ્રષ્ટાચાર અને વચેટિયાઓને કાઢી મૂકવા માટે કટિબદ્ધ છે.",प्रधानमंत्री श्री मोदी ने कहा कि उनकी सरकार बिचौलियों और भ्रष्टाचार को समाप्त करने के लिए प्रतिबद्ध है।,ಭೃಷ್ಟಾಚಾರದ ವಿರುದ್ಧ ಅವರ ಬಲವಾದ ನಿಲುವನ್ನು ಪುನರುಚ್ಛರಿಸಿದ ಪ್ರಧಾನ ಮಂತ್ರಿಗಳು ತಮ್ಮ ಸರ್ಕಾರ ಮಧ್ಯವರ್ತಿಗಳು ಮತ್ತು ಭೃಷ್ಟಾಚಾರ ನಿರ್ಮೂಲನೆಯ ಪಣ ತೊಟ್ಟಿದೆ ಎಂದು ಹೇಳಿದರು.,"അഴിമതിക്കെതിരായ ശക്തമായ നിലപാട് ആവര്‍ത്തിച്ചുകൊണ്ട്, ഇടനിലക്കാരെയും അഴിമതിയും തുടച്ചു നീക്കാന്‍ തന്റെ ഗവണ്‍മെന്റ് പ്രതിജ്ഞാബദ്ധമാണെന്ന് പ്രധാനമന്ത്രി പറഞ്ഞു.",শেঞ্জা–থুমজাগী মায়োক্তা মহাক্কী অচেৎপা ফিরেপ অদু অমুক হন্না ফোংদোক্লদুনা প্রধান মন্ত্রীনা হায়খি মদুদি মহাক্কী সরকারনা মরক্তা লৈবা মীওইশিং অমসুং শেঞ্জা–থুমজা মুথৎনবা অচেৎপা ৱারেপ লৌরে।,"भ्रष्टाचाराविरुद्धच्या कठोर धोरणाचा पुनरूच्चार करून पंतप्रधान म्हणाले की, दलाल आणि भ्रष्टाचार यांचे उच्चाटन करण्यासाठी सरकार कटीबद्ध आहे.",ଦୁର୍ନୀତି ବିରୋଧରେ ତାଙ୍କର ଦୃଢ଼ ପ୍ରତିବଦ୍ଧତାକୁ ଦୋହରାଇ ପ୍ରଧାନମନ୍ତ୍ରୀ କହିଥିଲେ ଯେ ତାଙ୍କ ସରକାର ଭ୍ରଷ୍ଟାଚାର ଓ ଦଲାଲି ଶେଷ କରିବା ଲାଗି ପ୍ରତିବଦ୍ଧ ।,"ਭ੍ਰਿਸ਼ਟਾਚਾਰ ਵਿਰੁੱਧ ਆਪਣਾ ਸਪਸ਼ਟ ਸਟੈਂਡ ਦੁਹਰਾਉਂਦਿਆਂ, ਪ੍ਰਧਾਨ ਮੰਤਰੀ ਨੇ ਕਿਹਾ ਕਿ ਉਨ੍ਹਾਂ ਦੀ ਸਰਕਾਰ ਵਿਚੋਲਿਆਂ ਅਤੇ ਭ੍ਰਿਸ਼ਟਾਚਾਰ ਨੂੰ ਖਤਮ ਕਰਨ ਲਈ ਪ੍ਰਤੀਬੱਧ ਹੈ।",ஊழலுக்கு எதிரான தன் உறுதியான நிலைப்பாட்டை மீண்டும் வலியுறுத்திய பிரதமர் இடைத்தரகர்கள் மற்றும் ஊழலை முற்றிலுமாக அகற்ற தமது அரசு உறுதிபூண்டுள்ளது என்றும் குறிப்பிட்டார்.,"అవినీతి పై తాను అనుస‌రిస్తున్న దృఢ వైఖ‌రి ని ప్ర‌ధాన మంత్రి పున‌రుద్ఘాటిస్తూ, దళారుల ను మ‌రియు అవినీతి ని నిర్మూలించ‌డం కోసం త‌న ప్ర‌భుత్వం దీక్షాబ‌ద్ధురాలైంద‌న్నారు.",بدعنوانی کے خلاف اپنے عزم کا اعادہ کرتے ہوئے وزیر اعظم نے کہا کہ ان کی حکومت بچولیوں اور بدعنوانی کو ختم کرنے کے تئیں پابند عہد ہے۔
He added that the Government is giving a lot of importance to innovation and research.,তেওঁ লগতে কয় যে চৰকাৰে উদ্ভাৱন আৰু গৱেষণায় যথেষ্ট গুৰুত্ব প্ৰদান কৰিছে।,"উদ্ভাবন ও গবেষণায় যে তাঁর সরকার প্রভূত গুরুত্ব দিয়েছে, তাও এ প্রসঙ্গে জানান তিনি।","તેમણે ઉમેર્યું હતું કે, સરકાર નવીનતા અને સંશોધન પર વિશેષ ભાર મૂકે છે.",उन्होंने कहा कि सरकार नवाचार और अनुसंधान को काफी महत्व दे रही है।,ಸರ್ಕಾರ ನಾವಿನ್ಯತೆ ಮತ್ತು ಸಂಶೋಧನೆಗೆ ತುಂಬಾ ಮಹತ್ವ ನೀಡುತ್ತಿದೆ ಎಂದೂ ಪ್ರಧಾನಮಂತ್ರಿ ತಿಳಿಸಿದರು.,നവീന ആശയങ്ങള്‍ക്കും ഗവേഷണങ്ങള്‍ക്കും ഗവണ്‍മെന്റ് അതീവ പ്രാധാന്യമാണ് നല്‍കുന്നതെന്ന് അദ്ദേഹം പറഞ്ഞു.,সরকার অসিনা ইনোভেসন অমসুং রিসর্সতা মরুওইবা কয়া অমা পীরি হায়না মহাক্না মখা তাখি।,त्यांनी भारत सरकार नुतनीकरण आणि संशोधनावर जोर देत असल्याचे सांगितले.,ସେ ଆହୁରି ଉଲ୍ଲେଖ କରିଥିଲେ ଯେ ସରକାର ନବସୃଜନ ଏବଂ ଗବେଷଣା ଉପରେ ଗୁରୁତ୍ୱ ଦେଉଛନ୍ତି ।,ਉਨ੍ਹਾਂ ਹੋਰ ਕਿਹਾ ਕਿ ਸਰਕਾਰ ਇਨੋਵੇਸ਼ਨ ਅਤੇ ਖੋਜ ਨੂੰ ਬਹੁਤ ਮਹੱਤਵ ਦੇ ਰਹੀ ਹੈ।,"அரசு புதிய கண்டுபிடிப்புக்களுக்கும், ஆராய்ச்சிகளுக்கும் மிகுந்த முக்கியத்துவம் தருவதாக அவர் மேலும் கூறினார்.",ప‌రిశోధ‌న‌కు మరియు నూత‌న ఆవిష్క‌ర‌ణ‌లకు ప్ర‌భుత్వం ఎనలేని ప్రాముఖ్యాన్ని ఇస్తున్నట్లు ఆయ‌న వెల్లడించారు.,انہوں نے کہاکہ حکومت اختراعات اور تحقیق پر بڑی توجہ مرکوز کر رہی ہے ۔
"The PM-SYM along with the health coverage provided under ‘Ayushman Bharat’ and life & disability coverage provided under ‘Pradhan Mantri Jeevan Jyoti Bima Yojana’ and ‘Pradhan Mantri Suraksha Bima Yojana, will ensure comprehensive social security coverage for the workers in the unorganized sector at their old age.","উল্লেখ্য, ‘আয়ুষ্মান ভাৰত’ৰ সৈতে পিএম-এছৱাইএম, ‘প্ৰধানমন্ত্ৰী জীৱন জ্যোতি বীমা যোজনা’ আৰু ‘প্ৰধানমন্ত্ৰী সুৰক্ষা বীমা যোজনা’ই দেশৰ অসংগঠিত খণ্ডৰ কৰ্মীসকলক বৃদ্ধ বয়সত সম্পূৰ্ণ সামাজিক নিৰাপত্তা প্ৰদানত সমৰ্থ হ’ব৷","প্রধানমন্ত্রী শ্রম যোগী মান – ধন যোজনার বিভিন্ন সুযোগ-সুবিধার পাশাপাশি, আয়ুষ্মান ভারত কর্মসূচির আওতায় স্বাস্থ্য বিমা, প্রধানমন্ত্রী জীবন জ্যোতি বিমা যোজনার আওতায় জীবন তথা কর্মক্ষমতা হারালে বিশেষ সুবিধা প্রদানের মতো উদ্যোগগুলি অসংগঠিত ক্ষেত্রের শ্রমিকদের বয়সকালে নিশ্চিত সামাজিক সুরক্ষা প্রদান করবে।",PM-SYM ની સાથે સાથે ‘આયુષ્યમાન ભારત’ અંતર્ગત આપવામાં આવતા સ્વાસ્થ્ય કવચ અને ‘પ્રધાનમંત્રી જીવન જ્યોતિ વીમા’ અને ‘પ્રધાનમંત્રી સુરક્ષા વીમા યોજના’ અંતર્ગત આપવામાં આવતા જીવન અને વિકલાંગતા કવચથી બિન-સંગઠિત ક્ષેત્રમાં કામ કરતા શ્રમયોગીઓને વૃદ્ધાવસ્થાએ વ્યાપક સામાજિક સુરક્ષાના કવચની ખાતરી મળશે.,"प्रधानमंत्री श्री मोदी ने कहा कि असंगठित क्षेत्र के श्रमिकों को वृद्धा अवस्था के दौरान सामाजिक सुरक्षा प्रदान करने के लिए कई योजनाएं लागू कि गई है जैसे- स्वास्थ्य कवरेज के लिए आयुष्मान भारत, जीवन बीमा के लिए प्रधानमंत्री जीवन ज्योति बीमा योजना और शारीरिक अक्षमता के लिए प्रधानमंत्री सुरक्षा बीमा योजना।","ಆಯುಷ್ಮಾನ್ ಭಾರತದ ಅಡಿ ಆರೋಗ್ಯ ರಕ್ಷಣೆ ಮತ್ತು ಪ್ರಧಾನಮಂತ್ರಿ ಜೀವನ್ ಜ್ಯೋತಿ ಬಿಮಾ ಯೋಜನೆಯಡಿ ಹಾಗೂ ಪ್ರಧಾನಮಂತ್ರಿ ಸುರಕ್ಷಾ ಬಿಮಾ ಯೋಜನೆ ಅಡಿ ಜೀವನ ಮತ್ತು ಅಂಗವೈಕಲ್ಯ ವಿಮೆ, ಕೂಡಾ ಒದಗಿಸುವ PM-SYM ಅಸಂಘಟಿತ ವಲಯದ ಕಾರ್ಮಿಕರಿಗೆ ಅವರ ವೃದ್ಧಾಪ್ಯದಲ್ಲಿ ಸಮಗ್ರ ಸಾಮಾಜಿಕ ಭದ್ರತೆಯನ್ನು ಒದಗಿಸುತ್ತದೆ.","പി.എം-എസ്.വൈ.എമ്മിനോടൊപ്പം ആയുഷ്മാന്‍ ഭാരതിനു കീഴില്‍ നല്‍കുന്ന ആരോഗ്യ പരിരക്ഷ, പ്രധാനമന്ത്രി ജീവന്‍ ജ്യോതി ബീമാ യോജന, പ്രധാനമന്ത്രി സുരക്ഷാ ബീമാ യോജന ജീവന്‍ പരിരക്ഷ, അംഗവൈകല്യ പരിരക്ഷ എന്നിവ അസംഘടിത മേഖലയിലെ തൊഴിലാളികള്‍ക്ക് അവരുടെ വാര്‍ദ്ധക്യകാലത്ത് സമഗ്രമായ സാമൂഹ്യ സുരക്ഷാ പരിരക്ഷ ഉറപ്പുവരുത്തും.",পি.এম.-এস.ৱাই.এম.না আয়ুশ্মান ভারতকী মখাদা ফংহল্লিবা হেল্থ কোভরেজ অমসুং প্রধান মন্ত্রী জীবন জ্যোতী বিমা য়োজনা অমদি প্রধান মন্ত্রী সুরক্ষা বিমা য়োজনাগী মখাদা ফংহল্লিবা লাইফ অমসুং দিসএবিলিতী কোভরেজকা লোয়ননা অনওর্গনাইজ সেক্তরদা থবক তৌরিবা শিন্মীশিংবু মখোয়গী অহল ওইরক্লবা মতমদা সোসিয়েল সেক্যুরিতী কোভর তৌরগনি হায়না প্রধান মন্ত্রী মোদীনা ফোংদোকখি।,प्रधानमंत्री श्रमयोगी मानधन योजना तसेच आयुष्मान भारत अंतर्गत पुरवण्यात आलेल्या आरोग्य कवच तसेच प्रधानमंत्री जीवनज्योती योजना आणि प्रधानमंत्री सुरक्षा बिमा योजनेअंतर्गत मिळणाऱ्या लाभांमुळे असंघटीत क्षेत्रातल्या कामगारांना त्यांच्या वृद्धापकाळात सर्वंकष सुरक्षा कवच मिळाले आहे.,ପିଏମ-ଏସୱାଇଏମ ସହିତ ‘ଆୟୁଷ୍ମାନ ଭାରତ’ ଅଧୀନରେ ଦିଆଯାଉଥିବା ସ୍ୱାସ୍ଥ୍ୟ ବୀମା ଏବଂ ‘ପ୍ରଧାନମନ୍ତ୍ରୀ ଜୀବନ ଜ୍ୟୋତି ବୀମା ଯୋଜନା’ ଏବଂ ‘ପ୍ରଧାନମନ୍ତ୍ରୀ ସୁରକ୍ଷା ବୀମା ଯୋଜନା’ ଅନ୍ତର୍ଗତ ଦିଆଯାଉଥିବା ଜୀବନ ବୀମା ଏବଂ ଶାରିରୀକ ଅକ୍ଷମତା ବୀମା ଭଳି ଯୋଜନା ଅସଂଗଠିତ କ୍ଷେତ୍ରରେ କାର୍ୟ୍ୟ କରୁଥିବା ଶ୍ରମିକମାନଙ୍କ ପାଇଁ ସେମାନଙ୍କ ବୃଦ୍ଧାବସ୍ଥାରେ ବିସ୍ତୃତ ସାମାଜିକ ସୁରକ୍ଷା ସୁନିଶ୍ଚିତ କରିବ ।,"ਪੀਐਮ-ਐੱਸਵਾਈਐੱਮ ਅਤੇ ‘ਆਯੁਸ਼ਮਾਨ ਭਾਰਤ’ ਅਧੀਨ ਪ੍ਰਦਾਨ ਕੀਤੀ ਗਈ ਸਿਹਤ ਕਵਰੇਜ ਅਤੇ ‘ਪ੍ਰਧਾਨ ਮੰਤਰੀ ਜੀਵਨ ਜਯੋਤੀ ਬੀਮਾ ਯੋਜਨਾ’ ਅਤੇ ‘ਪ੍ਰਧਾਨ ਮੰਤਰੀ ਸੁਰਕਸ਼ਾ ਬੀਮਾ ਯੋਜਨਾ’ ਜੋ ਕਿ ਜੀਵਨ ਅਤੇ ਸਰੀਰਕ ਅਸਮਰੱਥਾ ਦੀ ਸੁਰੱਖਿਆ ਲਈ ਹਨ, ਗੈਰ-ਸੰਗਠਿਤ ਖੇਤਰ ਦੇ ਵਰਕਰਾਂ ਲਈ ਬੁਢਾਪੇ ਵਿੱਚ ਵਿਸਤ੍ਰਿਤ ਸਮਾਜਿਕ ਸੁਰੱਖਿਆ ਕਵਰੇਜ ਯਕੀਨੀ ਬਣਾਉਣਗੀਆਂ।","இந்த பிரதமர் ஷ்ரம் யோகி மான் – தன் திட்டத்தோடு கூடவே ஆயுஷ்மான் பாரத் திட்டத்தின் கீழ் வழங்கப்படும் சுகாதார வசதி, பிரதமர் ஜீவன் ஜோதி பீமா திட்டம் மற்றும் பிரதமர் ஆயுள் காப்பீட்டு திட்டம் போன்றவை வழங்கும் ஆயுள் மற்றும் உடல் ஊனம் ஆகியவற்றுக்கான காப்பீட்டு வசதிகள் ஆகியவை அமைப்புசாரா பிரிவில் உள்ள தொழிலாளர்களுக்கு அவர்களின் முதிய வயதில் முழுமையான சமூகப் பாதுகாப்பு வசதிகள் கிடைப்பதை உறுதி செய்வதாக இருக்கும்.","పించను పథకంతో పాటు ఆరోగ్య బీమా, జీవిత బీమా వంటి పథకాల ద్వారా అవ్యవస్థీకృత రంగంలో పనిచేసే కార్మికులకు వృద్ధాప్యంలో సామాజిక భద్రత లభిస్తుంది.",وزیر اعظم نے کہا کہ پی ایم-ایس وائی ایم یوجنا، آیوشمان بھارت کے تحت دستیاب کرائے گئے ہیلتھ کوریج اور پردھان منتری جیون جیوتی بیمہ یوجنا کے تحت لائف اینڈ ڈس ایبلٹی کوریج اور پردھان منتری سرکشا بیمہ یوجنا کے ساتھ مل کر غیر منظم شعبے کے ورکروں کو ان کے بڑھاپے میں جامع سوشل سیکورٹی کوریج کو یقینی بنائے گی۔
The Prime Minister will attend the Madhya Pradesh Shehari Vikas Mahotsav in Indore.,প্ৰধানমন্ত্ৰীয়ে ইণ্ডোৰত মধ্যপ্ৰদেশ ছেহৰি বিকাশ মহোৎসৱত অংশগ্ৰহণ কৰিব।,ইন্দোরে মধ্যপ্রদেশ শেহরি বিকাশ মহোৎসবে উপস্হিত থাকবেন তিনি।,પ્રધાનમંત્રી ઈન્દોર ખાતે મધ્યપ્રદેશ શહેરી વિકાસ મહોત્સવમાં ભાગ લેશે.,प्रधानमंत्री इंदौर में आयोजित होने वाले शहरी विकास महोत्सव में भाग लेंगे।,ಪ್ರಧಾನ ಮಂತ್ರಿಯವರು ಮಧ್ಯಪ್ರದೇಶದ ಇಂದೋರಿನಲ್ಲಿ ಶೆಹರಿ ವಿಕಾಸ್ ಮಹೋತ್ಸವದಲ್ಲಿ ಭಾಗವಹಿಸುವರು.,ഇന്‍ഡോറില്‍ നടക്കുന്ന മധ്യപ്രദേശ് ഷെഹരി വികാസ് മഹോത്സവ് പ്രധാനമന്ത്രി സന്ദര്‍ശിക്കും.,প্রধান মন্ত্রীনা ইন্দোরদা মধ্য প্রদেশ শহরী বিকাস মহোৎসবতা শরুক য়াগনি।,इंदौरमध्ये होणाऱ्या मध्य प्रदेश शहरी विकास महोत्सवाला पंतप्रधान उपस्थित राहणार आहेत.,ଗସ୍ତ କାଳରେ ପ୍ରଧାନମନ୍ତ୍ରୀ ଇନ୍ଦୋରଠାରେ ଆୟୋଜିତ ହେବାକୁଥିବା ମଧ୍ୟପ୍ରଦେଶ ସହରୀ ବିକାଶ ମହୋତ୍ସବରେ ଯୋଗଦେବେ ।,ਪ੍ਰਧਾਨ ਮੰਤਰੀ ਇੰਦੌਰ ਵਿਖੇ ਸ਼ਹਿਰੀ ਵਿਕਾਸ ਮਹੋਤਸਵ ਵਿੱਚ ਸ਼ਾਮਿਲ ਹੋਣਗੇ।,பிரதமர் இந்தூரில் மத்தியப் பிரதேச ஷேஹாரி விகாஸ் மகோத்சவத்தில் பங்கேற்கவுள்ளார்.,ప్ర‌ధాన మంత్రి ఇందౌర్ లో జ‌రిగే మ‌ధ్య ప్ర‌దేశ్ శెహ‌రీ వికాస్ మ‌హోత్స‌వ్ కు హాజ‌రవుతారు.,وزیراعظم اندور میں مدھیہ پردیش شہری وکاس مہتو میں شرکت کریں گے۔
I am visiting the Republic of Korea at the invitation of President Moon Jae-in.,ৰাষ্ট্রপতি মুন জে ইনৰ আমন্ত্রণ মৰ্মে মই কোৰিয়া ভ্ৰমণলৈ বুলি ওলাইছো।,রাষ্ট্রপতি মুন জে ইন-এর আমন্ত্রণেই আমি কোরিয়া সফরে যাচ্ছি।,હું રાષ્ટ્રપતિ મૂન જે-ઇનનાં આમંત્રણ પર પ્રજાસત્તાક કોરિયાની મુલાકાત લેવા જઈ રહ્યો છું.,मैं राष्ट्रपति श्री मून जेई-इन के निमंत्रण पर कोरिया गणराज्य की यात्रा करने जा रहा हूं।,ನಾನು ರಿಪಬ್ಲಿಕ್ ಆಫ್ ಕೊರಿಯಾಕ್ಕೆ ಅಧ್ಯಕ್ಷರಾದ ಮೂನ್ ಜೆ-ಇನ್ ಅವರ ಆಹ್ವಾನದ ಮೇರೆಗೆ ತೆರಳುತ್ತಿದ್ದೇನೆ.,പ്രസിഡന്റ് മൂണ്‍ ജെയിന്റെ ക്ഷണമനുസരിച്ചു ഞാന്‍ റിപ്പബ്ലിക് ഓഫ് കൊറിയ സന്ദര്‍ശിക്കുകയാണ്.,রাস্ত্রপতি মুন জে–ইনগী বার্তন ফংদুনা ঐহাক রিপব্লিক ওফ কোরিয়াদা চৎলি।,प्रजासत्ताक कोरियाचे राष्ट्राध्यक्ष मून जे-इन यांच्या आमंत्रणावरुन कोरियाला भेट देत आहे.,ରାଷ୍ଟ୍ରପତି ମୁନ ଜେ ଇନଙ୍କ ନିମନ୍ତ୍ରଣରେ ମୁଁ କୋରିଆ ସାଧାରଣତନ୍ତ୍ର ଗସ୍ତ କରୁଛି ।,ਮੈਂ ਰਾਸ਼ਟਰਪਤੀ ਸ਼੍ਰੀ ਮੂਨ ਜੇਈ-ਇਨ (Moon Jae-in) ਦੇ ਸੱਦੇ ’ਤੇ ਕੋਰੀਆ ਗਣਰਾਜ ਦੀ ਯਾਤਰਾ ਕਰਨ ਜਾ ਰਿਹਾ ਹਾਂ।,“அதிபர் திரு. மூன் ஜே இன்னின் அழைப்புக்கு இணங்க கொரிய குடியரசுக்கு நான் பயணம் மேற்கொண்டுள்ளேன்.,కొరియా అధ్య‌క్షుడు మూన్ జే -ఇన్ ఆహ్వానం మేర‌కు నేను రిప‌బ్లిక్ ఆఫ్ కొరియా సంద‌ర్శిస్తున్నాను.,نئی دلّی ، 21 فروری ؍وزیر اعظم جناب نریندر مودی نے جمہوریہ کوریہ کے لئے روانہ ہونے سے قبل اپنے ایک بیان میں کہا ہے کہ ’’ میں صدر مون جے ۔
The two Prime Ministers will also interact with farmers.,প্ৰধানমন্ত্ৰী নেতান্যাহুৱে তাৰ পিছত মুম্বাইলৈ যাত্ৰা কৰিব।,সেখানে তাঁরা আলাপচারিতায় মিলিত হবেন কৃষকদের সঙ্গেও।,તેઓ ખેડૂતો સાથે વાતચીત પણ કરશે.,दोनों प्रधानमंत्री किसानों के साथ भी संवाद करेंगे।,ಇಬ್ಬರೂ ಪ್ರಧಾನಮಂತ್ರಿಯವರು ರೈತರೊಂದಿಗೆ ಸಂವಾದ ನಡೆಸಲಿದ್ದಾರೆ.,ഇരു പ്രധാനമന്ത്രിമാരും കര്‍ഷകരുമായി ഇടപഴകുകയും ചെയ്യും.,প্রধানমন্ত্রী অনিনা লৌমীশিংগা লোইননা ৱারি-ৱাতাইসু তৌগনি।,यावेळी उभय नेते शेतकरीवर्गाशी संवाद साधणार आहेत.,ଶ୍ରୀ ମୋଦୀ ଏବଂ ଶ୍ରୀ ନେତାନ୍ୟାହୁ ସେଠାକାର ସମବେତ ଚାଷୀମାନଙ୍କ ସହ ମତ ବିନିମୟ କରିବାର ମଧ୍ୟ କାର୍ଯ୍ୟକ୍ରମ ରହିଛି ।,ਦੋਵੇਂ ਪ੍ਰਧਾਨ ਮੰਤਰੀ ਕਿਸਾਨਾਂ ਨਾਲ ਵੀ ਗੱਲਬਾਤ ਕਰਨਗੇ।,பின்னர் இரு பிரதமர்களும் விவசாயிகளுடன் கலந்துரையாடுகின்றனர்.,వ్య‌వ‌సాయ‌దారుల‌తో ఇరువురు ప్ర‌ధానులు మాట్లాడుతారు.,دونوں وزرائے اعظم کسانوں کے ساتھ بھی گفتگو کریں گے۔
Such measures have propelled our economy into a high growth path.,এই সিদ্ধান্তই আমাৰ অর্থনীতিক এক ক্ষীপ্ৰ পথেৰে পৰিচালিত কৰিছে।,এই সিদ্ধান্ত আমাদের অর্থনীতিকে এক উচ্চগতির পথে চালিত করেছে।,આ ઉપાયોથી આપણું અર્થતંત્ર હવે વિકાસનાં માર્ગે ઝડપથી અગ્રેસર થયું છે.,इन उपायों से हमारी अर्थव्‍यवस्‍था अब विकास के तेज पथ पर अग्रसर हो गई है।,ಇಂತಹ ಕ್ರಮಗಳಿಂದಾಗಿ ನಾವು ನಮ್ಮ ಆರ್ಥಿಕತೆಯಲ್ಲಿ ಹೆಚ್ಚಿನ ಪ್ರಗತಿ ದರ ಕಂಡುಕೊಂಡಿದ್ದೇವೆ.,അത്തരം നടപടികള്‍ നമ്മുടെ സമ്പദ്ഘടനയെ വലിയ വളര്‍ച്ചയുടെ പാതയിലേക്ക് എത്തിച്ചിട്ടുണ്ട്.,এপ্রুবেল চাদা ৯০ হেন্না ওতোমেতিক রুত্তা থমলে।,अशा काही सुधारणांमुळे आमची अर्थव्यवस्था विकासाच्या मार्गावर वेगाने घोडदौड करत आहे.,ଏହି ଉପାୟ ଦ୍ୱାରା ଆମର ଅର୍ଥବ୍ୟବସ୍ଥା ଏବେ ବିକାଶର ଦ୍ରୁତ ଗତିରେ ଅଗ୍ରସର ହୋଇଛି ।,ਇਨ੍ਹਾਂ ਉਪਰਾਲਿਆਂ ਨਾਲ ਸਾਡੀ ਅਰਥਵਿਵਸਥਾ ਹੁਣ ਵਿਕਾਸ ਦੇ ਤੇਜ਼ ਅਗਾਂਹ ‘ਤੇ ਵਧ ਰਹੀ ਹੈ ।,"இந்த நடவடிக்கைகள், நமது பொருளாதாரத்தை உயர் வளர்ச்சிப் பாதைக்கு அழைத்துச் செல்கின்றன.",ఇటువంటి చ‌ర్య‌లు మా ఆర్థిక వ్య‌వ‌స్థ‌ ను ఉన్న‌త అభివృద్ధి దిశ‌ గా సాగేలా చేశాయి.,اس طرح کے اقدامات سے ہماری معیشت میں تیزی آئے گی اور یہ ترقی کے راستے پرگامزن ہوگی۔
More than 90 percent approvals have been put on automatic route.,বৈদেশিক বিনিয়োগৰ ক্ষেত্রত ৯০ শতাংশতকৈও অধিক ক্ষেত্ৰতেই প্ৰায় অনুমতি প্ৰদান কৰা হৈছে।,৯০ শতাংশেরও বেশিঅনুমোদন প্রক্রিয়ার কাজ সম্পূর্ণ করা হয় স্বয়ংক্রিয় উপায় ও পদ্ধতিতে।,90 ટકાથી વધારે મંજૂરીઓ સ્વચલિત રૂટ પર મળી રહે છે.,90 प्रतिशत से भी ज्‍यादा मंजूरियां स्‍वत: रूट से मिल जाती हैं।,ಶೇಕಡ 90ಕ್ಕೂ ಅಧಿಕ ಅನುಮೋದನೆಗಳು ಸಹಜ ಮಾರ್ಗದ ಮೂಲಕ ಸಿಗುವಂತೆ ಮಾಡಲಾಗಿದೆ.,90 ശതമനത്തിലധികം അനുമതികളും സ്വാഭാവിക വഴികളില്‍ കൂടി ലഭിക്കുകയും ചെയ്യും.,ঐখোয়গী ইকোনোমীগী সেক্তর অয়াম্বা হৌজিক্তি এফ.দি.আই.গীদমক হাংদোক্লে।,90% जास्त एफडीआय ला मंजुरी स्वयंचलित पद्धतीने देण्यात आली आहे.,90 ପ୍ରତିଶତରୁ ଅଧିକ ଅନୁମୋଦନକୁ ସ୍ୱୟଂକ୍ରିୟ ମାର୍ଗରେ କରାଯାଉଛି ।,90% ਪ੍ਰਵਾਨਗੀਆਂ ਆਟੋਮੈਟਿਕ ਢੰਗ ਨਾਲ ਹਾਸਿਲ ਹੋ ਜਾਂਦੀਆਂ ਹਨ।,90 சதவீதத்திற்கும் கூடுதலான அனுமதிகள் தற்போது தானியங்கி வழிமுறையில் அமைக்கப்பட்டுள்ளன.,90 శాతానికి పైగా అనుమతులను ఆటోమేటిక్ విధానంలోనే పెట్టాం.,نوے فیصد سے زیادہ منظوریاں اب آٹومیٹک طریقے سے دی جاتی ہیں۔
"Interacting with the Prime Minister, the awardees narrated their inspirational stories in transforming their schools into centres of learning and excellence.",প্ৰধানমন্ত্ৰীৰ সৈতে বাৰ্তালাপ কৰা সময়ছোৱাত বঁটাপ্ৰাপক শিক্ষকসকলে তেওঁলোকৰ বিদ্যালয়সমূহ শিক্ষণ তথা উৎকৰ্ষ সাধনৰ কেন্দ্ৰ হিচাপে কেনেদৰে গঢ়ি তুলিছে সেই সম্পৰ্কেও তেওঁলোকৰ প্ৰেৰণামূলক ঘটনাৱলী বিৱৰি কয়।,প্রধানমন্ত্রীর সঙ্গে আলাপচারিতায় পুরস্কারপ্রাপক শিক্ষকরা তাঁদের স্কুলগুলিকে জ্ঞান ও উৎকর্ষের কেন্দ্র হিসাবে পরিণত করার অনুপ্রেরণামূলক কাহিনী বর্ণনা করেন।,પ્રધાનમંત્રી સાથે વાતચીત કરતાં પુરસ્કૃત વિજેતાઓએ પોતાની શાળાઓને શિક્ષણ અને ઉત્કૃષ્ટતા કેન્દ્રમાં પરિવર્તિત કરવા સાથે સંબંધિત પ્રેરણાસ્પદ વાતો સંભળાવી હતી.,प्रधानमंत्री के साथ बातचीत करते हुए पुरस्‍कार विजेताओं ने अपने स्‍कूलों को शिक्षण एवं उत्‍कृष्‍टता केन्‍द्र में तब्‍दील करने से जुड़ी प्रेरणादायक गाथाएं सुनाईं।,ಶಾಲೆಗಳನ್ನು ಕಲಿಕೆ ಮತ್ತು ಉತ್ಕೃಷ್ಟತೆಯ ಕೇಂದ್ರವಾಗಿ ಮಾರ್ಪಡಿಸಿದ ಸ್ಪೂರ್ತಿದಾಯಕ ತಮ್ಮ ಕತೆಗಳನ್ನು ಪ್ರಧಾನಮಂತ್ರಿ ಅವರೊಂದಿಗೆ ಮಾತುಕತೆ ಸಂದರ್ಭದಲ್ಲಿ ಪ್ರಶಸ್ತಿ ವಿಜೇತರು ವಿವರಿಸಿದರು.,"പ്രധാനമന്ത്രിയുമായി സംവദിക്കവേ, തങ്ങളുടെ സ്‌കൂളുകള്‍ പഠനത്തിന്റെയും മികവിന്റെയും കേന്ദ്രങ്ങളാക്കിത്തീര്‍ക്കുന്ന പ്രചോദനാത്മകമായ കഥകള്‍ അവാര്‍ഡ് ജേതാക്കള്‍ വിവരിച്ചു.",প্রধান মন্ত্রীগা লোইননা ৱারী শানবা অদুদা মনা ফংলবশিংনা মখোয়গী স্কুলশিংবু সেন্তর ওফ লর্নীং অমসুং এক্সিলেন্সতা হোংদোকপগী মতাংদা পাউদমখি।,"आपल्या शाळेला शिक्षण आणि उत्कृष्टतेचे केंद्र बनविण्यासाठी केलेल्या प्रयत्नांच्या प्रेरणादायी कथा, पुरस्कार विजेत्या शिक्षकांनी यावेळी पंतप्रधानांना सांगितल्या.",ପ୍ରଧାନମନ୍ତ୍ରୀଙ୍କ ସହ ଆଲୋଚନ କରିବା ସମୟରେ ପୁରସ୍କାର ବିଜେତାମାନେ ସେମାନଙ୍କ ସ୍କୁଲକୁ ଶିକ୍ଷାର କେନ୍ଦ୍ର ଏବଂ ସର୍ବୋତ୍ତମ ଭାବେ ରୂପାନ୍ତରିତ କରିବା କ୍ଷେତ୍ରରେ ଉତ୍ସାହପୂର୍ଣ୍ଣ କାହାଣୀମାନ ବର୍ଣ୍ଣନା କରିଥିଲେ ।,ਪ੍ਰਧਾਨ ਮੰਤਰੀ ਦੇ ਨਾਲ ਗੱਲਬਾਤ ਕਰਦਿਆਂ ਪੁਰਸਕਾਰ ਵਿਜੇਤਾਵਾਂ ਨੇ ਆਪਣੇ ਸਕੂਲਾਂ ਨੂੰ ਸਿੱਖਿਆ ਅਤੇ ਉਤਕ੍ਰਿਸ਼ਟਤਾ ਕੇਂਦਰਾਂ ਵਿੱਚ ਤਬਦੀਲ ਕਰਨ ਨਾਲ ਜੁੜੀਆਂ ਪ੍ਰੇਰਣਾਦਾਇਕ ਗਾਥਾਵਾਂ ਸੁਣਾਈਆਂ।,"இந்த கலந்துரையாடலின்போது, ஆசிரியர்கள் தாங்கள் பணியாற்றிய பள்ளிக்கூடங்களை, உயர் சிறப்பு வாய்ந்த கல்வி நிறுவனங்களாக மாற்ற மேற்கொண்ட முயற்சிகளைப் பிரதமரிடம் எடுத்துரைத்தனர்.",పాఠ‌శాల‌ ల‌ను విజ్ఞానం మ‌రియు శ్రేష్ఠ‌త్వాల కేంద్రాలు గా మార్పు చేయ‌డం లో ప్రేరణాత్మకమైన వారి గాథ‌ల‌ను అవార్డు విజేతలు ప్ర‌ధాన మంత్రి స‌మ‌క్షం లో వివ‌రించారు.,وزیراعظم کے ساتھ گفت و شنید کرتے ہوئے ایوارڈ یافتگان نے اپنے اسکولوں کو تدریس اور عمدگی کے مرکز کی شکل میں لانے کے لئے اپنی جانب سے کی جانے والی کوششوں اور کاوشوں کا ذکر کیا۔
The Bharatmala scheme is aimed at improving road connectivity by constructing national corridors and highways.,ৰাষ্ট্ৰীয় সুৰক্ষা আৰু ৰাজপথ নির্মাণৰ মাধ্যমেৰে পথ সংযোগক আৰু উন্নত কৰি তুলিবলৈ ৰূপায়িত হৈছে ভাৰতমালা কাৰ্যসূচী।,জাতীয় করিডর ও মহাসড়ক নির্মাণের মাধ্যমে সড়ক সংযোগকে আরও উন্নত করে তুলতে রূপায়িত হচ্ছে ভারতমালা কর্মসূচি।,ભારતમાલા યોજનાનો હેતુ માર્ગ કનેક્ટિવિટીમાં સુધારો લાવવાનો છે અને તે માટે નેશનલ કોરીડોર અને રાજમાર્ગોનું બાંધકામ થઈ રહ્યું છે.,भारतमाला योजना का उद्देश्‍य राष्‍ट्रीय गलियारों (कॉरि‍डोर) और राजमार्गों का निर्माण कर सड़क कनेक्टिविटी को बेहतर करना है।,ರಾಷ್ಟ್ರೀಯ ಕಾರಿಡಾರ್‍ಗಳು ಹಾಗೂ ಹೆದ್ದಾರಿಗಳ ನಿರ್ಮಾಣದ ಮೂಲಕ ರಸ್ತೆ ಸಂಪರ್ಕವನ್ನು ಸುಧಾರಿಸುವುದು ಭಾರತಮಾಲಾ ಯೋಜನೆಯ ಗುರಿ.,ദേശീയ ഇടനാഴികളും ഹൈവേകളും നിര്‍മ്മിച്ച് റോഡ് കണക്റ്റിവിറ്റി മെച്ചപ്പെടുത്താന്‍ ലക്ഷ്യമിടുന്നതാണ് ഭാരത് മാല പദ്ധതി.,ভারতমালাগী পান্দমদি লম্বী–থোং ফগৎহন্নবা নেস্নেল কোরিদোরশিং অমসুং হায়ৱেশিং শেমগৎপনি।,राष्ट्रीय महामार्ग आणि कॉरिडॉर बांधकामाद्वारे रस्ते जोडणी सुधारणे हे भारतमाला योजनेचे उद्दिष्ट आहे.,ଏହା ଜାତୀୟ ରାଜପଥ ଏବଂ କରିଡ଼ୋର ନିର୍ମାଣକୁ ତ୍ୱରାନ୍ୱିତ କରିଛି ।ସାଗରମାଳା ପ୍ରକଳ୍ପରେ ଦେଶର ପ୍ରମୁଖ ବନ୍ଦରଗୁଡ଼ିକୁ ସଡ଼କ ସଂଯୋଗ କରାଯାଉଛି ।,ਭਾਰਤਮਾਲਾ ਯੋਜਨਾ ਦਾ ਉਦੇਸ਼ ਰਾਸ਼ਟਰੀ ਗਲਿਆਰਿਆਂ (ਕੌਰੀਡੋਰ) ਅਤੇ ਰਾਜਮਾਰਗਾਂ ਦਾ ਨਿਰਮਾਣ ਕਰਕੇ ਸੜਕ ਸੰਪਰਕ ਮਾਰਗ ਨੂੰ ਬਿਹਤਰ ਕਰਨਾ ਹੈ।,பாரத்மாலா எனும் திட்டம் தேசிய சரக்குப் போக்குவரத்து சாலைகள் மற்றும் நெடுஞ்சாலைகள் அமைப்பதன் மூலம் சாலை வழியானத் தொடர்புகள் மேம்பாட்டை நோக்கமாகக் கொண்டது.,"జాతీయ కారిడోర్ లను, ర‌హ‌దారులను నిర్మించ‌డం ద్వారా రహదారి సంధానాన్ని మెరుగుప‌ర‌చ‌డానికి భార‌త‌మాల ప‌థ‌కాన్ని ప్ర‌వేశ‌పెట్టాం.",بھارت مالا اسکیم کا مقصد قومی راہداریوں اور شاہراہوں کی تعمیر کے ساتھ سڑک رابطوں کو بہتر بنانا ہے ۔
The MoU covers the following areas of cooperation:,এই চুক্তিয়ে তলত উল্লিখিত ক্ষেত্ৰত সহযোগিতা আগবঢ়াবঃ,"প্রস্তাবিত চুক্তির আওতায় যে যে বিষয়ে সহযোগিতা প্রসারের কথা বলা হয়েছে,তার মধ্যে রয়েছে :",આ સમજૂતીમાં નીચે મુજબના ક્ષેત્રોને આવરી લેવામાં આવશે.,• समझौता ज्ञापन में सहयोग के निम्‍नलिखित क्षेत्र शामिल हैं:,ಒಡಂಬಡಿಕೆ ಈ ಕೆಳಗಿನ ವಿಭಾಗಗಳ ವ್ಯಾಪ್ತಿಯನ್ನು ಒಳಗೊಂಡಿದೆ.,താഴെപ്പറയുന്ന മേഖലകളിലെ സഹകരണം ധാരണാപത്രത്തിലുള്‍പ്പെടുന്നു,এম ও য়ু অসিনা মখাদা পীরিবা কোওপরেসনগী লমশিং অসি কোন্সিল্লি:-,या सामंजस्य करारात सहकार्याच्या पुढील क्षेत्रांचा समावेश आहे-,ବୁଝାମଣା ପତ୍ରରେ ସହଯୋଗ ଲାଗି ନିମ୍ନଲିଖିତ କ୍ଷେତ୍ର ସାମିଲ ରହିଛି :,ਸਹਿਮਤੀ ਪੱਤਰ ਵਿੱਚ ਹੇਠ ਲਿਖੇ ਖੇਤਰ ਸ਼ਾਮਲ ਹਨ —,இந்தப் புரிந்துணர்வு ஒப்பந்தம் கீழ்க்கண்ட துறைகளில் ஒத்துழைப்புக்கு வகை செய்கிறது.,దిగువన ప్రస్తావించిన అంశాలలో పరస్పరం సహకరించుకోవాలని ఈ ఎమ్ఒయు లో పేర్కొన్నారు :-,یہ مفاہمتی عرضداشت تعاون کے درج ذیل شعبوں پر احاطہ کریگی ۔
"At Bhilai, the Prime Minister will dedicate the modernized and expanded Bhilai Steel Plant, to the nation.",প্ৰধানমন্ত্ৰী শ্ৰী নৰেন্দ্ৰ মোদীয়ে ১৪ জুন বৃহস্পতিবাৰে চত্তীশগড় ভ্ৰমণ কৰিব৷,ভিলাইইস্পাত কারখানার আধুনিকীকরণ ও সম্প্রসারণের পর সেটি তিনি জাতির উদ্দেশে উৎসর্গ করবেন।,"ભિલાઈ ખાતે, પ્રધાનમંત્રી આધુનિક અને વિસ્તારિત ભિલાઈ સ્ટીલ પ્લાન્ટનું લોકાર્પણ કરશે.",प्रधानमंत्री श्री मोदी अपने दौरे में आधुनिक और विस्तारित भिलाई इस्पात सयंत्र राष्ट्र को समर्पित करेंगे।,"ಬಿಲಾಯ್ ನಲ್ಲಿ ಪ್ರಧಾನಿ, ಆಧುನಿಕ ಮತ್ತು ವಿಸ್ತರಿತ ಬಿಲಾಯ್ ಉಕ್ಕು ಘಟಕವನ್ನು ದೇಶಕ್ಕೆ ಸಮರ್ಪಿಸಲಿದ್ದಾರೆ.",വിപുലീകരിച്ച ഭിലായ് സ്റ്റീല്‍ പ്ലാന്റ് പ്രധാനമന്ത്രി ഭിലായില്‍ രാഷ്ട്രത്തിനായി സമര്‍പ്പിക്കും.,ভিলাইদা প্রধান মন্ত্রীনা নৌনা শেম্দোক শাদোক্তুনা হেন্না পাকথোক চাউথোকহল্লবা ভিলাই স্তিল প্লান্ত মীয়ামদাদা খুৎশিন্নগনি।,"भिलई येथे, विस्तारित आणि अद्ययावत भिलई स्टील प्लान्टचे राष्ट्रार्पण, पंतप्रधान करणार आहेत.",ଭିଲାଇରେ ପ୍ରଧାନମନ୍ତ୍ରୀ ଆଧୁନିକୀକରଣ ତଥା ବିକଶିତ ହୋଇଥିବା ଭିଲାଇ ଇସ୍ପାତ କାରଖାନାକୁ ଦେଶ ଉଦ୍ଦେଶ୍ୟରେ ଉତ୍ସର୍ଗ କରିବେ ।,ਪ੍ਰਧਾਨ ਮੰਤਰੀ ਸ਼੍ਰੀ ਮੋਦੀ ਆਪਣੇ ਦੌਰੇ ਵਿੱਚ ਆਧੁਨਿਕ ਅਤੇ ਵਿਸਤ੍ਰਿਤ (modernized and expanded) ਭਿਲਾਈ ਸਟੀਲ ਪਲਾਂਟ ਰਾਸ਼ਟਰ ਨੂੰ ਸਮਰਪਿਤ ਕਰਨਗੇ।,பிலாயில் உள்ள நவீனமயமாக்கப்பட்டு விரிவுபடுத்தப்பட்ட பிலாய் உருக்கு ஆலையை அவர் நாட்டுக்கு அர்ப்பணிக்கிறார்.,భిలాయి లో ఆధునికీక‌రించిన మ‌రియు సామ‌ర్ధ్యాన్ని విస్త‌రించిన‌టువంటి భిలాయి స్టీల్ ప్లాంటు ను దేశ ప్ర‌జ‌ల‌కు ప్ర‌ధాన మంత్రి అంకితం చేస్తారు.,بھِلائی میں وزیراعظم تجدید شدہ اور توسیع شدہ بھِلائی اسٹیل پلانٹ کو قوم کے نام وقف کریں گے۔
The Prime Minister said that 1.5 lakh Health and Wellness Centres are being constructed under Ayushman Bharat.,প্রধানমন্ত্রীয়ে কয় যে আয়ুষ্মান ভাৰত আঁচনিৰ জৰিয়তে ডেৰ লাখ স্বাস্থ্য আৰু আৰোগ্য কেন্দ্র গঢ়াৰ প্ৰচেষ্টা হৈছে।,"প্রধানমন্ত্রী জানান, আয়ুষ্মান ভারত কর্মসূচির মাধ্যমে দেড় লক্ষ স্বাস্হ্য ও রোগী কল্যাণ কেন্দ্র গড়ে তোলা হচ্ছে।",પ્રધાનમંત્રીએ જણાવ્યું કે આયુષ્માન ભારત અંતર્ગત 1.5 લાખ આરોગ્ય અને કલ્યાણ કેન્દ્રોનું નિર્માણ કરવામાં આવી રહ્યું છે.,प्रधानमंत्री ने कहा कि आयुष्मान भारत के अंतर्गत 1.5 लाख स्वास्थ्य एवं कल्याण कंेद्रों का निर्माण किया जा रहा है।,ಆಯುಷ್ಮಾನ್ ಭಾರತದಡಿ 1.5 ಲಕ್ಷ ಆರೋಗ್ಯ ಮತ್ತು ಯೋಗಕ್ಷೇಮ ಕೇಂದ್ರಗಳನ್ನು ನಿರ್ಮಿಸಲಾಗುತ್ತಿದೆ ಎಂದು ಪ್ರಧಾನಿ ಹೇಳಿದರು.,"ആയുഷ്മാന്‍ ഭാരത് പ്രകാരം 1.5 ലക്ഷം ആരോഗ്യ, ക്ഷേമ കേന്ദ്രങ്ങള്‍ നിര്‍മിച്ചുവരികയാണെന്നു പ്രധാനമന്ത്രി പറഞ്ഞു.",অয়ুশ্মান ভারতকী মখাদা হেল্থ অমদি ৱেলনেস সেন্তর লাখ ১.৫ লিংলগনি হায়না প্রধান মন্ত্রীনা লাওথোকখি।,आयुषमान भारत अंतर्गत दीड लाख आरोग्य आणि सेवा केंद्रे उभारण्यात येत असल्याचे पंतप्रधान म्हणाले.,ପ୍ରଧାନମନ୍ତ୍ରୀ କହିଲେ ଯେ ଆୟୁଷ୍ମାନ ଭାରତ କାର୍ଯ୍ୟକ୍ରମ ଜରିଆରେ ଦେଶରେ ଏବେ 1.5 ଲକ୍ଷ ସ୍ୱାସ୍ଥ୍ୟ ଓ ନିରାମୟ କେନ୍ଦ୍ର ଖୋଲାଯାଉଛି ।,ਪ੍ਰਧਾਨ ਮੰਤਰੀ ਨੇ ਕਿਹਾ ਕਿ ਆਯੁਸ਼ਮਾਨ ਭਾਰਤ ਤਹਿਤ 1.5 ਲੱਖ ਸਿਹਤ ਅਤੇ ਭਲਾਈ ਕੇਂਦਰਾਂ ਦਾ ਨਿਰਮਾਣ ਕੀਤਾ ਜਾ ਰਿਹਾ ਹੈ।,ஆயுஷ்மான் பாரத் திட்டத்தின் கீழ் 1.5 லட்சம் ஆரோக்கிய மற்றும் நல்வாழ்வு மையங்கள் அமைக்கப்படுவதாக பிரதமர் கூறினார்.,ఆయుష్మాన్ భార‌త్ లో భాగంగా 1.5 ల‌క్ష‌ల హెల్త్ అండ్ వెల్ నెస్ సెంట‌ర్ ల‌ను నిర్మిస్తున్న‌ట్లు ప్ర‌ధాన మంత్రి వెల్ల‌డించారు.,وزیر اعظم نے کہا کہ آیوشمان بھارت کے تحت 1.5 لاکھ صحت اور فلاحی مراکز تعمیر کئے جارہے ہیں۔
But more than a billion people across the globe still do not have access to electricity.,বিশ্বত এতিয়াও ১০০ কোটিতকৈও অধিক লোকৰ ওচৰলৈ বিদ্যুতৰ সুবিধা যোৱাগৈ নাই।,কিন্তু এখনও সারা বিশ্বের ১০০ কোটিরও বেশি মানুষের নাগালে বিদ্যুৎকে নিয়ে আসা সম্ভব হয়নি।,પણ દુનિયાનાં એક અબજથી વધારે લોકોને વીજળીનો પુરવઠો હજી પણ સુલભ નથી થયો.,"उन्होंने कहा कि हम अधिक ऊर्जा उपलब्धता के दौर में प्रवेश कर रहे हैं, परंतु अफसोस इस बात का है कि दुनिया में एक अरब से अधिक लोग अब भी बिजली से दूर हैं।",ಜಾಗತಿಕವಾಗಿ ಒಂದು ಬಿಲಿಯನ್ನಿಗೂ ಅಧಿಕ ಜನರು ಈಗಲೂ ವಿದ್ಯುತ್ ಪಡೆಯಲು ಶಕ್ತರಾಗಿಲ್ಲ.,എന്നാല്‍ ഭൂഗോളത്തിന്റെ വിവിധഭാഗങ്ങളിലുള്ള ശതകോടി കണക്കിന് ജനങ്ങള്‍ക്ക് ഇപ്പോഴും വൈദ്യുതി ലഭിച്ചിട്ടില്ല.,অবুদু মালেম অসিদা মৈ ফংদবা মীওই বিলিয়ন কয়া লৈরি।,मात्र आजही जगातील एक अब्जपेक्षा जास्त लोकांना वीज उपलब्ध नाही.,ମାତ୍ର ବିଶ୍ୱରେ 10 କୋଟିରୁ ଉର୍ଦ୍ଧ୍ଵ ଜନସାଧାରଣଙ୍କ ପାଖରେ ଏବେ ବି ବିଦ୍ୟୁତ ଶକ୍ତି ପହଂଚି ପାରିନାହିଁ ।,ਪਰ ਦੁਨੀਆ ਵਿੱਚ ਇੱਕ ਬਿਲੀਅਨ ਤੋਂ ਵੱਧ ਲੋਕਾਂ ਦੀ ਬਿਜਲੀ ਤੱਕ ਪਹੁੰਚ ਨਹੀਂ ਹੈ।,ஆனால் உலகளவில் 100 கோடிக்கும் மேற்பட்ட மக்களுக்கு மின்சாரம் இன்னும் கிடைக்கவில்லை.,"అయితే, ప్ర‌పంచం అంత‌టా ఒక బిలియ‌న్ క‌న్నా ఎక్కువ మంది ఇప్ప‌టికీ విద్యుత్తు స‌దుపాయానికి నోచుకోకుండానే మిగిలారు.",تاہم دنیا بھر میں ایک بلین سے زائد ایسے افراد ہیں، جن کی رسائی بجلی تک نہیں ہے۔
The Prime Minister said that the Indian entertainment industry enjoys immense popularity across the world.,বিভিন্ন আঁচনি আৰু কাৰ্যকৰী পদক্ষেপেৰে মুম্বাইক গোলকীয় বিনোদন কেন্দ্ৰ হিচাপে গঢ় দিবলৈ তেওঁলোকে প্ৰধানমন্ত্ৰীক অনুৰোধ জনায়৷,"প্রধানমন্ত্রী বলেন, সমগ্র বিশ্বেই ভারতীয় বিনোদন শিল্পের ব্যাপক জনপ্রিয়তা রয়েছে।",પ્રધાનમંત્રીએ જણાવ્યું કે ભારતીય મનોરંજન ઉદ્યોગ એ સમગ્ર વિશ્વમાં ખુબ જ ખ્યાતી પામેલ છે.,प्रधानमंत्री ने कहा की भारतीय मनोरंजन उद्योग दुनिया भऱ में लोकप्रिय है।,ಭಾರತೀಯ ಮನರಂಜನಾ ಕೈಗಾರಿಕೆ ವಿಶ್ವದಾದ್ಯಂತ ಅಪಾರ ಜನಪ್ರಿಯತೆಯನ್ನು ಗಳಿಸಿದೆ ಎಂದು ಪ್ರಧಾನಮಂತ್ರಿಯವರು ಹೇಳಿದರು.,ലോകത്തെമ്പാടും വമ്പിച്ച ജനപ്രിയത ആര്‍ജ്ജിച്ചതാണ് ഇന്ത്യയുടെ വിനോദ വ്യവസായമെന്ന് പ്രധാനമന്ത്രി പറഞ്ഞു.,"প্রধান মন্ত্রীনা হায়খি, ভারতকী হরাও-কুম্মৈইন্দস্ত্রী অসি মালেমদা মমিং চৎলি ।",भारतीय चित्रपट जगभरात अत्यंत लोकप्रिय आहेत असे पंतप्रधान यावेळी म्हणाले.,ପ୍ରଧାନମନ୍ତ୍ରୀ କହିଥିଲେ ଯେ ଭାରତୀୟ ମନୋରଞ୍ଜନ ଜଗତ ସାରା ବିଶ୍ୱରେ ଅଶେଷ ଲୋକପ୍ରିୟତା ହାସଲ କରିଛି ।,ਪ੍ਰਧਾਨ ਮੰਤਰੀ ਨੇ ਕਿਹਾ ਕਿ ਭਾਰਤੀ ਮਨੋਰੰਜਨ ਉਦਯੋਗ ਦੁਨੀਆ ਭਰ ਵਿੱਚ ਮਕਬੂਲ ਹੈ।,"பிரதமர் கூறுகையில் இந்திய பொழுது போக்குத்துறை உலக அளவில், பிரபலமாகி வருவதாகத் தெரிவித்தார்.",భార‌తీయ వినోద ప‌రిశ్ర‌మ ప్ర‌పంచ వ్యాప్తం గా బ్ర‌హ్మాండ‌మైన ప్రజాద‌ర‌ణ‌ ను క‌లిగివుంద‌ని ప్ర‌ధాన మంత్రి అన్నారు.,وزیر اعظم نے کہا کہ ہندوستان کی تفریحی صعنت ،پوری دنیا میں زبردست مقبولیت کی حامل ہے۔
"That is why the Indian Ocean has a special place in the policies of the Government, he added.",সেয়ে ভাৰতীয় সমূদ্ৰসমূহক চৰকাৰে বিশেষ গুৰুত্ব দিছে।,এই কারণেই কেন্দ্রীয় সরকারের নীতিতে একটি বিশেষ স্থানঅধিকার করে রয়েছে ভারত মহাসাগর।,આ કારણે હિંદ મહાસાગર સરકારની નીતિઓમાં વિશેષ સ્થાન ધરાવે છે.,इसलिए सरकार की नीतियों में हिंद महासागर का विशेष स्‍थान है।,ಹೀಗಾಗಿಯೇ ಹಿಂದೂ ಮಹಾಸಾಗರ ಸರ್ಕಾರದ ನೀತಿಗಳಲ್ಲಿ ವಿಶೇಷ ಸ್ಥಾನ ಪಡೆದಿದೆ ಎಂದರು.,അതുകൊണ്ടുതന്നെ ഇന്ത്യന്‍ മഹാ സമുദ്രത്തിന് ഗവണ്‍മെന്റിന്റെ നയങ്ങളില്‍ സവിശേഷമായ സ്ഥാനമുണ്ട്- പ്രധാനമന്ത്രി പറഞ്ഞു.,মরম অদুনা সরকারগী পোলিসিশিংদা ভারত মহাসাগরনা অখন্নবা মফম অমা লৈরি হায়না মহাক্না মখা তাখি ।,त्यामुळेच सरकारच्या धोरणात हिंदी महासागराला विशेष स्थान असल्याचे पंतप्रधानांनी सांगितले.,ସେଥିପାଇଁ ସରକାରଙ୍କ ନୀତି ନିର୍ଦ୍ଧାରଣରେ ଭାରତୀୟ ମହାସାଗରର ଏକ ସ୍ୱତନ୍ତ୍ର ସ୍ଥାନ ରହିଥିବାର ସେ କହିଥିଲେ ।,ਇਹ ਹੀ ਕਾਰਨ ਹੈ ਕਿ ਸਰਕਾਰ ਦੀਆਂ ਨੀਤੀਆਂ ਵਿੱਚ ਹਿੰਦ ਮਹਾਸਾਗਰ ਦੀ ਵਿਸ਼ੇਸ਼ ਜਗ੍ਹਾ ਹੈ।,"அதனால்தான், இந்திய ஆட்சி அரசியலில் இந்தியப் பெருங்கடல் முக்கிய இடத்தை வகிக்கிறது” என்றார்.",ఈ కార‌ణంగానే ప్ర‌భుత్వ విధానాల‌లో హిందూ మ‌హాస‌ముద్రానికి ఒక ప్ర‌త్యేక స్థానం ఉన్న‌ట్లు ఆయ‌న వివ‌రించారు.,یہی وجہ ہے کہ بحرہند کو ہندوستان کی پالیسیوں میں خصوصی مقام حاصل ہے ۔
PM will later address the gathering.,এই পেকেজ ঘোষণাৰ পিছতে প্ৰধানমন্ত্ৰীয়ে উপস্থিত ৰাইজক সম্বোধন কৰিব।,প্রধানমন্ত্রী এরপর সমবেত জনতার উদ্দেশে ভাষণ দেবেন।,ત્યાર બાદ પ્રધાનમંત્રી જનસભાને સંબોધિત કરશે.,बाद में प्रधानमंत्री जनसभा को संबोधित करेंगे।,ಬಳಿಕ ಪ್ರಧಾನ ಮಂತ್ರಿ ಅವರು ಸಾರ್ವಜನಿಕರನ್ನುದ್ದೇಶಿಸಿ ಮಾತನಾಡುವರು.,അതിന് ശേഷം പ്രധാനമന്ത്രി പൊതുസമ്മേളനത്തെ അഭിസംബോധന ചെയ്യും.,তুংদা প্রধান মন্ত্রীনা মীয়াম তিনবা মীফমদা ৱা ঙাংগনি।,त्यानंतर एका सभेला पंतप्रधान संबोधित करतील.,ପରେ ପ୍ରଧାନମନ୍ତ୍ରୀ ଏକ ଜନସଭାକୁ ସମ୍ବୋଧିତ କରିବେ ।,ਪ੍ਰਧਾਨ ਮੰਤਰੀ ਬਾਅਦ ਵਿੱਚ ਇਕੱਠ ਨੂੰ ਸੰਬੋਧਨ ਕਰਨਗੇ।,பிறகு அவர் மக்களிடையே உரையாற்றுவார்.,త‌ద‌నంత‌రం జ‌న స‌మూహాన్ని ఉద్దేశించి ప్ర‌ధాన మంత్రి ప్ర‌సంగిస్తారు.,بعد ازاں وزیر اعظم ایک اجتماع سے خطاب کریں گے۔
"The Prime Minister emphasized the importance of taking pride in our history, and in our rich archaeological heritage.",প্ৰধানমন্ত্ৰীয়ে আমাৰ ইতিহাসৰ গৌৰৱোজ্জল দিশবোৰত গুৰুত্বৰ লগতে আমাৰ চহকী প্ৰত্নতাত্ত্বিক ঐতিহ্যত প্ৰতি জোৰ দিয়ে।,দেশের ইতিহাস এবং সমৃদ্ধ পুরাতাত্ত্বিক ঐতিহ্য যে আমাদের গর্ব একথাও স্মরণ করিয়ে দেন প্রধানমন্ত্রী।,પ્રધાનમંત્રીએ આપણા ઈતિહાસ પર અને આપણા સમૃદ્ધ પુરાતત્વીય વારસા પર ગર્વ લેવાના મહત્વ પર ભાર મૂક્યો હતો.,प्रधानमंत्री ने अपने इतिहास तथा अपने पुरातात्विक विरासत पर गर्व करने के महत्व पर बल दिया।,"ನಮ್ಮ ಇತಿಹಾಸ, ನಮ್ಮ ಶ್ರೀಮಂತ ಪುರಾತತ್ವ ಪರಂಪರೆಯ ಬಗ್ಗೆ ಹೆಮ್ಮೆ ಪಡಬೇಕಾದ ಮಹತ್ವವನ್ನು ಪ್ರಧಾನಿ ಪ್ರತಿಪಾದಿಸಿದರು.",നമ്മുടെ ചരിത്രത്തിലും സമ്പന്നമായ പുരാവസ്തു ശാസ്ത്രത്തിലും അഭിമാനം കൊള്ളേണ്ടതിന്റെ പ്രാധാന്യം പ്രധാനമന്ത്രി എടുത്ത് പറഞ്ഞു.,ঐখোয়না ঐখোয়গী পুৱারী অমসুং ঐখোয়গী ইনাক খুল্লবা আর্ক্যোলোজিকেল হেরিতেজদা চাউথোকচবগী মরুওইবা অদুদা প্রধান মন্ত্রীনা অকনবা ৱাফম থমখি।,"भारताचा इतिहास आणि समृद्ध पुरातत्व परंपरांचा आपल्याला अभिमान असणे अत्यंत आवश्यक आहे, असे पंतप्रधान म्हणाले.",ପ୍ରଧାନମନ୍ତ୍ରୀ ଆମ ଇତିହାସ ଏବଂ ଆମ ସମୃଦ୍ଧ ପ୍ରତ୍ନତତ୍ତ୍ଵର ଐତିହ୍ୟକୁ ନେଇ ଗର୍ବ କରିବାର ଗୁରୁତ୍ୱ ଉପରେ ଜୋର ଦେଇଥିଲେ ।,ਪ੍ਰਧਾਨ ਮੰਤਰੀ ਨੇ ਸਾਡੇ ਇਤਿਹਾਸ ਅਤੇ ਸਾਡੀ ਅਮੀਰ ਪੁਰਾਤੱਤਵ ਵਿਰਾਸਤ ’ਤੇ ਮਾਣ ਕਰਨ ਦੇ ਮਹੱਤਵ ’ਤੇ ਜ਼ੋਰ ਦਿੱਤਾ।,"நமது வரலாறு குறித்தும், வளமான தொன்மையான பாரம்பரியம் குறித்தும் நாம் பெருமைப்பட வேண்டியது மிகவும் முக்கியத்துவம் வாய்ந்தது என்று உறுதிபடக் கூறினார்.",మ‌న చ‌రిత్ర ను మ‌రియు మ‌న సుసంప‌న్న‌మైన పురావ‌స్తు సంబంధ వార‌స‌త్వాన్ని చూసుకొని గ‌ర్వించడానికి ప్రాముఖ్యమివ్వాల‌ని ప్ర‌ధాన మంత్రి సుస్ప‌ష్టం చేశారు.,وزیر اعظم نے ملک کی تاریخ کو اعلیٰ مقام پر لے جانے اور آثارقدیمہ کی مالامال وراثت کو اونچا مقام دلانے کی اہمیت پر زور دیا۔
This is the seventh interaction in the series by the Prime Minister through video conference with various beneficiaries of Government schemes.,এয়া হৈছে চৰকাৰৰ বিভিন্ন আঁচনিৰ হিতাধিকাৰীৰ সৈতে ভিডিঅ’ কনফাৰেন্সযোগে প্ৰধানমন্ত্ৰীয়ে কৰা সপ্তমলানি বাৰ্তালাপ।,সরকারি প্রকল্প ও কর্মসূচিগুলির সুফলভোগীদের সঙ্গে ভিডিও কনফারেন্সের মাধ্যমে প্রধানমন্ত্রী এটি সপ্তম মতবিনিময় অনুষ্ঠান।,સરકારી યોજનાઓના વિવિધ લાભાર્થીઓ સાથે વીડિયો કોન્ફરન્સ માધ્યમથી પ્રધાનમંત્રી દ્વારા વાર્તાલાપનો આ સાતમો સંવાદ હતો.,यह सरकारी योजनाओं के विभिन्न लाभार्थियों के साथ वीडियो कॉन्फ्रेंस के जरिये प्रधानमंत्री के संवाद की श्रृंखला में सातवीं बातचीत है।,ಸರ್ಕಾರದ ವಿವಿಧ ಯೋಜನೆಗಳ ಫಲಾನುಭವಿಗಳೊಂದಿಗೆ ಪ್ರಧಾನಿಯವರು ವಿಡಿಯೋ ಸಂವಾದದ ಮೂಲಕ ನಡೆಸುತ್ತಿರುವ ಸರಣಿಯ 7ನೇ ಸಂವಾದ ಇದಾಗಿತ್ತು.,വിവിധ ഗവണ്‍മെന്റ് പദ്ധതികളുടെ ഗുണഭോക്താക്കളുമായി വീഡിയോ കോണ്‍ഫറന്‍സിംഗ് വഴി പ്രധാനമന്ത്രി നടത്തുന്ന ആശയവിനിമയ പരമ്പരയിലെ ഏഴാമത്തേതാണിത്.,মসিনা সরকারগী স্কিমশিংগী তোঙান তোঙানবা কান্নবা ফংলবা মীওইশিংগা ভিদিওগী থোংদা প্রধান মন্ত্রীগা লোইননা ৱারী শানবগী তরেৎশুবা পরিংনি।,सरकारी योजनांमधील विविध लाभार्थ्यांशी व्हिडिओ कॉन्फरन्सिंगच्या माध्यमातून संवाद साधण्याची पंतप्रधानांची ही सातवी वेळ आहे.,ଶହ ଶହ ସଂଖ୍ୟାରେ ଚାଷୀମାନେ ଏହିସବୁ କେନ୍ଦ୍ରରେ ବସି ପ୍ରଧାନମନ୍ତ୍ରୀଙ୍କ ସହ ନିଜର ଅନୁଭୂତି ବାଣ୍ଟିବା ସହ କୃଷି ସମ୍ବନ୍ଧିତ ବିଭିନ୍ନ ସମସ୍ୟାର ସମାଧାନ ପାଇଁ ଅନେକ ପ୍ରସ୍ତାବ ଦେଇଥିଲେ ।,ਇਸ ਲੜੀ ਵਿੱਚ ਪ੍ਰਧਾਨ ਮੰਤਰੀ ਦੀ ਵੀਡੀਓ ਕਾਨਫਰੰਸ ਰਾਹੀਂ ਵੱਖ-ਵੱਖ ਸਰਕਾਰੀ ਸਕੀਮਾਂ ਦੇ ਲਾਭਾਰਥੀਆਂ ਨਾਲ ਇਹ ਸੱਤਵੀਂ ਗੱਲਬਾਤ ਹੈ।,அரசின் திட்டங்கள் மூலம் பயனடைந்த பல்வேறு பயனாளிகளுடன் காணொலி காட்சி மூலம் கலந்துரையாடும் நிகழ்ச்சியின் தொடர்ச்சியாக பிரதமர் மேற்கொண்ட 7-வது காணொலி காட்சி இதுவாகும்.,ప్ర‌భుత్వ ప‌థ‌కాల‌కు చెందిన వివిధ ల‌బ్దిదారుల‌తో వీడియో కాన్ఫ‌రెన్స్ మాధ్య‌మం ద్వారా ప్ర‌ధాన మంత్రి జ‌రిపిన సంభాష‌ణ‌ల ప‌రంప‌ర‌ లో ఇది ఏడో ముఖాముఖి స‌మావేశం.,حکومت کی اسکیموں کا فائدہ اٹھانے والوں کے ساتھ ویڈیو کانفرنس کے ذریعے وزیراعظم کی گفتگو کی یہ ساتویں سیریز تھی۔
He also called upon the University to work towards overall development of these 100 villages.,একেসময়তে এই গাওঁসমূহৰ সৰ্বাংগীন উন্নয়নৰ লক্ষ্যৰে কাম কৰাৰ কথাও কয় প্রধানমন্ত্রীয়ে।,একইসঙ্গে এই গ্রামগুলির সার্বিক উন্নয়নের লক্ষ্যে কাজ করার কথাও বলেন প্রধানমন্ত্রী।,તેમણે વિશ્વવિદ્યાલયને આ તમામ 100 ગામડાઓનાં સંપૂર્ણ વિકાસ પર કામ કરવા માટેનું પણ આહ્વાન કર્યું હતું.,उन्‍होंने इन 100 गांवों के समग्र विकास के लिए विश्‍वविद्यालय का आह्वान किया।,ಆ ನೂರು ಗ್ರಾಮಗಳ ಸಮಗ್ರ ಅಭಿವೃದ್ಧಿ ನಿಟ್ಟಿನಲ್ಲಿ ವಿಶ್ವವಿದ್ಯಾಲಯ ಕಾರ್ಯೋನ್ಮುಖವಾಗಬೇಕು ಎಂದು ಪ್ರಧಾನಿ ಕರೆ ನೀಡಿದರು.,ഈ 100 ഗ്രാമങ്ങളുടെ സര്‍വ്വതോമുഖമായ വികസത്തിനായി പ്രവര്‍ത്തിക്കാനും അദ്ദേഹം ആവശ്യപ്പെട്ടു.,মহাক্না গুরুদেববু গ্লোবেল সিতিজন অমগুম শিংথাখি।,"या 100 गावांच्या समग्र विकासासाठी विद्यापीठाने पुढाकार घ्यावा, असेही ते म्हणाले.",ଏହି 100ଟି ଗ୍ରାମରେ ସାମଗ୍ରୀକ ବିକାଶ ଦିଗରେ କାର୍ଯ୍ୟ କରିବା ଲାଗି ମଧ୍ୟ ସେ ବିଶ୍ୱବିଦ୍ୟାଳୟ କର୍ତ୍ତୃପକ୍ଷଙ୍କୁ ଆହ୍ୱାନ କରିଥିଲେ ।,ਉਨ੍ਹਾਂ ਨੇ ਇਨ੍ਹਾਂ 100 ਪਿੰਡਾਂ ਦੇ ਸਮੁੱਚੇ ਵਿਕਾਸ ਲਈ ਯੂਨੀਵਰਸਿਟੀ ਨੂੰ ਸੱਦਾ ਦਿੱਤਾ।,இந்த 100 கிராமங்களின் ஒட்டுமொத்த வளர்ச்சியை நோக்கி உழைக்குமாறு அவர் பல்கலைக்கழகத்தைக் கேட்டுக்கொண்டார்.,ఈ 100 గ్రామాల స‌ర్వ‌తోముఖ వికాసం దిశ‌గా ప‌ని చేయ‌వ‌ల‌సిందిగా విశ్వవిద్యాలయానికి ఆయ‌న పిలుపునిచ్చారు.,انہوں نے یونیورسٹی پر زور دیا کہ وہ ان 100 گاؤوں کی مجموعی ترقی کے لئے کام کریں۔
"He inaugurated the Luwangpokpa Multi Sports Complex, the Rani Gaidinliu Park, and other important development projects.",তেওঁ ৰানী গাইদিনলু পার্কত লুয়াংপোকপা মাল্টি স্পর্টছ কমপ্লেক্স তথা আৰু একাধিক উন্নয়নমুলক প্রকল্পৰো উদ্বোধন কৰে।,তিনি রানী গাইদিঁলু পার্কে লুয়াংপোকপা মাল্টি স্পোর্টসকমপ্লেক্সের এবং আরও কয়েকটি উন্নয়ন প্রকল্পের উদ্বোধন করেন।,"તેમણે લુંવાંગપોક્પા મલ્ટી સ્પોર્ટ્સ કોમ્પલેક્સ, રાણી ગાઈદીન્લ્યું પાર્ક અને અન્ય અગત્યનાં વિકાસ કાર્યોનો પણ પ્રારંભ કરાવ્યો.","उन्‍होंने लुआंगपोकपा बहु-क्रीड़ा परिसर, रानी गाइदिन्‍ल्‍यू पार्क तथा अन्‍य महत्‍वपूर्ण विकास परियोजनाओं का उद्घाटन किया।","ಲುವಾಂಗ್ ಪೋಕಾ ಬಹು ಕ್ರೀಡಾ ಸಮುಚ್ಛಯ, ರಾಣಿ ಗೈಡಿಂಲಿಯು ಉದ್ಯಾನ ಮತ್ತು ಇತರ ಮಹತ್ವದ ಅಭಿವೃದ್ಧಿ ಯೋಜನೆಗಳನ್ನು ಪ್ರಧಾನಿ ಉದ್ಘಾಟಿಸಿದರು.","ലുവാംഗ്‌പോക്പ ബഹുകായിക സമുച്ചയം, റാണി ഗൈദിന്‍ലിയും, പാര്‍ക്ക് മറ്റു പ്രധാന വികസന പദ്ധതികള്‍ എന്നിവ പ്രധാനമന്ത്രി ഉദ്ഘാടനം ചെയ്തു.","মহাক্না লুৱাংপোকপা মল্তি স্পোর্তস কমপ্লেক্স, রানি গাইদিনল্যু পার্ক অমসুং অতোপ্পা দিবেলপমেন্ত প্রোজেক্তশিং শঙ্গাখি।","त्यांनी लुवांगपोकपा इथले बहुक्रीडा संकुल, रानी गायदिनल्यु पार्क आणि इतर प्रकल्पांचा शुभारंभ केला.","ପ୍ରଧାନମନ୍ତ୍ରୀ ଲୁୱାଙ୍ଗପୋକ୍ପା ବହୁମୂଖୀ କ୍ରୀଡା ପରିସର, ରାଣୀ ଗାଇଡିନଲିଉ ପାର୍କ ଏବଂ ଅନ୍ୟ କେତେକ ଗୁରୁତ୍ୱପୂର୍ଣ୍ଣ ବିକାଶ ପ୍ରକଳ୍ପର ଶୁଭାରମ୍ଭ କରିଛନ୍ତି ।","ਉਨ੍ਹਾਂ ਨੇ ਲੁਆਂਗਪੋਕਪਾ ਮਲਟੀ ਸਪੋਰਟਸ ਕੰਪਲੈਕਸ, ਰਾਣੀ ਗੈਡਿਨਲਿਊ ਪਾਰਕ ਅਤੇ ਹੋਰ ਅਹਿਮ ਪ੍ਰੋਜੈਕਟਾਂ ਦਾ ਉਦਘਾਟਨ ਕੀਤਾ।","லுவாங்போக்பா பல்விளையாட்டு வளாகம், ராணி காய்டின்லீயூ பூங்கா, மற்றும் இதர முக்கிய மேம்பாட்டுத் திட்டங்களை பிரதமர் தொடங்கி வைத்தார்.","లువాంగ్ పోక్ పా మ‌ల్టి స్పోర్ట్స్ కాంప్లెక్స్ ను, రాణి గైడిన్‌లియూ పార్కు ను, మరియు ఇత‌ర ముఖ్య‌మైన అభివృద్ధి ప‌థ‌కాల‌ను ఆయ‌న ప్రారంభించారు.",انہوں نے لوانگ پوکپا ملٹی اسپورٹس کمپلیکس، رانی گیدِن لیو پارک اور دیگر اہم ترقیاتی پروجیکٹوں کا افتتاح کیا۔
Prime Minister Modi said that Defence Cooperation is a key pillar of the relationship between India and Japan.,প্ৰধানমন্ত্ৰী মোদীয়ে কয় যে ভাৰত আৰু জাপানৰ মাজৰ সম্পৰ্কত প্ৰতিৰক্ষা সহযোগিতা এক মুল স্তম্ভ।,"প্রধানমন্ত্রী মোদী বলেন, ভারত ও জাপানের সম্পর্কের ক্ষেত্রে প্রতিরক্ষা সহযোগিতা একটি গুরুত্বপূর্ণ স্তম্ভ।","પ્રધાનમંત્રી મોદીએ કહ્યું હતું કે, ભારત અને જાપાન વચ્ચે સંરક્ષણ ક્ષેત્રમાં સંબંધો મુખ્ય આધારસ્તંભ છે.","प्रधानमंत्री श्री मोदी ने कहा कि रक्षा संबंध, भारत और जापान के बीच एक महत्वपूर्ण स्तंभ है।",ಭಾರತ ಮತ್ತು ಜಪಾನ್ ನಡುವಿನ ಬಾಂಧವ್ಯದಲ್ಲಿ ರಕ್ಷಣಾ ಸಹಕಾರ ಪ್ರಮುಖ ಆಧಾರಸ್ತಂಭವಾಗಿದೆ ಎಂದು ಪ್ರಧಾನ ಮಂತ್ರಿ ಶ್ರೀನರೇಂದ್ರ ಮೋದಿ ಹೇಳಿದರು.,ഇന്ത്യയും ജപ്പാനും തമ്മിലുള്ള ബന്ധത്തില്‍ പ്രതിരോധ സഹകരണം ഒരു മുഖ്യ സ്തംഭമാണെന്ന് പ്രധാനമന്ത്രി ശ്രീ.,প্র্ধান মন্ত্রী মোদীনা হায়খি মদুদি ঙাক-শেলগী তেংবাং পীনবা অসি ভারত অমসুং জাপানগী মরিগী মরু ওইরবা য়ুম্বী অমনি।,संरक्षण सहकार्य हा भारत आणि जपान यांच्यातल्या सहकार्याचा मुख्य स्तंभ असल्याचे पंतप्रधानांनी सांगितले.,ପ୍ରଧାନମନ୍ତ୍ରୀ ମୋଦୀ କହିଲେ ଯେ ଭାରତ ଓ ଜାପାନ ସମ୍ପର୍କ ମଧ୍ୟରେ ପ୍ରତିରକ୍ଷା ହେଉଛି ଏକ ପ୍ରମୁଖ ସ୍ତମ୍ଭ ।,ਪ੍ਰਧਾਨ ਮੰਤਰੀ ਮੋਦੀ ਨੇ ਕਿਹਾ ਕਿ ਰੱਖਿਆ ਸਹਿਯੋਗ ਭਾਰਤ ਅਤੇ ਜਪਾਨ ਦਰਮਿਆਨ ਰਿਸ਼ਤੇ ਦਾ ਪ੍ਰਮੁੱਖ ਥੰਮ੍ਹ ਹੈ।,இந்தியாவுக்கும் – ஜப்பானுக்கும் இடையேயான உறவுகளில் பாதுகாப்பு ஒத்துழைப்பு முக்கிய தூணாக உள்ளது என்று பிரதமர் திரு. மோடி கூறினார்.,"భార‌త‌దేశానికి, జ‌పాన్ కు మ‌ధ్య ఉన్న‌టువంటి భాగ‌స్వామ్యానికి ర‌క్ష‌ణ రంగ స‌హ‌కారం ఒక కీల‌క‌మైన స్తంభం గా ఉన్న‌ట్లు ప్ర‌ధాన మంత్రి పేర్కొన్నారు.",وزیراعظم مودی نے کہا کہ دفاعی تعاون بھارت اور جاپان کے درمیان رشتے کا ایک کلیدی ستون ہے۔
"All leading agencies such as IMF, World Bank, and ADB are estimating India to grow at 7 to 8 percent in the near future.","আইএমএফ, বিশ্ব বেংক আৰু এছিয়া উন্নয়ন বেংকে প্ৰকাশ কৰা মতে অদূৰ ভবিষ্যতে ভাৰতৰ বৃদ্ধি হাৰ ৭-৮ শতাংশলৈ উন্নীত হ’ব বুলি অনুমান কৰা হৈছে।","আইএমএফ, বিশ্ব ব্যাঙ্ক এবং এশীয় উন্নয়ন ব্যাঙ্কের পক্ষ থেকে অদূর ভবিষ্যতেভারতের বৃদ্ধি হার ৭-৮ শতাংশে পৌঁছে যাবে বলে অনুমান করা হয়েছে।","આઈએમએફ, વિશ્વ બેંક અને એશિયન ડેવલપમેન્ટ બેંક જેવી અગ્રણી એજન્સીઓનો એવો અંદાજ છે કે નજીકના ભવિષ્યમાં ભારત 7 થી 8 ટકાના દરે વૃદ્ધિ પામશે.","सभी प्रमुख एजेंसियां जैसे – अंतर्राष्‍ट्रीय मुद्रा कोष, विश्‍व बैंक और एशियाई विकास बैंक (एडीबी) ने निकट भविष्‍य में भारत की विकास दर 7 से 8 प्रतिशत होने का अनुमान लगाया है।","ಎಲ್ಲ ಪ್ರಮುಖ ಸಂಸ್ಥೆಗಳು ಅಂದರೆ ಐ.ಎಂ.ಎಫ್, ವಿಶ್ವಬ್ಯಾಂಕ್ ಮತ್ತು ಎಡಿಬಿ ಭಾರತವು ಹತ್ತಿರದ ಭವಿಷ್ಯದಲ್ಲಿ ಶೇ.7ರಿಂದ 8ರ ದರದಲ್ಲಿ ವೃದ್ಧಿ ಸಾಧಿಸಲಿದೆ ಎಂದು ಅಂದಾಜು ಮಾಡಿವೆ.","അന്താരാഷ്ട്ര നാണയ നിധി, ലോക ബാങ്ക്, ഏഷ്യന്‍ വികസന ബാങ്ക്, തുടങ്ങിയ എല്ലാ പ്രമുഖ ഏജന്‍സികളും സമീപ ഭാവിയില്‍ ഇന്ത്യയുടെ വളര്‍ച്ചാ നിരക്ക് 7 മുതല്‍ 8 ശതമാനം വരെ ഉയരുമെന്ന് അഭിപ്രായപ്പെട്ടിട്ടുണ്ട്.","লৈবাক কয়াগী কমিতিগী রেস্পোনসিবল গ্লোবেল মেম্বর অমা ওইবনা ক্লাইমেৎ চেঞ্জ থেংনবা, মৈখু থাদোকপা লাকশিন্নবা ভারতনা ৱারেপ লৌখ্রে।","नजीकच्या काळात भारताचा विकास दर ७ ते ८ टक्के राहील असा अंदाज आंतरराष्ट्रीय नाणेनिधी, जागतिक बँक आणि आशियाई विकास बँकेसारख्या सर्व आघाडीच्या संस्थांनी व्यक्त केला आहे.","ନିକଟ ଭବିଷ୍ୟତରେ ଭାରତ 7 ରୁ 8 ପ୍ରତିଶତ ହାରରେ ଅଭିବୃଦ୍ଧି ହାସଲ କରିବ ବୋଲି ଆଇଏମଏଫ, ବିଶ୍ୱ ବ୍ୟାଙ୍କ ଏବଂ ଏସୀୟ ଉନ୍ନୟନ ବ୍ୟାଙ୍କ ଭଳି ଅଗ୍ରଣୀ ସଂସ୍ଥା ଆକଳନ କରିଛନ୍ତି ।","ਸਾਰੀਆਂ ਪ੍ਰਮੁੱਖ ਏਜੰਸੀਆਂ ਜਿਵੇਂ ਅੰਤਰਰਾਸ਼ਟਰੀ ਮੁਦਰਾ ਕੋਸ਼, ਵਿਸ਼ਵ ਬੈਂਕ ਅਤੇ ਏਸ਼ਿਆਈ ਵਿਕਾਸ ਬੈਂਕ (ਏਡੀਵੀ) ਨੇ ਨਜ਼ਦੀਕੀ ਭਵਿੱਖ ਵਿੱਚ ਭਾਰਤ ਦੀ ਵਿਕਾਸ ਦਰ 7 ਤੋਂ 8 ਪ੍ਰਤੀਸ਼ਤ ਹੋਣ ਦਾ ਅਨੁਮਾਨ ਲਗਾਇਆ ਹੈ।","சர்வதேசப் பண நிதியம், உலக வங்கி, ஆசிய மேம்பாட்டு வங்கி போன்ற அனைத்து முன்னணி அமைப்புகளும் இந்தியாவின் வளர்ச்சியை வரும்காலத்தில் 7 முதல் 8 சதவீதமாக இருக்கும் என மதிப்பீடு செய்துள்ளன.","ఆ మేరకు సమీప భవిష్యత్తులోనే భారతదేశం 7 నుండి 8 శాతం వృద్ధిని నమోదు చేస్తుందని అంతర్జాతీయ ద్రవ్య నిధి, ప్రపంచ బ్యాంకు, ఆసియా అభివృద్ధి బ్యాంకు ల వంటి అగ్ర ఆర్థిక, ద్రవ్య విధాన సంస్థలన్నీ అంచనా వేస్తున్నాయి.",تمام رہنما ایجنسیاں جیسے آئی ایم ایف، عالمی بینک اور اے ڈی بی، مستقبل قریب میں ہندوستان کی شرح ترقی کا 7 سے 8 فیصد ہونے کا امکان لگا رہی ہیں۔
"Speaking about the vision of holistic transformation of health sector, Prime Minister said that the approach of the Government is ‘No Silos- Only Solutions’.",প্ৰধানমন্ত্ৰীৰ সৈতে মতবিনিময়ত উপভোক্তাসকলে সন্তুষ্টি ব্যক্ত কৰে যে তেওঁলোকে জন ঔষধি কেন্দ্ৰৰ পৰা উন্নত মানদণ্ডৰ ঔষধ লাভ কৰি আছে৷ ঔষধৰ মূল্য কম হোৱাৰ বাবে তেওঁলোকে ধন ৰাহি কৰিবলৈ সক্ষম হোৱা বুলিও উপভোক্তাসকলে মত ব্যক্ত কৰে৷,"স্বাস্থ্যক্ষেত্রে সার্বিক রূপান্তর সম্বন্ধে সরকারের ভাবনা-চিন্তার বিষয়ে প্রধানমন্ত্রী বলেন, এই সরকার স্বচ্ছতার সঙ্গে কাজ করার পদ্ধতি অবলম্বন করে সমস্যার সমাধানে আগ্রহী।",આરોગ્ય ક્ષેત્રના સર્વગ્રાહી પરિવર્તનના ખ્યાલ અંગે જાણકારી આપતાં પ્રધાનમંત્રીએ જણાવ્યું હતું કે સરકારનો અભિગમ માત્ર વાતો કરવાનો નહીં પરંતુ સમાધાન પુરું પાડવાનો છે.,स्‍वास्‍थ्‍य क्षेत्र में व्‍यापक बदलाव लाने की सोच का जिक्र करते हुए प्रधानमंत्री ने कहा कि इस बारे में सरकार की सोच सिर्फ एक दायरे में सिमट कर रहने के बजाए व्यापक स्तर पर समाधान ढूढने का है।,"ಆರೋಗ್ಯ ವಲಯದಲ್ಲಿ ಸಮಗ್ರ ಬದಲಾವಣೆಯ ದೂರದೃಷ್ಟಿಯ ಕುರಿತಂತೆ ಮಾತನಾಡಿದ ಪ್ರಧಾನಮಂತ್ರಿ ಅವರು, ತಮ್ಮ ಸರ್ಕಾರದ ಧೋರಣೆಯೆಂದರೆ ‘ಬರಿ ಹಗೆತನವಲ್ಲ-ಕೇವಲ ಪರಿಹಾರಗಳು’ ಎಂಬುದಾಗಿದೆ.","ആരോഗ്യ മേഖലയുടെ സമഗ്രമായ പരിവര്‍ത്തനത്തിനായുള്ള ദര്‍ശനത്തെക്കുറിച്ച് പറയവെ, വേലിക്കെട്ടുകളില്ല – പരിഹാരങ്ങള്‍ മാത്രം എന്നതാണ് ഗവണ്‍മെന്റിന്റെ സമീപനമെന്ന് പ്രധാനമന്ത്രി വ്യക്തമാക്കി.",হৌখিবা চহী মরি মখায় অসিদা অনৌবা এইম্স ১৫ শেমগৎ-শাগৎখ্রে নত্ত্রগা শেমগৎ-শাগৎপগী থবক চত্থরি অমদি মেদিকেল সেক্তরদা এম.বি.বি.এস.,आरोग्य क्षेत्राच्या सर्वंकष परिवर्तनाविषयी बोलताना पंतप्रधान म्हणाले की केवळ उपाय हाच सरकारचा दृष्टीकोन आहे.,ସ୍ୱାସ୍ଥ୍ୟ କ୍ଷେତ୍ରରେ ସାମଗ୍ରୀକ ପରିବର୍ତ୍ତନ ଆଣିବା ଲାଗି ସଂକଳ୍ପ ବିଷୟରେ ପ୍ରଧାନମନ୍ତ୍ରୀ କହିଥିଲେ ଯେ ସରକାରଙ୍କ ଆଭିମୁଖ୍ୟ ହେଉଛି “ଶୂନ୍ୟତା ନୁହେଁ–କେବଳ ସମାଧାନ” ।,"ਸਿਹਤ ਖੇਤਰ ਵਿੱਚ ਵਿਆਪਕ ਬਦਲਾਅ ਲਿਆਉਣ ਦੀ ਸੋਚ ਦਾ ਜ਼ਿਕਰ ਕਰਦਿਆਂ,ਪ੍ਰਧਾਨ ਮੰਤਰੀ ਨੇ ਕਿਹਾ ਕਿ ਇਸ ਬਾਰੇ ਸਰਕਾਰ ਦੀ ਸੋਚ ਸਿਰਫ ਇੱਕ ਦਾਇਰੇ ਵਿੱਚ ਸਿਮਟ ਕੇ ਰਹਿਣ ਦੀ ਬਜਾਏ ਵਿਆਪਕ ਪੱਧਰ ‘ਤੇ ਸਮਾਧਾਨ ਲੱਭਣ ਦੀ ਹੈ ।",சுகாதாரத் துறையின் முழுமையான மாற்றம் குறித்த தொலைநோக்கு பற்றிப் பேசிய பிரதமர் இந்த விஷயத்தில் “தள்ளிப்போடுவதல்ல தீர்வுகளைத் தருவதே” என்பதே அரசின் அணுகுமுறையாக இருந்து வருகிறது என்று குறிப்பிட்டார்.,"ఆరోగ్య రంగం లో సంపూర్ణ మార్పు కు సంబంధించిన దార్శ‌నిక‌త ను గురించి ప్ర‌ధాన మంత్రి వివరిస్తూ, ‘అడ్డుగోడ‌లు వద్దు- ప‌రిష్కారాలు కావాలి’ అనే వైఖ‌రి ప్ర‌భుత్వానిది అని వివ‌రించారు.",صحت کے شعبے میں وسیع تبدیلی لانے کی فکر کا ذکر کرتے ہوئے وزیراعظم نے کہا کہ اس بار میں حکومت کی سوچ صرف ایک دائرے میں سمٹ کر رہنے کے بجائے وسیع سطح پر حل تلاش کرنے کی ہے۔
"The Prime Minister said that besides the National War Memorial, the National Police Memorial has also been established.",দীর্ঘদিন ধৰি পৰি থকা সেনাবাহিনীৰ স্বার্থজড়িত যিবোৰ বিষয়বোৰৰ ক্ষেত্ৰত দ্রুত সিদ্ধান্ত গ্ৰহণ কৰা হৈছে বুলিও তেওঁ সদৰি কৰে৷,"প্রধানমন্ত্রী বলেন, জাতীয় যুদ্ধ স্মারকের পাশাপাশি, জাতীয় পুলিশ স্মারকও গড়ে তোলা হয়েছে।","પ્રધાનમંત્રીએ કહ્યું હતું કે, રાષ્ટ્રીય યુદ્ધ સ્મારક ઉપરાંત રાષ્ટ્રીય પોલીસ સ્મારકની પણ સ્થાપના કરવામાં આવી છે.",प्रधानमंत्री ने कहा कि राष्‍ट्रीय युद्ध स्मार‍क के अतिरिक्‍त राष्‍ट्रीय पुलिस स्‍मार‍क की भी स्‍थापना की गई है।,"ರಾಷ್ಟ್ರೀಯ ಯುದ್ಧ ಸ್ಮಾರಕವಲ್ಲದೆ, ರಾಷ್ಟ್ರೀಯ ಪೊಲೀಸ್ ಸ್ಮಾರಕವನ್ನೂ ಸಹ ಸ್ಥಾಪಿಸಲಾಗಿದೆ ಎಂದು ಪ್ರಧಾನಮಂತ್ರಿ ಹೇಳಿದರು.",ദേശീയ യുദ്ധസ്മാരകത്തിന് പുറമെ ദേശീയ പോലീസ് സ്മാകരവും സ്ഥാപിച്ചതായി പ്രധാനമന്ത്രി പറഞ്ഞു.,"প্রধান মন্ত্রীনা হায়খি, নেস্নেল ৱার মেমোরিয়েলগী মথক্ত, নেস্নেল পুলিস মেমোরিয়েলসু লিংখৎলে।","पंतप्रधान म्हणाले की, राष्ट्रीय युद्ध स्मारकाशिवाय राष्ट्रीय पोलीस स्मारकाचीही उभारणी करण्यात आली आहे.",ରାଷ୍ଟ୍ରୀୟ ଯୁଦ୍ଧ ସ୍ମାରକ ଭଳି ଜାତୀୟ ପୁଲିସ ସ୍ମାରକ ମଧ୍ୟ ନିର୍ମାଣ ହୋଇଛି ।,ਪ੍ਰਧਾਨ ਮੰਤਰੀ ਨੇ ਕਿਹਾ ਕਿ ਰਾਸ਼ਟਰੀ ਯੁੱਧ ਸਮਾਰਕ ਤੋਂ ਇਲਾਵਾ ਰਾਸ਼ਟਰੀ ਪੁਲਿਸ ਸਮਾਰਕ ਦੀ ਵੀ ਸਥਾਪਨਾ ਕੀਤੀ ਗਈ ਹੈ ।,தேசியப் போர் நினைவுச் சின்னம் உள்பட தேசியக் காவலர்கள் நினைவுச்சின்னமும் அமைக்கப்பட்டுள்ளது என்று பிரதமர் கூறினார்.,జాతీయ యుద్ధ స్మారకానికి తోడు జాతీయ పోలీసు స్మారకాన్ని కూడా స్థాపించినట్లు ప్ర‌ధాన మంత్రి చెప్పారు.,وزیراعظم نے کہا کہ قومی وار میموریل کے اضافی قومی پولیس میموریل بھی قائم کیا گیا ہے۔
